customer_id,signup_date,age,monthly_visits,avg_session_min,cart_adds,purchase_count,return_rate,discount_usage,days_since_last_visit,device_type,membership,region,preferred_category,contact_channel,customer_segment
CUST-000001,2022-04-05,34.0,8,7.15,5,4,0.023,0.296,20.8,mobile,Basic,Daegu,fashion,email,Loyal
CUST-000002,2022-04-30,40.0,11,13.56,5,6,0.064,0.225,23.7,desktop,Basic,Seoul,electronics,email|sms,Bargain
CUST-000003,2023-03-07,32.0,5,12.45,2,5,0.095,0.576,1.9,mobile,Basic,Gyeonggi,home,email,Loyal
CUST-000004,2023-06-21,49.0,9,32.01,8,1,0.102,0.647,7.7,mobile,Silver,Gyeonggi,fashion,push,Explorer
CUST-000005,2026-04-12,49.0,8,24.78,5,4,0.198,0.561,11.3,mobile,Gold,Seoul,home,email|push,Loyal
CUST-000006,2026-05-11,24.0,3,30.54,5,2,0.355,0.555,23.6,mobile,Silver,Busan,fashion,email|sms,Explorer
CUST-000007,2023-11-02,50.0,10,29.63,7,5,0.236,0.408,20.1,mobile,Basic,Seoul,fashion,email,Explorer
CUST-000008,2023-11-06,40.0,5,5.88,5,1,0.29,0.709,9.0,mobile,Basic,Gyeonggi,home,push,Bargain
CUST-000009,2026-05-01,59.0,7,16.78,9,5,0.094,0.092,4.8,mobile,Basic,Seoul,electronics,email|sms,Explorer
CUST-000010,2024-04-08,29.0,9,12.58,5,3,0.026,0.176,6.9,desktop,Silver,Busan,sports,email|push,Explorer
CUST-000011,2023-08-21,36.0,7,14.98,6,1,0.085,0.624,12.9,mobile,Silver,Seoul,home,push,Bargain
CUST-000012,2022-05-19,48.0,8,26.94,5,5,0.035,0.771,18.9,mobile,Silver,Busan,sports,sms,Bargain
CUST-000013,2022-03-30,59.0,6,32.91,8,4,0.253,0.28,2.9,tablet,Silver,Seoul,beauty,email,Explorer
CUST-000014,2022-07-18,28.0,9,13.19,14,7,0.2,0.252,3.0,desktop,Basic,Gyeonggi,fashion,sms,Loyal
CUST-000015,2025-07-13,64.0,6,20.65,5,3,0.096,0.18,14.2,mobile,Basic,Busan,fashion,email,Explorer
CUST-000016,2025-01-05,46.0,9,9.68,5,4,0.17,0.447,17.7,desktop,Basic,Seoul,beauty,email|push,Explorer
CUST-000017,2024-11-28,51.0,12,32.9,10,4,0.087,0.054,5.6,mobile,Basic,Seoul,beauty,sms,Explorer
CUST-000018,2023-12-16,27.0,9,36.51,4,5,0.154,0.529,7.0,mobile,Gold,Gyeonggi,electronics,push|sms,Loyal
CUST-000019,2022-01-17,38.0,9,7.44,5,2,0.025,0.242,20.2,mobile,Silver,Seoul,beauty,email|sms,Loyal
CUST-000020,2022-04-18,35.0,12,11.44,8,3,0.075,0.696,6.5,tablet,Basic,Seoul,beauty,sms,Bargain
CUST-000021,2023-10-11,45.0,6,7.74,3,4,0.302,0.33,18.0,desktop,Gold,Gyeonggi,home,push|sms,Loyal
CUST-000022,2025-06-01,34.0,13,8.18,11,5,0.205,0.339,7.9,mobile,Gold,Gyeonggi,home,email,Loyal
CUST-000023,2025-01-03,40.0,15,10.5,9,3,0.021,0.742,25.9,desktop,Basic,Gyeonggi,fashion,email,Bargain
CUST-000024,2023-12-03,37.0,15,17.3,5,6,0.363,0.105,4.6,mobile,Basic,Seoul,beauty,email|push,Explorer
CUST-000025,2024-02-21,55.0,11,33.73,5,3,0.127,0.51,25.7,mobile,Basic,Gyeonggi,home,sms,Explorer
CUST-000026,2025-09-25,33.0,8,21.72,4,4,0.019,0.678,3.0,mobile,Basic,Gyeonggi,home,email,Loyal
CUST-000027,2025-10-22,22.0,5,6.3,6,2,0.038,0.32,2.9,mobile,Gold,Seoul,home,email|sms,Loyal
CUST-000028,2024-03-23,18.0,10,20.34,8,4,0.192,0.55,41.7,desktop,Basic,Seoul,beauty,sms,Explorer
CUST-000029,2026-01-14,36.0,8,54.44,7,7,0.115,0.217,21.9,desktop,Basic,Gyeonggi,fashion,push|sms,Explorer
CUST-000030,2022-07-27,65.0,6,9.66,4,2,0.077,0.69,23.2,desktop,Gold,Seoul,sports,email,Explorer
CUST-000031,2022-11-08,38.0,13,20.01,6,1,0.317,0.332,11.0,desktop,Gold,Seoul,electronics,push,Explorer
CUST-000032,2025-01-17,27.0,9,18.31,8,4,0.266,0.318,6.3,mobile,Basic,Seoul,electronics,sms,Explorer
CUST-000033,2023-12-15,26.0,10,15.71,7,2,0.103,0.326,12.3,mobile,Basic,Gyeonggi,fashion,push,Bargain
CUST-000034,2026-06-23,44.0,8,17.1,5,4,0.138,0.564,4.7,desktop,Basic,Gyeonggi,home,email,Bargain
CUST-000035,2025-05-29,42.0,9,26.14,5,5,0.138,0.245,5.5,mobile,Basic,Daejeon,beauty,email|sms,Explorer
CUST-000036,2022-11-09,32.0,10,20.27,4,5,0.091,0.3,18.7,mobile,Basic,Busan,beauty,email,Explorer
CUST-000037,2023-07-30,35.0,4,25.32,5,2,0.102,0.564,9.1,mobile,Basic,Busan,fashion,email,Bargain
CUST-000038,2025-07-08,40.0,9,20.94,10,7,0.097,0.698,6.6,mobile,Silver,Gyeonggi,fashion,sms,Explorer
CUST-000039,2023-02-28,35.0,5,19.14,4,5,0.069,0.712,8.1,desktop,Basic,Seoul,beauty,email|sms,Bargain
CUST-000040,2025-05-24,18.0,12,6.5,10,4,0.167,0.531,7.3,desktop,Basic,Daegu,fashion,email,Bargain
CUST-000041,2024-11-07,45.0,8,7.7,9,1,0.183,0.765,4.5,mobile,Basic,Seoul,electronics,sms,Bargain
CUST-000042,2024-11-14,38.0,9,18.88,5,3,0.221,0.888,27.7,mobile,Gold,Gyeonggi,sports,push,Bargain
CUST-000043,2025-04-03,37.0,6,38.39,7,7,0.135,0.129,8.7,desktop,Silver,Busan,electronics,email|sms,Explorer
CUST-000044,2022-11-16,40.0,11,27.54,8,5,0.108,0.422,10.6,mobile,Basic,Gyeonggi,home,email|push|sms,Bargain
CUST-000045,2024-05-04,44.0,6,30.93,4,5,0.476,0.19,16.4,desktop,Basic,Gyeonggi,fashion,email|sms,Bargain
CUST-000046,2025-10-17,35.0,10,9.0,2,5,0.439,0.55,7.1,desktop,Silver,Busan,fashion,push,Bargain
CUST-000047,2022-08-22,31.0,6,37.42,6,6,0.056,0.796,8.6,desktop,Silver,Seoul,beauty,email,Bargain
CUST-000048,2025-09-04,35.0,10,6.37,5,6,0.139,0.205,9.6,mobile,Silver,Gyeonggi,beauty,email,Explorer
CUST-000049,2023-06-17,57.0,13,10.4,3,5,0.075,0.655,32.9,mobile,Basic,Seoul,electronics,push|sms,Bargain
CUST-000050,2025-04-27,29.0,9,22.07,3,2,0.563,0.209,5.2,desktop,Basic,Daejeon,fashion,email,Explorer
CUST-000051,2024-03-06,38.0,6,2.68,8,6,0.336,0.048,16.6,desktop,Silver,Seoul,electronics,email|sms,At_Risk
CUST-000052,2026-01-06,27.0,8,9.29,10,1,0.086,0.558,14.8,desktop,Silver,Gyeonggi,electronics,push|sms,Bargain
CUST-000053,2024-11-19,29.0,12,20.45,9,3,0.368,0.572,8.2,desktop,Basic,Daejeon,home,push,Bargain
CUST-000054,2025-12-14,39.0,7,37.83,4,2,0.323,0.316,21.4,tablet,Basic,Busan,electronics,sms,Explorer
CUST-000055,2024-09-17,36.0,10,23.0,3,3,0.022,0.586,45.6,desktop,Gold,Gyeonggi,home,email|push|sms,Explorer
CUST-000056,2024-07-14,44.0,7,12.15,3,5,0.059,0.32,6.4,desktop,Basic,Gyeonggi,home,email|sms,Bargain
CUST-000057,2025-06-17,52.0,10,33.63,6,6,0.067,0.478,26.4,desktop,Basic,Gyeonggi,fashion,email|push,Explorer
CUST-000058,2024-09-28,33.0,10,21.9,4,7,0.043,0.657,4.3,mobile,Gold,Seoul,beauty,push|sms,Bargain
CUST-000059,2026-02-12,32.0,4,8.84,4,4,0.091,0.563,12.7,mobile,Basic,Daejeon,beauty,email,Explorer
CUST-000060,2026-04-19,36.0,4,13.77,5,5,0.332,0.435,2.7,mobile,Silver,Seoul,electronics,email,Bargain
CUST-000061,2022-11-18,40.0,7,6.25,2,3,0.053,0.25,20.0,mobile,Basic,Gyeonggi,home,email|push|sms,Explorer
CUST-000062,2024-07-08,44.0,8,17.35,5,2,0.138,0.696,9.2,mobile,Basic,Busan,fashion,sms,Bargain
CUST-000063,2025-03-17,27.0,9,6.61,8,2,0.167,0.61,20.9,tablet,Basic,Busan,home,sms,Bargain
CUST-000064,2022-12-29,41.0,10,7.85,5,1,0.039,0.457,20.2,mobile,Basic,Daegu,fashion,email|push,Bargain
CUST-000065,2024-11-18,52.0,10,10.78,4,0,0.027,0.475,35.1,mobile,Gold,Seoul,beauty,email,Bargain
CUST-000066,2023-10-29,35.0,13,17.17,4,6,0.185,0.482,5.6,mobile,Basic,Gyeonggi,beauty,email,Bargain
CUST-000067,2025-01-24,,8,6.16,8,3,0.066,0.529,12.0,mobile,Basic,Busan,home,push,Bargain
CUST-000068,2023-06-30,32.0,8,7.41,9,3,0.179,0.342,14.5,mobile,Silver,Gyeonggi,sports,sms,Bargain
CUST-000069,2026-06-19,40.0,12,26.71,9,2,0.153,0.406,4.6,mobile,Gold,Seoul,beauty,email,Bargain
CUST-000070,2025-07-19,48.0,4,13.05,5,3,0.338,0.517,15.7,desktop,Silver,Daegu,sports,email,Bargain
CUST-000071,2023-06-18,35.0,9,12.64,3,3,0.488,0.608,10.0,desktop,Basic,Seoul,home,push,Bargain
CUST-000072,2026-01-29,24.0,9,8.0,7,4,0.106,0.327,1.2,mobile,Silver,Gyeonggi,fashion,email,Loyal
CUST-000073,2022-08-30,56.0,13,15.23,2,3,0.08,0.354,14.7,mobile,Basic,Seoul,electronics,email|push,Bargain
CUST-000074,2023-08-21,62.0,9,25.5,7,2,0.071,0.769,19.5,mobile,Basic,Daejeon,home,email,Explorer
CUST-000075,2024-08-30,34.0,10,24.37,8,6,0.173,0.357,14.1,desktop,Basic,Busan,home,push|sms,Explorer
CUST-000076,2022-09-19,18.0,11,8.16,8,3,0.285,0.648,15.6,desktop,Basic,Seoul,sports,push,Loyal
CUST-000077,2024-09-26,18.0,13,12.74,7,2,0.062,0.79,8.4,desktop,Basic,Seoul,home,push,Bargain
CUST-000078,2025-12-29,59.0,13,22.09,5,3,0.314,0.758,7.5,mobile,Silver,Busan,home,email|sms,Bargain
CUST-000079,2025-12-30,21.0,14,13.28,10,3,0.066,0.642,32.8,mobile,Silver,Daegu,home,email|sms,Bargain
CUST-000080,2024-05-30,39.0,5,23.15,5,2,0.049,0.818,5.9,mobile,Basic,Busan,beauty,email|push,Bargain
CUST-000081,2025-03-30,40.0,6,18.07,5,5,0.037,0.644,8.4,desktop,Silver,Gyeonggi,home,push,Explorer
CUST-000082,2026-05-16,36.0,7,13.0,6,9,0.119,0.468,8.6,mobile,Gold,Seoul,fashion,email,Loyal
CUST-000083,2025-04-13,26.0,4,8.16,4,3,0.02,0.722,6.3,mobile,Basic,Daegu,electronics,email,Bargain
CUST-000084,2024-05-17,40.0,10,261.62,6,4,0.169,0.705,5.2,mobile,Basic,Busan,electronics,sms,Bargain
CUST-000085,2023-11-29,63.0,15,21.92,7,0,0.124,0.146,3.2,desktop,Silver,Busan,fashion,email,Explorer
CUST-000086,2023-12-27,33.0,8,25.39,7,4,0.17,0.382,23.1,desktop,Basic,Daegu,electronics,push,Explorer
CUST-000087,2026-03-28,52.0,13,16.97,10,4,0.143,0.366,3.4,mobile,Silver,Daejeon,beauty,push,Explorer
CUST-000088,2022-09-25,46.0,8,12.37,3,4,0.053,0.505,3.1,mobile,Basic,Gyeonggi,fashion,push,Bargain
CUST-000089,2025-08-07,31.0,13,16.45,2,2,0.124,0.448,11.5,mobile,Basic,Seoul,beauty,email,Bargain
CUST-000090,2023-03-27,42.0,8,21.92,9,4,0.224,0.377,9.5,desktop,Gold,Seoul,beauty,email,Explorer
CUST-000091,2025-04-21,55.0,12,14.11,1,4,0.317,0.204,6.4,mobile,Gold,Busan,home,email|sms,Loyal
CUST-000092,2023-07-12,38.0,7,27.94,4,5,0.068,0.386,3.5,desktop,Basic,Seoul,electronics,email|sms,Explorer
CUST-000093,2024-07-30,32.0,9,9.57,6,2,0.088,0.742,27.3,mobile,Basic,Seoul,fashion,push,Bargain
CUST-000094,2023-04-27,25.0,12,39.59,7,4,0.281,0.516,11.7,mobile,Silver,Seoul,sports,sms,Explorer
CUST-000095,2024-11-27,57.0,4,24.63,5,1,0.155,0.351,9.9,mobile,Silver,Seoul,sports,email|sms,Explorer
CUST-000096,2022-11-14,50.0,8,14.77,10,5,0.211,0.617,16.2,mobile,Silver,Daejeon,fashion,sms,Bargain
CUST-000097,2023-01-25,56.0,8,6.29,8,1,0.024,0.259,11.5,mobile,Basic,Gyeonggi,fashion,email,Bargain
CUST-000098,2022-07-24,39.0,12,25.45,8,4,0.582,0.542,17.2,mobile,Basic,Gyeonggi,sports,push|sms,Bargain
CUST-000099,2025-08-03,18.0,10,8.46,4,6,0.48,0.435,14.7,desktop,Basic,Gyeonggi,beauty,push,Bargain
CUST-000100,2022-05-12,38.0,10,11.58,8,2,0.501,0.267,8.4,mobile,Basic,Gyeonggi,home,sms,Bargain
CUST-000101,2024-03-21,35.0,8,7.63,8,6,0.218,0.856,35.1,tablet,Gold,Daegu,fashion,email,Bargain
CUST-000102,2025-12-13,41.0,9,12.73,7,3,0.185,0.105,11.9,desktop,Silver,Gyeonggi,electronics,push|sms,Loyal
CUST-000103,2023-03-25,36.0,10,19.4,2,2,0.131,0.273,19.6,desktop,Basic,Seoul,beauty,sms,Explorer
CUST-000104,2022-04-23,22.0,10,24.12,3,7,0.1,0.321,15.4,desktop,Basic,Daejeon,fashion,push,Explorer
CUST-000105,2025-05-14,46.0,14,7.27,7,4,0.247,0.336,3.0,mobile,Basic,Gyeonggi,home,email|push,Bargain
CUST-000106,2022-05-26,53.0,12,19.58,8,2,0.034,0.399,2.6,mobile,Silver,Seoul,home,push,Bargain
CUST-000107,2022-08-19,47.0,12,38.26,8,4,0.162,0.721,4.0,desktop,Silver,Daegu,beauty,email,Explorer
CUST-000108,2025-01-11,53.0,4,9.82,9,4,0.144,0.158,0.7,mobile,Silver,Gyeonggi,home,push|sms,Bargain
CUST-000109,2023-03-09,53.0,9,22.62,6,2,0.053,0.335,20.3,mobile,Silver,Daegu,sports,email|push,Explorer
CUST-000110,2023-12-20,37.0,10,34.97,7,3,0.182,0.093,30.9,mobile,Gold,Gyeonggi,fashion,sms,Explorer
CUST-000111,2025-07-27,41.0,10,8.18,5,9,0.024,0.213,3.6,desktop,Basic,Gyeonggi,fashion,email,Loyal
CUST-000112,2025-06-29,18.0,7,17.8,5,4,0.149,0.562,15.2,mobile,Basic,Daejeon,sports,email|push|sms,Bargain
CUST-000113,2026-02-20,56.0,11,13.3,3,4,0.096,0.496,26.2,desktop,Gold,Seoul,home,push,Bargain
CUST-000114,2023-11-08,49.0,12,13.42,4,7,0.212,0.387,6.2,mobile,Basic,Seoul,home,email,Bargain
CUST-000115,2024-08-28,55.0,11,38.41,3,4,0.227,0.733,16.0,mobile,Basic,Daegu,fashion,email,Bargain
CUST-000116,2024-05-20,46.0,8,2.66,2,2,0.023,0.193,18.8,mobile,Gold,Gyeonggi,electronics,email|push,Explorer
CUST-000117,2022-02-08,40.0,13,34.62,8,2,0.148,0.396,24.9,desktop,Silver,Seoul,beauty,push|sms,Explorer
CUST-000118,2024-06-15,20.0,8,7.72,4,1,0.02,0.055,4.0,mobile,Gold,Seoul,electronics,sms,Loyal
CUST-000119,2023-01-19,54.0,10,15.3,7,5,0.139,0.227,47.1,mobile,Silver,Gyeonggi,home,sms,Loyal
CUST-000120,2022-05-16,23.0,15,24.24,7,5,0.217,0.742,27.1,mobile,Basic,Seoul,home,email|push,Explorer
CUST-000121,2025-09-06,54.0,6,3.84,4,4,0.309,0.163,39.3,desktop,Basic,Seoul,sports,email|push,Bargain
CUST-000122,2025-02-24,54.0,8,25.23,7,5,0.327,0.716,15.7,mobile,Basic,Daegu,home,sms,Explorer
CUST-000123,2022-12-18,18.0,8,9.06,4,2,0.254,0.299,13.2,mobile,Basic,Daejeon,home,push,Explorer
CUST-000124,2023-10-30,59.0,6,6.52,2,5,0.068,0.408,4.5,mobile,Silver,Gyeonggi,home,push,Loyal
CUST-000125,2022-09-14,24.0,6,11.23,7,3,0.175,0.241,1.4,desktop,Basic,Daejeon,beauty,email|sms,Bargain
CUST-000126,2024-05-27,22.0,9,11.22,5,5,0.166,0.132,17.4,desktop,Silver,Gyeonggi,beauty,push,Explorer
CUST-000127,2022-11-04,36.0,11,3.29,3,2,0.054,0.08,8.6,desktop,Basic,Seoul,fashion,email,Explorer
CUST-000128,2026-02-22,37.0,10,9.29,3,8,0.139,0.467,6.8,mobile,Silver,Daejeon,home,email,Loyal
CUST-000129,2024-01-09,47.0,11,26.32,11,3,0.082,0.745,0.4,desktop,Silver,Gyeonggi,home,email|push,Bargain
CUST-000130,2023-11-04,48.0,6,9.84,10,3,0.117,0.435,14.1,mobile,Basic,Daejeon,electronics,email|sms,Bargain
CUST-000131,2023-05-28,49.0,10,11.26,8,3,0.166,0.543,2.0,desktop,Silver,Gyeonggi,beauty,sms,Bargain
CUST-000132,2025-04-12,33.0,8,9.23,9,1,0.233,0.117,8.2,mobile,Silver,Seoul,fashion,push|sms,Explorer
CUST-000133,2024-06-14,42.0,9,53.66,7,5,0.321,0.738,9.4,desktop,Basic,Gyeonggi,home,sms,Explorer
CUST-000134,2022-02-17,18.0,11,49.82,5,4,0.152,0.211,5.3,mobile,Basic,Gyeonggi,sports,email|push|sms,Explorer
CUST-000135,2026-04-03,18.0,3,199.16,7,5,0.084,0.418,6.7,mobile,Silver,Gyeonggi,sports,email|push|sms,Explorer
CUST-000136,2024-02-04,42.0,5,10.41,8,5,0.421,0.603,15.2,desktop,Silver,Seoul,beauty,email|push|sms,Loyal
CUST-000137,2025-07-07,53.0,9,6.91,7,2,0.047,0.391,16.1,mobile,Basic,Daejeon,beauty,email|push,Explorer
CUST-000138,2025-10-03,53.0,6,18.68,7,2,0.317,0.385,15.9,mobile,Silver,Gyeonggi,home,email,Explorer
CUST-000139,2023-12-27,37.0,12,15.58,7,6,0.155,0.409,10.9,desktop,Gold,Busan,home,push,Bargain
CUST-000140,2024-01-12,48.0,9,26.37,12,3,0.093,0.408,22.6,mobile,Basic,Gyeonggi,electronics,push,Bargain
CUST-000141,2022-06-14,48.0,7,13.13,3,2,0.214,0.238,45.1,mobile,Basic,Gyeonggi,electronics,email|push|sms,Bargain
CUST-000142,2026-01-24,50.0,8,36.55,7,2,0.054,0.167,45.3,mobile,Basic,Seoul,beauty,push|sms,Explorer
CUST-000143,2025-09-27,43.0,7,18.44,11,4,0.162,0.43,18.4,desktop,Gold,Gyeonggi,fashion,email|sms,Explorer
CUST-000144,2023-09-12,45.0,11,20.06,4,3,0.19,0.566,25.8,desktop,Gold,Seoul,electronics,push,Bargain
CUST-000145,2025-12-04,39.0,13,24.17,6,3,0.096,0.369,38.1,mobile,Basic,Gyeonggi,fashion,sms,Explorer
CUST-000146,2022-08-20,38.0,17,16.94,7,1,0.132,0.442,2.4,desktop,Basic,Seoul,sports,push,Bargain
CUST-000147,2025-12-13,49.0,9,41.14,4,5,0.123,0.456,24.0,mobile,Silver,Busan,fashion,email|push|sms,Explorer
CUST-000148,2024-09-19,26.0,2,30.19,5,4,0.438,0.293,5.0,desktop,Silver,Daegu,sports,email,Explorer
CUST-000149,2024-03-06,45.0,6,12.76,5,7,0.123,0.163,22.7,mobile,Basic,Seoul,fashion,sms,Explorer
CUST-000150,2024-01-14,46.0,6,15.63,9,5,0.136,0.261,21.4,desktop,Silver,Daegu,sports,push,Explorer
CUST-000151,2023-07-11,39.0,3,35.14,5,6,0.202,0.644,13.7,mobile,Basic,Seoul,electronics,sms,Loyal
CUST-000152,2024-04-23,41.0,9,25.86,4,0,0.186,0.483,25.3,mobile,Basic,Seoul,sports,email,Bargain
CUST-000153,2023-03-28,40.0,11,21.34,6,2,0.033,0.391,48.0,desktop,Gold,Gyeonggi,electronics,push,Explorer
CUST-000154,2023-05-01,37.0,5,12.58,2,1,0.153,0.463,6.4,desktop,Basic,Seoul,electronics,email|push,Bargain
CUST-000155,2024-08-27,47.0,8,42.22,4,7,0.142,0.536,28.1,desktop,Silver,Gyeonggi,fashion,sms,Explorer
CUST-000156,2023-08-20,28.0,4,30.13,10,6,0.195,0.899,7.9,mobile,Basic,Gyeonggi,beauty,sms,Bargain
CUST-000157,2023-08-10,52.0,12,20.91,4,1,0.155,0.432,2.2,mobile,Basic,Seoul,electronics,email|push,Explorer
CUST-000158,2026-03-02,18.0,7,12.26,11,6,0.431,0.567,2.8,desktop,Basic,Gyeonggi,sports,push,Bargain
CUST-000159,2023-12-06,42.0,8,10.86,9,4,0.147,0.541,17.6,desktop,Silver,Gyeonggi,fashion,email|sms,Bargain
CUST-000160,2022-06-05,38.0,9,3.86,8,2,0.215,0.439,8.5,mobile,Gold,Busan,beauty,email,Bargain
CUST-000161,2023-06-09,24.0,6,21.48,3,3,0.045,0.389,5.2,desktop,Basic,Seoul,home,sms,Bargain
CUST-000162,2025-11-25,69.0,5,19.55,5,4,0.193,0.329,31.9,desktop,Gold,Daejeon,home,email|push,Explorer
CUST-000163,2023-11-30,31.0,9,37.84,5,4,0.189,0.332,18.3,mobile,Basic,Daegu,home,push,Bargain
CUST-000164,2023-03-27,50.0,6,18.57,6,3,0.069,0.528,5.1,desktop,Silver,Seoul,sports,sms,Explorer
CUST-000165,2024-12-04,22.0,12,53.44,4,7,0.208,0.714,16.6,mobile,Basic,Daejeon,beauty,email|push,Explorer
CUST-000166,2026-06-29,54.0,8,27.06,1,4,0.196,0.457,17.8,mobile,Silver,Seoul,beauty,sms,Explorer
CUST-000167,2022-10-22,33.0,5,8.54,7,1,0.094,0.636,4.3,mobile,Basic,Seoul,electronics,push,Bargain
CUST-000168,2025-09-20,49.0,6,40.01,8,4,0.178,0.535,38.6,desktop,Basic,Gyeonggi,beauty,email,Explorer
CUST-000169,2025-01-15,30.0,5,5.57,5,3,0.08,0.195,16.2,mobile,Basic,Seoul,sports,email,Explorer
CUST-000170,2024-12-02,29.0,16,24.65,7,8,0.191,0.239,6.1,desktop,Basic,Seoul,electronics,sms,Loyal
CUST-000171,2024-11-27,45.0,9,20.44,9,4,0.073,0.312,16.2,tablet,Basic,Busan,fashion,sms,Loyal
CUST-000172,2024-09-10,45.0,11,6.81,8,4,0.136,0.092,20.9,desktop,Basic,Gyeonggi,fashion,email|push,Explorer
CUST-000173,2022-02-18,36.0,11,2.32,6,4,0.321,0.211,2.8,mobile,Basic,Busan,beauty,sms,Loyal
CUST-000174,2023-05-05,21.0,11,38.27,9,3,0.307,0.711,4.6,mobile,Basic,Seoul,home,email,Explorer
CUST-000175,2026-04-21,29.0,7,28.96,3,2,0.373,0.385,32.6,mobile,Silver,Seoul,beauty,email|sms,Explorer
CUST-000176,2022-01-25,34.0,8,5.14,8,3,0.08,0.61,12.0,tablet,Gold,Busan,electronics,push,Loyal
CUST-000177,2026-06-24,42.0,11,13.88,6,2,0.329,0.526,8.6,tablet,Silver,Daejeon,sports,email|push,Bargain
CUST-000178,2024-08-09,19.0,13,27.21,10,5,0.112,0.766,7.3,mobile,Basic,Daegu,beauty,sms,Explorer
CUST-000179,2023-06-06,45.0,8,18.85,4,5,0.159,0.036,19.5,desktop,Silver,Daegu,sports,email|push,Loyal
CUST-000180,2023-02-28,27.0,14,56.2,4,2,0.066,0.623,5.8,mobile,Gold,Gyeonggi,electronics,email|push|sms,Explorer
CUST-000181,2023-02-01,38.0,14,15.3,1,2,0.08,0.444,11.1,desktop,Silver,Seoul,home,email,Explorer
CUST-000182,2022-06-17,46.0,10,24.03,8,3,0.133,0.215,9.1,mobile,Basic,Daegu,fashion,email|push,Bargain
CUST-000183,2025-01-27,18.0,8,42.11,6,1,0.117,0.645,14.6,mobile,Basic,Gyeonggi,home,push,Explorer
CUST-000184,2026-03-03,32.0,5,17.75,8,4,0.14,0.586,7.9,mobile,Basic,Seoul,beauty,sms,Bargain
CUST-000185,2022-02-11,31.0,8,11.84,6,2,0.425,0.43,22.2,mobile,Basic,Seoul,home,email,Explorer
CUST-000186,2023-10-30,36.0,10,27.52,8,5,0.245,0.215,86.1,mobile,Basic,Daejeon,fashion,sms,At_Risk
CUST-000187,2023-07-08,51.0,7,18.45,6,2,0.232,0.5,1.9,tablet,Silver,Seoul,sports,push,Bargain
CUST-000188,2022-01-10,26.0,8,14.25,7,10,0.172,0.485,31.6,desktop,Basic,Busan,home,email,Bargain
CUST-000189,2024-12-10,24.0,6,20.47,8,4,0.236,0.087,14.7,mobile,Basic,Seoul,sports,push,Bargain
CUST-000190,2023-01-05,46.0,8,33.52,4,7,0.399,0.549,4.8,mobile,Basic,Seoul,fashion,push,Explorer
CUST-000191,2024-10-27,31.0,10,25.81,5,5,0.089,0.595,4.4,mobile,Basic,Gyeonggi,electronics,email|push,Explorer
CUST-000192,2023-06-10,33.0,6,14.35,6,1,0.068,0.604,6.9,mobile,Basic,Gyeonggi,fashion,push,Bargain
CUST-000193,2023-09-10,37.0,6,12.61,8,3,0.052,0.342,8.0,desktop,Basic,Daegu,beauty,email,Explorer
CUST-000194,2025-08-13,36.0,10,4.39,5,2,0.355,0.375,3.1,mobile,Basic,Seoul,electronics,push,Explorer
CUST-000195,2023-05-10,49.0,12,5.95,7,7,0.387,0.204,3.1,mobile,Basic,Gyeonggi,home,sms,Explorer
CUST-000196,2024-09-01,60.0,7,29.48,11,3,0.048,0.896,3.6,mobile,Silver,Daegu,home,sms,Bargain
CUST-000197,2026-02-26,30.0,8,20.67,12,4,0.033,0.047,19.6,desktop,Basic,Daejeon,home,email|sms,Bargain
CUST-000198,2023-07-03,34.0,14,13.63,7,3,0.045,0.184,5.2,desktop,Gold,Daegu,home,sms,Loyal
CUST-000199,2025-11-19,58.0,13,23.78,8,0,0.074,0.388,10.0,mobile,Silver,Daegu,electronics,sms,Explorer
CUST-000200,2023-05-28,42.0,6,35.35,2,4,0.074,0.207,4.9,mobile,Basic,Busan,electronics,email|push|sms,Explorer
CUST-000201,2022-08-09,40.0,12,37.73,3,5,0.197,0.81,1.2,mobile,Gold,Gyeonggi,electronics,email|sms,Loyal
CUST-000202,2025-05-20,41.0,8,4.38,6,4,0.182,0.185,7.0,mobile,Silver,Seoul,sports,push,Loyal
CUST-000203,2022-08-17,52.0,9,26.33,5,1,0.227,0.218,16.0,mobile,Basic,Gyeonggi,fashion,sms,Bargain
CUST-000204,2025-06-19,48.0,11,16.26,5,2,0.078,0.53,21.7,tablet,Silver,Seoul,fashion,email|push|sms,Bargain
CUST-000205,2025-03-16,40.0,3,6.91,3,4,0.3,0.513,29.5,mobile,Silver,Gyeonggi,sports,email,Bargain
CUST-000206,2023-10-07,45.0,8,18.49,3,2,0.051,0.361,12.2,mobile,Gold,Gyeonggi,fashion,sms,Loyal
CUST-000207,2026-07-21,39.0,12,32.16,10,3,0.127,0.695,9.3,mobile,Basic,Busan,fashion,email|sms,Bargain
CUST-000208,2024-07-10,41.0,7,17.45,2,1,0.195,0.479,14.5,mobile,Silver,Gyeonggi,beauty,push,Explorer
CUST-000209,2026-01-21,21.0,15,24.44,12,3,0.061,0.489,12.6,desktop,Silver,Gyeonggi,beauty,push,Bargain
CUST-000210,2025-04-21,53.0,8,33.52,4,3,0.225,0.211,34.3,mobile,Basic,Seoul,electronics,email,Explorer
CUST-000211,2025-11-27,52.0,12,29.18,6,4,0.252,0.268,6.7,mobile,Gold,Busan,fashion,push,Bargain
CUST-000212,2022-06-29,40.0,16,8.49,6,6,0.248,0.461,2.8,desktop,Basic,Busan,fashion,email,Bargain
CUST-000213,2025-01-13,45.0,6,11.93,7,4,0.178,0.228,4.4,mobile,Basic,Gyeonggi,beauty,sms,Bargain
CUST-000214,2025-02-24,51.0,6,22.63,4,5,0.158,0.884,1.3,desktop,Basic,Gyeonggi,beauty,email,Explorer
CUST-000215,2023-04-25,51.0,11,28.73,4,2,0.294,0.497,17.1,desktop,Basic,Daegu,sports,sms,Explorer
CUST-000216,2022-02-10,50.0,6,33.43,7,6,0.108,0.805,9.3,desktop,Basic,Gyeonggi,fashion,email|push|sms,Bargain
CUST-000217,2022-05-06,48.0,4,18.8,10,3,0.145,0.54,17.6,desktop,Gold,Daejeon,sports,sms,Bargain
CUST-000218,2025-06-13,51.0,13,24.8,4,1,0.222,0.249,9.3,mobile,Silver,Gyeonggi,electronics,push|sms,Explorer
CUST-000219,2024-04-07,57.0,8,42.87,4,3,0.21,0.447,9.7,mobile,Gold,Busan,home,sms,Explorer
CUST-000220,2025-03-27,39.0,10,40.36,8,2,0.08,0.787,2.7,mobile,Gold,Gyeonggi,electronics,email|push|sms,Bargain
CUST-000221,2024-07-29,40.0,8,13.78,6,4,0.264,0.343,6.4,tablet,Basic,Seoul,fashion,email|sms,Bargain
CUST-000222,2022-05-14,22.0,9,41.65,6,7,0.028,0.908,14.7,mobile,Silver,Daejeon,electronics,email|sms,Loyal
CUST-000223,2026-05-10,35.0,7,22.08,6,3,0.358,0.223,9.4,mobile,Gold,Busan,electronics,push|sms,Explorer
CUST-000224,2023-12-15,36.0,4,29.6,5,7,0.03,0.422,9.8,mobile,Gold,Seoul,fashion,email,Loyal
CUST-000225,2024-05-09,47.0,12,23.9,3,2,0.203,0.387,15.4,mobile,Basic,Gyeonggi,fashion,email|sms,Explorer
CUST-000226,2023-11-12,48.0,12,11.06,5,3,0.241,0.561,8.9,mobile,Gold,Seoul,home,sms,Explorer
CUST-000227,2022-08-18,42.0,10,8.57,3,3,0.188,0.608,6.0,mobile,Basic,Busan,home,push,Bargain
CUST-000228,2024-10-29,18.0,11,24.54,9,3,0.143,0.305,10.9,mobile,Basic,Gyeonggi,home,email|push,Bargain
CUST-000229,2024-08-16,28.0,11,40.57,7,3,0.22,0.591,20.6,mobile,Basic,Busan,electronics,push,Bargain
CUST-000230,2026-02-12,44.0,13,13.97,4,5,0.096,0.455,15.1,desktop,Basic,Daejeon,sports,email|push|sms,Bargain
CUST-000231,2025-09-02,30.0,11,4.98,3,4,0.05,0.648,1.0,mobile,Basic,Daegu,fashion,push,Bargain
CUST-000232,2023-07-03,40.0,10,22.07,2,0,0.491,0.328,29.2,mobile,Silver,Busan,beauty,email,Bargain
CUST-000233,2024-07-12,35.0,9,13.7,5,3,0.26,0.174,5.1,mobile,Basic,Gyeonggi,beauty,sms,Bargain
CUST-000234,2025-01-03,38.0,8,14.1,3,2,0.058,0.346,6.5,desktop,Basic,Seoul,fashion,email|push|sms,Explorer
CUST-000235,2024-02-08,32.0,7,22.32,7,4,0.336,0.219,6.5,desktop,Basic,Gyeonggi,fashion,push|sms,Explorer
CUST-000236,2024-09-09,44.0,8,19.41,6,5,0.125,0.232,13.4,desktop,Basic,Gyeonggi,beauty,push|sms,Explorer
CUST-000237,2022-01-12,35.0,10,14.19,5,4,0.085,0.365,18.9,mobile,Basic,Gyeonggi,home,push,Explorer
CUST-000238,2025-06-22,51.0,14,11.09,5,2,0.343,0.409,18.9,mobile,Gold,Daegu,electronics,email|push|sms,Bargain
CUST-000239,2023-12-02,46.0,6,34.03,3,3,0.359,0.713,30.6,mobile,Basic,Seoul,sports,sms,Bargain
CUST-000240,2024-09-14,24.0,14,17.52,7,1,0.193,0.19,6.8,mobile,Gold,Seoul,home,sms,Explorer
CUST-000241,2024-04-30,22.0,5,12.71,6,4,0.117,0.7,25.4,desktop,Basic,Seoul,fashion,email,Bargain
CUST-000242,2023-05-19,28.0,9,26.47,7,5,0.178,0.591,41.0,desktop,Basic,Daegu,electronics,email|push|sms,Bargain
CUST-000243,2026-07-20,64.0,7,19.01,11,4,0.159,0.457,8.1,mobile,Basic,Gyeonggi,sports,email|sms,Loyal
CUST-000244,2025-10-14,44.0,10,50.54,0,2,0.2,0.639,10.0,mobile,Basic,Busan,fashion,email|push,Explorer
CUST-000245,2023-04-08,49.0,17,22.31,7,3,0.06,0.327,14.4,mobile,Basic,Seoul,fashion,email,Explorer
CUST-000246,2022-03-24,39.0,14,20.29,8,2,0.325,0.083,14.6,mobile,Silver,Busan,electronics,sms,Explorer
CUST-000247,2023-03-11,18.0,7,10.34,6,8,0.169,0.074,18.9,mobile,Silver,Busan,home,push,Loyal
CUST-000248,2024-03-24,32.0,10,17.96,6,4,0.212,0.477,2.4,mobile,Silver,Daejeon,fashion,email|push,Loyal
CUST-000249,2024-03-18,38.0,12,18.23,8,2,0.1,0.455,26.8,mobile,Gold,Seoul,fashion,push,Explorer
CUST-000250,2022-04-08,39.0,9,10.75,5,2,0.262,0.432,4.0,mobile,Basic,Daegu,fashion,sms,Bargain
CUST-000251,2024-05-28,36.0,15,30.67,5,2,0.119,0.103,28.5,mobile,Silver,Seoul,fashion,email,Explorer
CUST-000252,2025-08-05,22.0,11,12.01,6,3,0.235,0.248,6.9,tablet,Gold,Gyeonggi,home,email|push|sms,Loyal
CUST-000253,2022-05-14,19.0,10,8.88,9,2,0.002,0.287,6.5,desktop,Silver,Daegu,beauty,sms,Loyal
CUST-000254,2023-03-11,37.0,4,18.72,3,4,0.091,0.163,20.3,mobile,Basic,Gyeonggi,fashion,email,Explorer
CUST-000255,2024-04-12,25.0,7,4.33,3,2,0.019,0.91,13.6,desktop,Silver,Gyeonggi,fashion,email|sms,Bargain
CUST-000256,2023-05-29,29.0,8,14.09,5,1,0.108,0.359,18.3,mobile,Basic,Gyeonggi,beauty,push,Bargain
CUST-000257,2023-12-01,42.0,9,13.41,8,3,0.147,0.549,19.6,desktop,Basic,Seoul,beauty,email,Explorer
CUST-000258,2024-12-21,51.0,8,16.34,12,0,0.212,0.394,7.8,mobile,Basic,Daegu,fashion,push,Bargain
CUST-000259,2026-06-09,40.0,10,9.23,2,1,0.381,0.539,17.9,tablet,Basic,Seoul,electronics,sms,Bargain
CUST-000260,2024-06-18,47.0,6,18.49,7,5,0.201,0.536,18.4,mobile,Basic,Gyeonggi,fashion,sms,Bargain
CUST-000261,2025-07-04,38.0,10,33.69,4,2,0.184,0.244,18.7,mobile,Basic,Seoul,electronics,push,Bargain
CUST-000262,2023-05-30,31.0,8,37.89,2,7,0.452,0.236,22.1,mobile,Basic,Daejeon,beauty,email|push,Explorer
CUST-000263,2026-05-15,41.0,9,26.11,6,3,0.23,0.408,10.3,mobile,Basic,Seoul,beauty,push,Bargain
CUST-000264,2022-07-19,28.0,6,19.53,9,3,0.23,0.559,16.4,mobile,Silver,Daejeon,sports,sms,Bargain
CUST-000265,2023-05-11,43.0,8,17.31,4,6,0.117,0.706,6.7,mobile,Gold,Busan,beauty,push,Bargain
CUST-000266,2025-09-03,29.0,5,31.9,4,3,0.324,0.407,1.0,mobile,Basic,Gyeonggi,fashion,email|sms,Explorer
CUST-000267,2023-06-25,34.0,8,8.6,8,3,0.178,0.582,19.3,mobile,Gold,Gyeonggi,beauty,push,Bargain
CUST-000268,2022-05-07,28.0,11,12.53,2,6,0.353,0.257,22.8,mobile,Silver,Daejeon,sports,push,Explorer
CUST-000269,2022-05-15,38.0,11,22.05,6,1,0.126,0.316,12.9,desktop,Silver,Seoul,electronics,sms,Explorer
CUST-000270,2023-09-19,39.0,12,32.57,7,5,0.233,0.174,26.5,mobile,Basic,Gyeonggi,fashion,email|push,Explorer
CUST-000271,2022-01-02,36.0,9,30.1,6,2,0.098,0.093,11.7,desktop,Basic,Seoul,beauty,email|sms,Explorer
CUST-000272,2025-08-22,43.0,6,20.42,5,8,0.19,0.724,15.4,mobile,Basic,Busan,electronics,email|push,Bargain
CUST-000273,2024-07-09,23.0,5,18.55,4,10,0.276,0.263,17.0,mobile,Silver,Busan,home,email,Loyal
CUST-000274,2026-07-25,39.0,7,35.68,11,1,0.011,0.329,15.9,desktop,Gold,Seoul,sports,sms,Explorer
CUST-000275,2024-07-10,50.0,7,15.94,3,9,0.181,0.811,10.5,mobile,Silver,Daegu,home,push,Loyal
CUST-000276,2024-08-29,65.0,8,22.87,4,2,0.229,0.339,4.2,mobile,Silver,Busan,sports,email|push|sms,Explorer
CUST-000277,2025-06-23,41.0,9,14.96,6,3,0.134,0.729,3.2,mobile,Silver,Gyeonggi,home,push,Bargain
CUST-000278,2024-05-14,46.0,9,10.66,8,7,0.258,0.313,16.6,desktop,Basic,Daegu,sports,email,Bargain
CUST-000279,2024-02-27,42.0,9,7.07,4,0,0.242,0.293,1.1,mobile,Basic,Busan,fashion,email,Explorer
CUST-000280,2023-05-22,22.0,4,15.79,11,1,0.221,0.21,6.8,desktop,Basic,Busan,electronics,email|sms,Explorer
CUST-000281,2025-07-23,34.0,7,34.17,10,3,0.163,0.48,16.8,desktop,Basic,Seoul,fashion,sms,Explorer
CUST-000282,2024-09-21,64.0,10,25.79,6,6,0.043,0.336,3.4,mobile,Basic,Daejeon,electronics,email,Explorer
CUST-000283,2022-05-01,52.0,17,21.12,7,1,0.124,0.721,21.0,mobile,Basic,Seoul,beauty,email|sms,Bargain
CUST-000284,2022-03-02,34.0,7,18.64,8,2,0.082,0.249,0.3,desktop,Basic,Busan,beauty,push,Bargain
CUST-000285,2026-02-13,38.0,8,26.6,7,6,0.332,0.28,14.5,mobile,Basic,Gyeonggi,electronics,email|push,Explorer
CUST-000286,2024-10-29,35.0,11,10.93,5,3,0.074,0.423,7.1,desktop,Gold,Seoul,home,email|push|sms,Loyal
CUST-000287,2022-05-04,40.0,5,16.13,5,2,0.137,0.393,5.2,mobile,Gold,Daegu,beauty,email,Bargain
CUST-000288,2025-02-07,36.0,8,23.81,2,2,0.134,0.605,12.9,mobile,Basic,Daejeon,electronics,email|push|sms,Loyal
CUST-000289,2023-03-24,50.0,7,10.86,11,5,0.184,0.357,2.8,desktop,Basic,Gyeonggi,fashion,email,Bargain
CUST-000290,2024-07-23,56.0,7,32.57,7,5,0.418,0.171,3.6,desktop,Silver,Seoul,beauty,push|sms,Explorer
CUST-000291,2025-10-12,57.0,12,11.58,4,5,0.237,0.35,6.6,desktop,Basic,Gyeonggi,sports,sms,Loyal
CUST-000292,2022-05-13,26.0,5,14.92,5,5,0.179,0.335,25.5,mobile,Gold,Busan,beauty,push,Bargain
CUST-000293,2025-03-06,46.0,9,14.42,4,4,0.31,0.346,8.9,mobile,Basic,Busan,fashion,email,Bargain
CUST-000294,2024-01-06,44.0,6,28.93,6,3,0.296,0.255,12.6,mobile,Silver,Daejeon,home,email,Explorer
CUST-000295,2022-11-10,31.0,11,14.11,7,5,0.05,0.486,7.2,mobile,Basic,Daegu,electronics,email|sms,Explorer
CUST-000296,2022-05-14,45.0,7,30.89,5,1,0.428,0.255,53.8,desktop,Basic,Gyeonggi,fashion,push,At_Risk
CUST-000297,2025-02-28,25.0,8,17.33,7,2,0.298,0.451,8.9,mobile,Basic,Seoul,sports,email|push,Explorer
CUST-000298,2026-01-06,42.0,13,17.87,4,2,0.362,0.455,15.8,desktop,Basic,Seoul,fashion,sms,Bargain
CUST-000299,2026-05-19,32.0,6,18.78,4,5,0.178,0.446,4.0,mobile,Silver,Busan,beauty,email|sms,Bargain
CUST-000300,2022-01-17,33.0,10,26.24,7,2,0.187,0.435,11.9,mobile,Basic,Gyeonggi,fashion,push,Explorer
CUST-000301,2024-12-06,58.0,7,24.81,4,4,0.569,0.424,4.1,mobile,Basic,Daegu,electronics,sms,Bargain
CUST-000302,2024-10-15,35.0,13,34.04,6,2,0.288,0.108,11.6,mobile,Silver,Daejeon,electronics,email|sms,Explorer
CUST-000303,2026-06-04,29.0,13,34.91,7,2,0.015,0.358,3.5,desktop,Gold,Daejeon,sports,email|push,Loyal
CUST-000304,2023-12-19,34.0,10,8.69,6,5,0.135,0.346,7.3,mobile,Basic,Gyeonggi,electronics,email|push|sms,Explorer
CUST-000305,2024-09-19,47.0,8,18.01,6,5,0.151,0.44,12.9,mobile,Gold,Seoul,beauty,push,Bargain
CUST-000306,2025-08-02,50.0,14,35.11,4,3,0.129,0.538,5.8,desktop,Basic,Gyeonggi,electronics,email|sms,Explorer
CUST-000307,2022-07-04,64.0,6,17.22,5,3,0.359,0.241,37.0,mobile,Basic,Daegu,beauty,email,At_Risk
CUST-000308,2025-01-23,43.0,16,10.37,5,2,0.144,0.564,22.1,desktop,Silver,Seoul,fashion,email|push,Bargain
CUST-000309,2026-07-04,42.0,15,12.76,8,4,0.282,0.231,3.5,mobile,Basic,Gyeonggi,beauty,sms,Loyal
CUST-000310,2023-12-16,38.0,7,12.22,2,6,0.145,0.415,8.6,desktop,Basic,Gyeonggi,fashion,email|sms,Loyal
CUST-000311,2025-05-19,34.0,9,44.16,6,5,0.09,0.291,7.3,tablet,Silver,Gyeonggi,beauty,email,Loyal
CUST-000312,2024-12-16,42.0,10,42.81,3,8,0.261,0.603,19.7,mobile,Silver,Daejeon,sports,email,Loyal
CUST-000313,2023-12-19,34.0,7,13.8,2,2,0.088,0.359,8.3,mobile,Silver,Daegu,home,email,Bargain
CUST-000314,2026-03-04,,9,9.96,5,3,0.299,0.431,5.7,mobile,Basic,Gyeonggi,fashion,push,Bargain
CUST-000315,2022-04-28,39.0,6,10.05,5,2,0.099,0.631,21.6,mobile,Gold,Gyeonggi,beauty,sms,Explorer
CUST-000316,2025-07-05,37.0,8,22.94,9,4,0.358,0.219,2.9,desktop,Basic,Busan,fashion,email|sms,Explorer
CUST-000317,2023-03-02,25.0,8,14.58,0,5,0.138,0.329,20.6,mobile,Basic,Seoul,fashion,email,Loyal
CUST-000318,2024-07-29,32.0,6,21.7,3,7,0.151,0.575,21.4,mobile,Basic,Busan,sports,push,Explorer
CUST-000319,2023-03-24,36.0,14,18.02,5,3,0.332,0.642,13.8,desktop,Silver,Seoul,beauty,email,Bargain
CUST-000320,2024-12-22,27.0,11,12.29,7,4,0.204,0.43,9.6,mobile,Basic,Daegu,electronics,push,Bargain
CUST-000321,2022-08-27,18.0,9,18.01,8,5,0.211,0.237,29.6,desktop,Basic,Busan,beauty,push,Bargain
CUST-000322,2022-02-01,33.0,16,2.43,5,3,0.449,0.667,18.8,mobile,Silver,Daejeon,beauty,email|sms,Bargain
CUST-000323,2023-06-25,49.0,10,14.35,5,2,0.097,0.479,42.2,mobile,Basic,Gyeonggi,home,push,Bargain
CUST-000324,2022-09-21,45.0,11,13.57,2,4,0.307,0.426,8.4,mobile,Silver,Busan,fashion,email|sms,Bargain
CUST-000325,2026-02-20,60.0,5,31.02,4,4,0.331,0.437,19.5,desktop,Basic,Busan,home,sms,Explorer
CUST-000326,2024-04-09,,9,14.41,6,6,0.386,0.655,6.6,tablet,Basic,Seoul,sports,push,Bargain
CUST-000327,2023-06-30,55.0,9,26.7,5,2,0.059,0.226,2.4,desktop,Silver,Gyeonggi,fashion,email,Explorer
CUST-000328,2022-07-17,48.0,10,11.43,2,6,0.174,0.397,15.9,mobile,Basic,Busan,electronics,email|push,Explorer
CUST-000329,2024-08-21,40.0,19,18.28,5,5,0.216,0.151,21.7,mobile,Basic,Seoul,electronics,sms,Explorer
CUST-000330,2025-12-05,53.0,6,22.58,7,4,0.354,0.732,2.8,mobile,Basic,Seoul,electronics,sms,Bargain
CUST-000331,2024-09-07,18.0,12,35.52,4,2,0.064,0.321,30.6,mobile,Basic,Seoul,electronics,email,Explorer
CUST-000332,2025-09-13,47.0,11,27.3,7,3,0.149,0.691,18.4,desktop,Basic,Gyeonggi,fashion,email,Bargain
CUST-000333,2026-07-04,48.0,7,6.49,4,2,0.102,0.86,6.2,mobile,Basic,Gyeonggi,beauty,sms,Bargain
CUST-000334,2023-11-05,54.0,11,14.18,2,2,0.059,0.364,9.9,mobile,Basic,Seoul,electronics,email|push|sms,Bargain
CUST-000335,2022-06-13,47.0,14,10.67,5,2,0.351,0.474,6.8,desktop,Silver,Busan,beauty,push,Bargain
CUST-000336,2023-01-12,41.0,15,30.55,9,2,0.07,0.828,14.9,mobile,Silver,Gyeonggi,electronics,email,Bargain
CUST-000337,2024-12-01,29.0,15,13.91,6,4,0.207,0.542,25.9,mobile,Basic,Busan,electronics,push|sms,Explorer
CUST-000338,2025-07-27,21.0,7,20.5,8,4,0.225,0.31,12.2,mobile,Silver,Gyeonggi,fashion,push,Explorer
CUST-000339,2023-01-05,28.0,11,28.78,8,3,0.228,0.69,12.4,mobile,Silver,Gyeonggi,fashion,email,Bargain
CUST-000340,2026-07-21,36.0,6,23.06,9,4,0.019,0.467,12.0,mobile,Silver,Busan,beauty,email,Bargain
CUST-000341,2024-02-19,53.0,12,28.24,4,5,0.152,0.477,2.0,mobile,Gold,Daejeon,sports,email,Loyal
CUST-000342,2025-09-14,49.0,11,26.38,4,5,0.138,0.408,9.4,mobile,Silver,Busan,home,sms,Loyal
CUST-000343,2025-08-26,37.0,7,13.46,2,1,0.073,0.73,11.8,mobile,Silver,Busan,electronics,email,Bargain
CUST-000344,2024-09-15,27.0,9,9.34,4,2,0.145,0.086,6.9,mobile,Basic,Gyeonggi,electronics,sms,Explorer
CUST-000345,2022-01-29,36.0,6,32.22,8,4,0.205,0.241,29.1,mobile,Basic,Seoul,beauty,push,Explorer
CUST-000346,2025-10-07,44.0,9,27.62,6,7,0.32,0.363,6.1,desktop,Basic,Busan,electronics,email,Explorer
CUST-000347,2024-01-14,45.0,9,5.43,6,4,0.145,0.884,31.7,mobile,Basic,Gyeonggi,beauty,sms,Bargain
CUST-000348,2026-06-23,42.0,6,20.57,10,3,0.09,0.282,4.4,mobile,Basic,Gyeonggi,sports,push,Bargain
CUST-000349,2023-08-26,44.0,11,47.52,8,5,0.208,0.783,7.4,desktop,Basic,Gyeonggi,sports,push,Explorer
CUST-000350,2022-03-16,32.0,8,31.89,3,4,0.052,0.623,30.6,desktop,Silver,Gyeonggi,home,push,Explorer
CUST-000351,2023-06-09,29.0,11,50.14,6,5,0.334,0.642,6.3,desktop,Silver,Gyeonggi,home,push,Explorer
CUST-000352,2023-03-31,31.0,15,15.71,5,4,0.113,0.576,25.0,desktop,Basic,Seoul,fashion,push,Bargain
CUST-000353,2024-07-04,41.0,14,27.23,4,2,0.244,0.257,23.2,desktop,Basic,Daejeon,fashion,push,Bargain
CUST-000354,2023-08-02,43.0,8,13.88,6,6,0.377,0.186,6.8,desktop,Basic,Seoul,beauty,push|sms,Loyal
CUST-000355,2022-05-07,36.0,10,5.74,9,6,0.135,0.801,9.0,mobile,Basic,Seoul,electronics,push|sms,Bargain
CUST-000356,2022-04-07,68.0,8,29.94,7,7,0.18,0.378,12.0,desktop,Basic,Daegu,electronics,email,Loyal
CUST-000357,2024-01-22,48.0,6,22.92,9,4,0.095,0.524,19.3,mobile,Basic,Busan,fashion,push,Bargain
CUST-000358,2025-11-26,49.0,11,16.44,12,3,0.074,0.402,22.6,mobile,Gold,Daejeon,electronics,email,Bargain
CUST-000359,2025-07-15,52.0,5,14.59,9,6,0.096,0.31,6.5,mobile,Basic,Seoul,electronics,push,Explorer
CUST-000360,2026-07-08,25.0,5,9.32,6,4,0.242,0.488,17.8,mobile,Silver,Daejeon,electronics,email,Bargain
CUST-000361,2024-10-19,21.0,8,23.62,5,1,0.055,0.187,12.2,desktop,Basic,Seoul,home,email,Explorer
CUST-000362,2023-05-26,49.0,12,17.43,4,3,0.095,0.604,12.7,desktop,Silver,Seoul,sports,email|push|sms,Bargain
CUST-000363,2024-09-04,20.0,12,39.21,5,7,0.311,0.112,9.1,mobile,Basic,Busan,fashion,email|push,Explorer
CUST-000364,2022-12-02,24.0,5,12.29,3,4,0.061,0.155,5.6,desktop,Basic,Seoul,fashion,push,Bargain
CUST-000365,2024-03-14,34.0,9,7.26,7,3,0.034,0.591,8.2,mobile,Basic,Gyeonggi,beauty,email|push|sms,Bargain
CUST-000366,2023-12-17,45.0,8,7.46,9,3,0.052,0.25,9.9,mobile,Silver,Busan,home,push,Explorer
CUST-000367,2025-05-28,26.0,6,10.13,2,5,0.414,0.363,10.7,mobile,Basic,Gyeonggi,beauty,email|push,Bargain
CUST-000368,2022-04-07,38.0,11,36.21,4,0,0.326,0.523,6.8,desktop,Basic,Seoul,fashion,email,Explorer
CUST-000369,2024-03-21,34.0,14,15.12,6,5,0.165,0.313,8.3,mobile,Silver,Daejeon,electronics,push,Loyal
CUST-000370,2022-07-23,57.0,10,11.58,9,2,0.372,0.641,9.8,mobile,Gold,Daejeon,sports,push,Bargain
CUST-000371,2023-07-26,25.0,6,18.42,7,2,0.33,0.4,9.0,mobile,Basic,Seoul,home,email|push,Explorer
CUST-000372,2023-03-06,49.0,8,9.34,3,5,0.253,0.224,3.9,desktop,Silver,Busan,electronics,email|push|sms,Explorer
CUST-000373,2022-07-07,59.0,11,13.95,9,3,0.35,0.829,21.4,mobile,Silver,Busan,fashion,email,Bargain
CUST-000374,2026-07-23,31.0,9,6.91,6,3,0.027,0.401,10.9,tablet,Gold,Gyeonggi,beauty,push,Loyal
CUST-000375,2024-06-25,39.0,7,30.11,8,8,0.32,0.414,11.5,desktop,Silver,Busan,fashion,email,Loyal
CUST-000376,2026-03-30,37.0,7,20.31,7,4,0.359,0.174,9.9,mobile,Gold,Daegu,fashion,push|sms,Explorer
CUST-000377,2022-02-23,30.0,10,13.79,5,6,0.022,0.331,18.6,mobile,Basic,Busan,home,email|push,Bargain
CUST-000378,2026-01-17,51.0,10,9.54,7,3,0.111,0.658,14.9,desktop,Silver,Gyeonggi,fashion,email|push|sms,Bargain
CUST-000379,2024-08-28,38.0,7,22.23,5,2,0.212,0.379,21.9,mobile,Gold,Seoul,home,sms,Bargain
CUST-000380,2024-04-18,40.0,11,4.7,8,6,0.079,0.369,20.5,mobile,Basic,Seoul,beauty,email|push,Loyal
CUST-000381,2022-10-21,42.0,8,17.38,8,1,0.159,0.46,10.7,desktop,Silver,Busan,electronics,email|sms,Bargain
CUST-000382,2023-08-16,22.0,10,24.52,5,3,0.187,0.319,19.4,mobile,Silver,Busan,home,push,Explorer
CUST-000383,2023-11-11,42.0,12,17.14,6,10,0.36,0.129,11.5,desktop,Gold,Daejeon,beauty,email,Loyal
CUST-000384,2022-01-16,25.0,13,13.18,10,3,0.223,0.664,13.2,desktop,Gold,Seoul,sports,email,Bargain
CUST-000385,2022-05-22,46.0,12,12.53,6,7,0.207,0.529,10.2,mobile,Basic,Busan,beauty,email,Loyal
CUST-000386,2024-09-19,44.0,10,20.22,3,5,0.104,0.443,8.9,mobile,Basic,Busan,beauty,email,Loyal
CUST-000387,2024-07-16,48.0,4,16.63,4,9,0.178,0.5,11.0,desktop,Gold,Seoul,electronics,email|push|sms,Loyal
CUST-000388,2023-05-14,27.0,6,7.36,9,3,0.046,0.218,3.6,mobile,Basic,Seoul,sports,email|push,Bargain
CUST-000389,2022-05-21,34.0,10,17.41,3,5,0.143,0.567,35.6,mobile,Silver,Seoul,home,email|sms,Bargain
CUST-000390,2025-06-22,29.0,7,7.81,6,2,0.193,0.359,15.2,mobile,Silver,Daegu,electronics,sms,Bargain
CUST-000391,2022-03-27,39.0,10,38.71,5,2,0.385,0.47,8.2,mobile,Basic,Gyeonggi,beauty,email,Explorer
CUST-000392,2024-04-19,41.0,9,18.66,3,3,0.283,0.536,18.9,mobile,Gold,Busan,home,email|push|sms,Explorer
CUST-000393,2024-07-28,54.0,7,14.39,3,5,0.125,0.249,19.2,mobile,Silver,Busan,home,push|sms,Loyal
CUST-000394,2023-02-20,60.0,9,43.72,3,0,0.184,0.55,7.0,mobile,Gold,Busan,beauty,email|push,Explorer
CUST-000395,2025-02-22,37.0,10,5.63,3,6,0.196,0.599,3.0,mobile,Basic,Gyeonggi,beauty,email,Loyal
CUST-000396,2022-05-10,42.0,15,8.22,11,6,0.069,0.268,3.1,desktop,Basic,Daegu,fashion,sms,Explorer
CUST-000397,2023-07-31,46.0,9,15.95,6,0,0.073,0.29,5.7,mobile,Silver,Gyeonggi,fashion,email,Bargain
CUST-000398,2023-08-06,56.0,8,46.07,5,6,0.096,0.469,19.9,mobile,Silver,Seoul,home,email|sms,Explorer
CUST-000399,2023-10-14,42.0,7,40.97,5,5,0.159,0.712,28.1,desktop,Basic,Seoul,home,sms,Explorer
CUST-000400,2023-09-12,36.0,7,15.69,3,4,0.248,0.162,43.6,mobile,Basic,Seoul,beauty,push,Loyal
CUST-000401,2023-06-21,21.0,13,11.98,4,4,0.313,0.641,19.0,desktop,Basic,Seoul,electronics,push,Bargain
CUST-000402,2022-05-24,36.0,9,19.33,4,4,0.245,0.427,31.1,desktop,Basic,Daegu,electronics,email|push,Explorer
CUST-000403,2023-02-11,27.0,3,16.02,5,3,0.2,0.584,8.4,mobile,Basic,Seoul,fashion,push,Bargain
CUST-000404,2024-06-17,35.0,10,8.37,9,1,0.085,0.209,8.6,mobile,Basic,Busan,electronics,push,Bargain
CUST-000405,2023-07-15,66.0,7,31.94,4,5,0.123,0.231,9.2,desktop,Silver,Daegu,fashion,sms,Explorer
CUST-000406,2022-01-03,42.0,10,14.71,9,4,0.139,0.625,8.8,mobile,Gold,Gyeonggi,sports,sms,Bargain
CUST-000407,2025-12-14,59.0,13,38.77,6,8,0.223,0.486,10.3,mobile,Silver,Daegu,home,email,Loyal
CUST-000408,2023-04-30,36.0,12,20.61,4,3,0.146,0.787,12.7,mobile,Basic,Busan,sports,sms,Bargain
CUST-000409,2024-08-21,24.0,5,18.02,3,7,0.102,0.919,14.0,mobile,Basic,Busan,beauty,email,Explorer
CUST-000410,2025-05-25,56.0,8,13.41,5,0,0.168,0.351,4.8,mobile,Gold,Seoul,beauty,email,Explorer
CUST-000411,2024-09-28,25.0,6,18.92,7,5,0.249,0.101,5.3,tablet,Silver,Gyeonggi,fashion,email,Loyal
CUST-000412,2022-01-14,38.0,10,24.89,7,5,0.062,0.425,10.4,mobile,Basic,Busan,electronics,push|sms,Loyal
CUST-000413,2025-01-10,38.0,16,8.29,7,3,0.086,0.484,8.2,tablet,Silver,Seoul,beauty,email|sms,Bargain
CUST-000414,2023-01-02,18.0,12,31.82,6,2,0.062,0.529,8.3,mobile,Basic,Seoul,fashion,email|push,Explorer
CUST-000415,2024-07-31,56.0,7,8.81,4,7,0.206,0.384,11.3,mobile,Gold,Busan,sports,email|push|sms,Loyal
CUST-000416,2023-04-09,39.0,15,37.95,4,2,0.203,0.688,23.5,mobile,Silver,Gyeonggi,home,email|push,Explorer
CUST-000417,2022-07-08,50.0,6,9.58,6,2,0.215,0.569,14.9,mobile,Basic,Gyeonggi,electronics,push,Bargain
CUST-000418,2025-12-05,18.0,7,30.11,6,5,0.258,0.407,34.3,mobile,Silver,Gyeonggi,electronics,email,Explorer
CUST-000419,2026-04-04,57.0,11,8.18,5,4,0.288,0.21,4.6,desktop,Basic,Seoul,sports,email|push|sms,Bargain
CUST-000420,2022-06-23,46.0,9,20.94,6,6,0.02,0.902,13.9,mobile,Basic,Seoul,sports,email|sms,Bargain
CUST-000421,2022-07-12,41.0,10,2.0,9,5,0.082,0.57,2.3,desktop,Basic,Busan,beauty,email,Bargain
CUST-000422,2023-05-29,54.0,10,15.58,5,3,0.053,0.398,3.1,desktop,Gold,Daejeon,electronics,sms,Explorer
CUST-000423,2022-05-25,37.0,8,18.08,3,3,0.096,0.559,5.5,mobile,Basic,Seoul,beauty,push,Bargain
CUST-000424,2025-06-30,45.0,5,24.38,3,2,0.304,0.475,2.2,desktop,Basic,Seoul,home,email|push,Explorer
CUST-000425,2022-10-03,54.0,11,5.5,3,7,0.222,0.756,28.5,desktop,Silver,Gyeonggi,fashion,email|push|sms,Bargain
CUST-000426,2026-03-31,57.0,5,12.62,3,3,0.168,0.839,6.6,mobile,Gold,Seoul,fashion,push|sms,Bargain
CUST-000427,2024-04-16,36.0,4,14.93,3,6,0.447,0.085,25.3,mobile,Basic,Gyeonggi,fashion,push,Loyal
CUST-000428,2023-10-07,33.0,8,13.08,9,3,0.111,0.15,3.8,mobile,Basic,Daejeon,beauty,email,Bargain
CUST-000429,2025-02-27,44.0,13,17.64,7,2,0.08,0.205,34.8,mobile,Gold,Seoul,fashion,email,Bargain
CUST-000430,2026-06-12,47.0,9,18.27,4,1,0.086,0.152,11.9,mobile,Basic,Seoul,fashion,push,Explorer
CUST-000431,2022-12-05,44.0,9,20.37,9,5,0.102,0.318,23.7,mobile,Silver,Daegu,sports,email,Bargain
CUST-000432,2025-01-31,53.0,7,4.34,4,3,0.138,0.64,10.1,desktop,Basic,Seoul,sports,sms,Bargain
CUST-000433,2025-08-29,40.0,6,7.38,5,3,0.155,0.549,34.0,mobile,Basic,Seoul,home,email,Bargain
CUST-000434,2024-10-13,19.0,11,10.26,3,6,0.203,0.425,7.4,mobile,Basic,Gyeonggi,beauty,push,Loyal
CUST-000435,2025-11-22,49.0,10,15.83,5,5,0.144,0.811,23.7,desktop,Basic,Seoul,fashion,email|push|sms,Bargain
CUST-000436,2023-12-27,30.0,9,8.6,4,3,0.27,0.183,34.1,mobile,Basic,Seoul,fashion,push,Explorer
CUST-000437,2025-12-31,55.0,9,11.81,14,8,0.392,0.707,14.5,desktop,Gold,Busan,fashion,email,Loyal
CUST-000438,2024-11-02,35.0,6,21.29,6,2,0.148,0.53,17.0,desktop,Silver,Busan,fashion,email|push,Bargain
CUST-000439,2024-08-03,42.0,5,15.21,5,4,0.089,0.534,10.2,tablet,Basic,Seoul,beauty,push|sms,Explorer
CUST-000440,2024-10-09,40.0,5,29.35,8,6,0.151,0.519,20.1,mobile,Silver,Gyeonggi,beauty,sms,Explorer
CUST-000441,2023-07-04,50.0,5,14.07,2,6,0.156,0.521,15.6,mobile,Gold,Seoul,beauty,push,Loyal
CUST-000442,2024-02-07,29.0,5,34.59,6,1,0.402,0.485,33.6,mobile,Basic,Gyeonggi,beauty,email|push|sms,Bargain
CUST-000443,2022-08-02,38.0,19,25.48,7,5,0.178,0.184,14.7,mobile,Basic,Seoul,home,sms,Explorer
CUST-000444,2024-02-08,63.0,9,20.47,4,1,0.147,0.437,6.7,mobile,Gold,Daejeon,home,email|push,Explorer
CUST-000445,2025-08-16,37.0,5,3.87,2,3,0.484,0.405,1.4,mobile,Basic,Daejeon,electronics,push,Bargain
CUST-000446,2025-01-13,54.0,4,14.46,9,3,0.198,0.242,17.4,mobile,Silver,Gyeonggi,sports,email,Explorer
CUST-000447,2022-01-02,23.0,6,25.53,6,3,0.174,0.187,4.7,mobile,Silver,Gyeonggi,beauty,email,Explorer
CUST-000448,2025-02-28,44.0,7,15.64,5,1,0.027,0.271,1.5,tablet,Silver,Gyeonggi,beauty,sms,Bargain
CUST-000449,2025-05-21,37.0,11,6.52,4,4,0.076,0.38,8.1,desktop,Silver,Busan,fashion,email,Loyal
CUST-000450,2023-12-20,46.0,6,6.15,8,3,0.048,0.443,24.4,desktop,Silver,Gyeonggi,fashion,email|push,Bargain
CUST-000451,2023-03-30,25.0,4,21.64,7,2,0.073,0.479,28.0,desktop,Basic,Gyeonggi,sports,email|sms,Bargain
CUST-000452,2022-03-28,29.0,11,15.79,5,2,0.16,0.267,23.8,mobile,Basic,Seoul,home,email|sms,Explorer
CUST-000453,2025-08-23,40.0,16,23.31,7,1,0.038,0.583,6.4,tablet,Basic,Busan,electronics,email|push,Explorer
CUST-000454,2024-04-17,50.0,7,16.79,6,4,0.33,0.151,14.2,mobile,Silver,Busan,beauty,email|push|sms,Explorer
CUST-000455,2022-09-25,19.0,10,26.47,10,2,0.31,0.232,5.7,mobile,Basic,Seoul,fashion,push|sms,Bargain
CUST-000456,2024-02-08,43.0,10,10.74,5,6,0.055,0.014,10.3,desktop,Basic,Busan,beauty,push,Loyal
CUST-000457,2022-04-29,45.0,10,27.43,9,4,0.025,0.354,12.4,mobile,Basic,Daejeon,fashion,email,Explorer
CUST-000458,2024-08-20,49.0,10,12.12,2,3,0.087,0.561,5.1,desktop,Basic,Gyeonggi,home,push,Bargain
CUST-000459,2026-07-08,45.0,9,13.64,8,2,0.036,0.188,29.6,mobile,Basic,Seoul,sports,email|push|sms,Explorer
CUST-000460,2024-12-30,21.0,7,8.39,4,3,0.227,0.491,3.3,mobile,Silver,Daegu,beauty,sms,Bargain
CUST-000461,2022-11-29,61.0,8,12.71,6,4,0.067,0.253,16.8,mobile,Silver,Seoul,fashion,push,Explorer
CUST-000462,2022-08-29,24.0,11,16.43,12,5,0.023,0.612,9.1,mobile,Basic,Gyeonggi,fashion,email|sms,Bargain
CUST-000463,2022-12-28,40.0,12,10.31,8,0,0.045,0.623,10.7,mobile,Silver,Daejeon,electronics,email|push|sms,Bargain
CUST-000464,2025-09-09,30.0,13,8.81,1,4,0.106,0.43,15.9,mobile,Basic,Daegu,electronics,email,Bargain
CUST-000465,2023-12-18,35.0,5,8.63,3,10,0.142,0.765,26.9,tablet,Silver,Busan,home,sms,Loyal
CUST-000466,2024-03-02,51.0,5,2.68,5,4,0.122,0.588,13.7,tablet,Silver,Gyeonggi,home,email,Loyal
CUST-000467,2024-02-09,28.0,8,22.53,3,4,0.36,0.207,15.9,mobile,Basic,Daejeon,electronics,sms,Explorer
CUST-000468,2024-10-22,19.0,9,13.76,9,4,0.079,0.303,17.3,desktop,Basic,Gyeonggi,fashion,sms,Explorer
CUST-000469,2023-06-16,62.0,6,10.84,2,2,0.325,0.424,11.7,mobile,Silver,Gyeonggi,beauty,push,Bargain
CUST-000470,2022-01-31,55.0,12,32.89,8,3,0.172,0.724,4.0,desktop,Basic,Gyeonggi,sports,email|push,Bargain
CUST-000471,2022-12-12,62.0,9,3.81,5,2,0.201,0.569,5.7,mobile,Silver,Seoul,fashion,email,Bargain
CUST-000472,2024-07-01,45.0,10,23.22,8,5,0.156,0.509,3.6,desktop,Gold,Gyeonggi,electronics,push|sms,Loyal
CUST-000473,2025-11-26,62.0,11,34.33,11,4,0.355,0.021,16.3,mobile,Basic,Seoul,fashion,sms,Explorer
CUST-000474,2026-02-21,43.0,6,35.14,6,8,0.39,0.349,28.5,mobile,Silver,Daegu,electronics,email,Explorer
CUST-000475,2023-03-20,51.0,8,25.59,3,2,0.106,0.612,4.5,mobile,Basic,Daegu,electronics,email|push,Bargain
CUST-000476,2023-12-26,42.0,7,8.73,7,5,0.226,0.667,22.8,mobile,Basic,Seoul,fashion,push,Bargain
CUST-000477,2022-04-17,34.0,11,18.35,12,7,0.2,0.52,14.5,mobile,Basic,Gyeonggi,home,push|sms,Bargain
CUST-000478,2023-05-26,29.0,7,18.35,5,3,0.165,0.609,0.5,desktop,Silver,Gyeonggi,electronics,push|sms,Explorer
CUST-000479,2024-05-17,47.0,7,14.54,7,3,0.329,0.302,23.4,desktop,Basic,Seoul,fashion,email|push,Bargain
CUST-000480,2025-12-05,42.0,9,3.41,5,5,0.013,0.07,5.2,mobile,Basic,Busan,beauty,sms,Loyal
CUST-000481,2025-05-23,31.0,14,26.35,5,3,0.095,0.592,29.3,tablet,Basic,Gyeonggi,fashion,push,Bargain
CUST-000482,2024-06-29,56.0,8,34.26,7,6,0.168,0.378,27.6,mobile,Silver,Gyeonggi,home,email|push,Explorer
CUST-000483,2025-08-07,40.0,13,33.43,7,6,0.18,0.51,19.9,mobile,Basic,Gyeonggi,sports,email,Explorer
CUST-000484,2023-08-04,55.0,14,13.51,8,8,0.137,0.755,12.6,desktop,Gold,Gyeonggi,beauty,email|sms,Bargain
CUST-000485,2026-02-02,51.0,12,27.58,6,4,0.329,0.412,12.3,mobile,Basic,Busan,fashion,sms,Bargain
CUST-000486,2024-10-06,55.0,9,23.71,5,6,0.138,0.339,2.9,tablet,Gold,Seoul,fashion,email|sms,Loyal
CUST-000487,2023-07-08,50.0,9,15.92,10,7,0.126,0.457,6.8,mobile,Silver,Busan,electronics,email|sms,Loyal
CUST-000488,2024-01-04,34.0,10,6.99,6,2,0.29,0.47,19.2,desktop,Basic,Gyeonggi,home,push|sms,Explorer
CUST-000489,2025-12-13,41.0,6,27.82,6,3,0.375,0.145,8.0,desktop,Silver,Busan,fashion,email|sms,Bargain
CUST-000490,2023-07-07,42.0,10,20.69,3,2,0.062,0.212,15.6,desktop,Silver,Gyeonggi,electronics,email|push|sms,Explorer
CUST-000491,2024-02-14,41.0,9,5.93,6,7,0.092,0.127,2.9,mobile,Silver,Seoul,fashion,email,Loyal
CUST-000492,2024-04-22,28.0,11,5.66,4,4,0.397,0.438,8.0,mobile,Basic,Gyeonggi,fashion,sms,Explorer
CUST-000493,2025-12-11,42.0,8,16.49,4,6,0.159,0.361,13.4,mobile,Basic,Seoul,fashion,email,Bargain
CUST-000494,2023-03-25,39.0,3,6.78,9,6,0.106,0.187,8.5,desktop,Silver,Daegu,sports,email|push|sms,Loyal
CUST-000495,2022-07-14,30.0,11,12.11,8,1,0.442,0.64,26.7,mobile,Silver,Seoul,beauty,email|push|sms,Explorer
CUST-000496,2025-07-28,25.0,9,21.71,3,1,0.049,0.175,12.2,desktop,Silver,Daejeon,home,email,Explorer
CUST-000497,2023-07-11,43.0,6,14.86,4,5,0.142,0.15,26.0,mobile,Silver,Seoul,fashion,email|push,Explorer
CUST-000498,2024-03-31,47.0,6,14.06,6,3,0.06,0.166,14.8,tablet,Gold,Busan,electronics,sms,Loyal
CUST-000499,2024-05-09,37.0,6,35.14,10,3,0.198,0.655,25.6,mobile,Basic,Daejeon,fashion,email|push,Bargain
CUST-000500,2024-01-28,44.0,8,17.34,8,3,0.1,0.282,3.2,mobile,Silver,Seoul,beauty,push,Bargain
CUST-000501,2022-04-07,49.0,4,17.23,4,5,0.117,0.314,3.3,mobile,Basic,Seoul,beauty,sms,Bargain
CUST-000502,2025-10-21,32.0,7,16.2,3,7,0.209,0.719,8.2,mobile,Basic,Daegu,beauty,email|push,Loyal
CUST-000503,2022-10-29,43.0,6,37.93,7,3,0.199,0.669,10.4,mobile,Silver,Seoul,beauty,sms,Explorer
CUST-000504,2024-05-20,18.0,7,23.22,5,4,0.201,0.293,17.8,mobile,Silver,Busan,electronics,push|sms,Explorer
CUST-000505,2024-02-29,38.0,9,34.63,3,4,0.136,0.444,11.3,mobile,Silver,Seoul,fashion,email,Explorer
CUST-000506,2023-07-13,29.0,5,25.82,7,5,0.198,0.126,18.3,mobile,Basic,Busan,electronics,email,Explorer
CUST-000507,2024-05-23,33.0,10,20.0,6,5,0.176,0.29,11.9,desktop,Silver,Gyeonggi,beauty,email,Loyal
CUST-000508,2025-09-19,30.0,6,22.95,5,3,0.072,0.426,11.3,mobile,Silver,Seoul,sports,push|sms,Bargain
CUST-000509,2025-09-07,44.0,10,22.63,5,4,0.202,0.223,27.6,mobile,Basic,Busan,beauty,email,Bargain
CUST-000510,2023-11-03,40.0,10,35.23,6,1,0.032,0.276,33.0,desktop,Silver,Gyeonggi,home,email|push|sms,Explorer
CUST-000511,2024-11-06,40.0,11,18.67,12,2,0.071,0.305,18.8,mobile,Basic,Gyeonggi,beauty,email|push,Bargain
CUST-000512,2023-04-29,37.0,15,26.38,5,2,0.067,0.616,10.9,desktop,Silver,Daegu,fashion,push,Bargain
CUST-000513,2025-02-27,40.0,8,12.09,6,4,0.134,0.418,38.2,mobile,Silver,Gyeonggi,beauty,email|push|sms,Bargain
CUST-000514,2023-01-12,37.0,14,37.96,6,3,0.19,0.551,19.9,desktop,Basic,Daegu,home,push|sms,Explorer
CUST-000515,2025-01-15,48.0,11,26.67,9,5,0.193,0.409,17.3,mobile,Silver,Gyeonggi,electronics,push,Explorer
CUST-000516,2022-08-25,49.0,4,23.11,7,1,0.356,0.739,6.0,mobile,Gold,Gyeonggi,electronics,sms,Explorer
CUST-000517,2025-10-28,49.0,12,13.71,5,4,0.154,0.481,7.6,desktop,Gold,Seoul,electronics,sms,Bargain
CUST-000518,2025-07-08,32.0,11,30.89,7,5,0.302,0.177,1.8,mobile,Gold,Gyeonggi,sports,push,Loyal
CUST-000519,2022-10-30,30.0,12,14.03,6,4,0.12,0.432,12.6,desktop,Gold,Gyeonggi,sports,push|sms,Loyal
CUST-000520,2022-09-07,41.0,10,5.48,3,0,0.183,0.806,10.1,desktop,Basic,Gyeonggi,beauty,email|sms,Bargain
CUST-000521,2025-04-17,26.0,10,17.2,5,1,0.288,0.779,9.2,desktop,Silver,Daejeon,fashion,push,Bargain
CUST-000522,2023-05-08,54.0,8,25.76,10,3,0.026,0.601,3.7,desktop,Basic,Gyeonggi,electronics,email,Explorer
CUST-000523,2025-09-07,31.0,12,24.51,7,4,0.178,0.466,12.6,mobile,Basic,Gyeonggi,sports,email|push|sms,Explorer
CUST-000524,2022-04-11,26.0,10,17.68,4,2,0.139,0.418,11.9,mobile,Gold,Seoul,beauty,sms,Explorer
CUST-000525,2022-11-28,41.0,12,7.03,4,6,0.377,0.234,11.8,mobile,Basic,Daejeon,beauty,email|push,Loyal
CUST-000526,2025-11-20,47.0,4,43.74,9,6,0.237,0.536,21.5,desktop,Gold,Busan,sports,email,Explorer
CUST-000527,2024-07-29,26.0,8,15.28,2,4,0.228,0.636,5.5,mobile,Basic,Busan,fashion,push,Explorer
CUST-000528,2023-05-17,36.0,9,28.07,3,6,0.254,0.206,15.7,mobile,Gold,Busan,home,email|push,Loyal
CUST-000529,2022-07-15,33.0,7,11.53,6,4,0.114,0.496,25.3,mobile,Basic,Seoul,beauty,email,Bargain
CUST-000530,2022-06-05,18.0,4,13.71,10,2,0.259,0.585,35.7,desktop,Basic,Gyeonggi,home,email,Bargain
CUST-000531,2024-08-16,47.0,8,15.38,4,3,0.06,0.665,6.9,desktop,Basic,Seoul,sports,push,Explorer
CUST-000532,2022-12-25,44.0,8,23.79,8,5,0.054,0.153,6.6,desktop,Basic,Seoul,beauty,email|push,Explorer
CUST-000533,2022-03-13,57.0,11,17.22,8,2,0.044,0.427,21.2,desktop,Gold,Busan,home,sms,Loyal
CUST-000534,2022-05-12,18.0,9,18.87,5,1,0.007,0.481,9.4,mobile,Silver,Busan,electronics,email|sms,Explorer
CUST-000535,2023-04-18,37.0,11,11.9,9,6,0.018,0.561,6.2,mobile,Basic,Daegu,fashion,push,Bargain
CUST-000536,2022-08-04,34.0,3,10.93,5,3,0.063,0.243,16.8,desktop,Basic,Seoul,sports,push,Bargain
CUST-000537,2025-08-05,51.0,9,27.75,5,5,0.081,0.766,6.6,mobile,Silver,Seoul,electronics,sms,Explorer
CUST-000538,2023-04-21,36.0,8,42.06,8,3,0.07,0.092,26.5,mobile,Silver,Gyeonggi,beauty,email,Explorer
CUST-000539,2025-06-11,50.0,6,58.23,6,5,0.107,0.442,2.9,mobile,Basic,Gyeonggi,beauty,email,Explorer
CUST-000540,2024-08-23,64.0,6,10.96,5,3,0.286,0.661,22.5,desktop,Gold,Busan,sports,sms,Bargain
CUST-000541,2025-07-23,45.0,5,12.4,9,7,0.059,0.63,36.2,mobile,Basic,Busan,fashion,email,Explorer
CUST-000542,2022-03-23,35.0,4,11.62,4,5,0.182,0.135,3.5,desktop,Basic,Gyeonggi,beauty,email,Loyal
CUST-000543,2023-06-10,28.0,14,20.96,2,5,0.093,0.575,49.1,mobile,Basic,Busan,sports,sms,Bargain
CUST-000544,2024-03-14,45.0,7,32.59,5,2,0.027,0.433,15.0,mobile,Basic,Gyeonggi,home,email,Explorer
CUST-000545,2025-10-01,40.0,4,18.39,9,3,0.264,0.185,19.3,mobile,Basic,Gyeonggi,beauty,sms,Bargain
CUST-000546,2026-07-13,43.0,8,42.93,2,9,0.14,0.203,6.0,mobile,Gold,Busan,home,push,Loyal
CUST-000547,2024-06-05,36.0,8,11.67,9,2,0.111,0.37,2.3,mobile,Basic,Busan,electronics,email,Bargain
CUST-000548,2025-04-30,49.0,6,35.57,8,7,0.059,0.679,21.9,tablet,Gold,Daejeon,beauty,email|push|sms,Loyal
CUST-000549,2025-12-24,51.0,10,19.23,5,5,0.066,0.283,6.1,desktop,Basic,Seoul,beauty,email|push|sms,Loyal
CUST-000550,2023-10-28,44.0,11,24.78,10,2,0.219,0.646,5.4,mobile,Basic,Busan,electronics,push,Bargain
CUST-000551,2026-03-25,42.0,9,14.72,8,5,0.174,0.469,13.8,tablet,Silver,Busan,electronics,push,Bargain
CUST-000552,2022-03-29,40.0,8,8.13,6,4,0.204,0.406,11.8,desktop,Basic,Gyeonggi,sports,email,Explorer
CUST-000553,2024-09-06,38.0,11,23.77,4,4,0.094,0.321,1.4,mobile,Silver,Daejeon,beauty,sms,Explorer
CUST-000554,2025-10-23,36.0,4,31.65,4,6,0.163,0.507,5.7,mobile,Basic,Seoul,home,push,Loyal
CUST-000555,2022-12-09,38.0,11,47.14,12,7,0.16,0.454,7.8,mobile,Gold,Seoul,beauty,push,Explorer
CUST-000556,2022-11-26,47.0,13,4.53,3,2,0.081,0.166,13.0,desktop,Basic,Gyeonggi,electronics,push,Explorer
CUST-000557,2025-02-03,29.0,10,25.08,2,1,0.306,0.862,14.3,mobile,Basic,Gyeonggi,fashion,email,Explorer
CUST-000558,2025-09-04,36.0,4,40.84,7,2,0.168,0.517,20.2,mobile,Basic,Seoul,beauty,email,Explorer
CUST-000559,2023-09-07,52.0,5,18.66,3,3,0.433,0.243,2.7,mobile,Basic,Seoul,sports,sms,Bargain
CUST-000560,2022-06-05,46.0,8,25.41,10,5,0.053,0.177,7.3,desktop,Silver,Seoul,home,email,Explorer
CUST-000561,2023-07-08,30.0,10,17.82,6,5,0.238,0.623,0.7,mobile,Basic,Busan,electronics,email|sms,Bargain
CUST-000562,2024-05-13,28.0,8,23.9,8,3,0.107,0.641,7.8,mobile,Silver,Seoul,beauty,push,Bargain
CUST-000563,2022-03-09,21.0,15,9.06,8,3,0.406,0.332,8.9,desktop,Basic,Busan,fashion,sms,Explorer
CUST-000564,2022-08-19,55.0,8,10.22,5,8,0.231,0.574,18.4,desktop,Basic,Daejeon,fashion,email|push,Bargain
CUST-000565,2025-09-23,35.0,14,9.6,6,3,0.246,0.771,2.3,mobile,Basic,Busan,sports,email|push,Bargain
CUST-000566,2022-07-18,37.0,5,11.24,10,3,0.215,0.233,8.5,mobile,Silver,Seoul,sports,email,Explorer
CUST-000567,2022-03-08,44.0,7,25.62,6,4,0.153,0.314,6.5,mobile,Silver,Gyeonggi,electronics,email|push,Explorer
CUST-000568,2022-02-10,44.0,11,24.71,9,1,0.084,0.871,7.6,desktop,Silver,Gyeonggi,fashion,email|push,Explorer
CUST-000569,2023-01-15,21.0,6,11.63,7,7,0.188,0.232,22.9,mobile,Basic,Busan,fashion,sms,Explorer
CUST-000570,2023-06-17,40.0,4,14.04,9,8,0.027,0.33,13.0,mobile,Gold,Gyeonggi,beauty,push,Loyal
CUST-000571,2024-10-21,18.0,6,8.81,6,6,0.103,0.684,1.7,mobile,Gold,Busan,fashion,email|push|sms,Loyal
CUST-000572,2025-08-04,18.0,8,16.97,5,4,0.241,0.202,4.6,mobile,Silver,Gyeonggi,home,sms,Explorer
CUST-000573,2023-10-17,68.0,3,9.59,4,6,0.128,0.77,14.6,mobile,Basic,Seoul,beauty,push,Bargain
CUST-000574,2025-05-01,35.0,6,6.3,5,3,0.341,0.564,17.0,mobile,Gold,Busan,sports,email,Loyal
CUST-000575,2024-12-30,43.0,6,6.58,5,3,0.029,0.416,6.4,mobile,Basic,Busan,sports,push,Explorer
CUST-000576,2025-10-06,34.0,7,4.25,7,5,0.189,0.437,28.8,mobile,Silver,Seoul,beauty,email,Bargain
CUST-000577,2023-08-28,36.0,5,16.45,3,1,0.201,0.188,11.9,mobile,Gold,Busan,beauty,push|sms,Explorer
CUST-000578,2022-10-05,38.0,12,18.73,4,2,0.298,0.254,14.8,mobile,Silver,Seoul,electronics,sms,Explorer
CUST-000579,2025-05-01,32.0,6,24.12,10,2,0.062,0.299,10.5,mobile,Basic,Gyeonggi,beauty,push,Bargain
CUST-000580,2026-03-16,48.0,4,45.75,8,2,0.106,0.046,16.4,mobile,Silver,Seoul,electronics,email|push,Bargain
CUST-000581,2026-02-16,40.0,13,23.72,10,2,0.249,0.601,3.8,mobile,Basic,Gyeonggi,beauty,email|push|sms,Bargain
CUST-000582,2022-07-26,32.0,13,10.16,8,6,0.434,0.522,15.6,desktop,Basic,Daejeon,beauty,push|sms,Bargain
CUST-000583,2025-01-08,18.0,5,31.73,6,2,0.14,0.2,22.1,mobile,Basic,Busan,home,sms,Explorer
CUST-000584,2025-04-21,25.0,10,21.47,7,5,0.089,0.297,9.0,mobile,Basic,Busan,fashion,email|push|sms,Explorer
CUST-000585,2022-02-22,39.0,4,25.59,6,3,0.097,0.365,13.0,desktop,Silver,Seoul,beauty,push,Loyal
CUST-000586,2025-07-24,35.0,11,27.9,8,5,0.208,0.063,26.2,tablet,Basic,Seoul,fashion,email,Loyal
CUST-000587,2023-10-27,45.0,5,23.15,3,9,0.293,0.615,6.1,mobile,Basic,Busan,beauty,email|push,Loyal
CUST-000588,2025-09-30,50.0,9,28.92,4,3,0.074,0.429,46.2,mobile,Basic,Gyeonggi,electronics,push|sms,Explorer
CUST-000589,2025-12-18,35.0,8,42.76,4,4,0.039,0.345,6.2,desktop,Basic,Gyeonggi,fashion,email|push|sms,Explorer
CUST-000590,2023-10-20,47.0,13,21.91,5,9,0.127,0.858,9.3,mobile,Basic,Gyeonggi,sports,email,Bargain
CUST-000591,2023-10-14,29.0,15,11.49,5,2,0.006,0.471,31.8,tablet,Silver,Daegu,fashion,email|push|sms,Explorer
CUST-000592,2026-02-10,55.0,12,26.46,10,2,0.154,0.814,3.7,desktop,Basic,Busan,electronics,email,Bargain
CUST-000593,2024-07-05,30.0,6,7.32,6,4,0.062,0.742,2.0,mobile,Basic,Busan,electronics,email,Bargain
CUST-000594,2026-03-21,61.0,6,19.51,9,3,0.067,0.608,4.8,desktop,Gold,Gyeonggi,home,email|push,Bargain
CUST-000595,2026-01-03,45.0,11,15.54,1,2,0.242,0.622,13.9,desktop,Gold,Daegu,beauty,push|sms,Bargain
CUST-000596,2025-08-11,43.0,12,12.62,6,2,0.11,0.605,6.6,desktop,Basic,Gyeonggi,home,email,Bargain
CUST-000597,2025-12-05,21.0,8,28.82,4,5,0.386,0.597,12.9,tablet,Basic,Gyeonggi,electronics,email|sms,Explorer
CUST-000598,2025-12-09,65.0,14,6.44,7,4,0.242,0.436,32.6,desktop,Basic,Busan,beauty,email|push,Bargain
CUST-000599,2022-12-05,48.0,17,8.47,9,1,0.465,0.565,34.4,mobile,Basic,Daegu,beauty,push|sms,Bargain
CUST-000600,2023-03-19,39.0,9,11.6,3,7,0.159,0.323,9.9,mobile,Silver,Seoul,fashion,email,Loyal
CUST-000601,2022-04-15,37.0,9,14.24,2,6,0.053,0.759,17.1,desktop,Basic,Seoul,beauty,email,Bargain
CUST-000602,2024-06-23,58.0,11,26.85,4,1,0.409,0.665,16.6,desktop,Silver,Seoul,fashion,email|push,Explorer
CUST-000603,2026-07-28,28.0,8,12.21,5,4,0.43,0.165,33.8,mobile,Basic,Seoul,beauty,sms,At_Risk
CUST-000604,2026-04-30,46.0,14,17.35,9,7,0.122,0.432,9.4,tablet,Silver,Daejeon,sports,email|push|sms,Loyal
CUST-000605,2026-01-22,49.0,9,9.79,6,4,0.284,0.387,21.0,mobile,Silver,Daegu,electronics,push,Bargain
CUST-000606,2026-06-20,36.0,7,40.69,11,3,0.028,0.563,27.4,mobile,Silver,Daegu,fashion,email|push|sms,Explorer
CUST-000607,2023-08-06,34.0,18,33.67,15,9,0.013,0.426,39.3,mobile,Basic,Daejeon,beauty,sms,Explorer
CUST-000608,2024-03-30,51.0,13,10.73,4,1,0.356,0.557,25.6,mobile,Silver,Gyeonggi,fashion,email,Bargain
CUST-000609,2026-01-21,32.0,9,28.26,7,5,0.255,0.41,10.9,desktop,Basic,Gyeonggi,fashion,email|sms,Bargain
CUST-000610,2024-03-21,56.0,8,9.29,11,3,0.352,0.613,23.0,mobile,Silver,Daegu,electronics,push|sms,Explorer
CUST-000611,2023-05-15,42.0,5,10.02,5,7,0.222,0.552,3.8,desktop,Basic,Busan,fashion,push,Loyal
CUST-000612,2024-04-17,44.0,11,24.24,7,6,0.139,0.703,2.8,desktop,Basic,Busan,electronics,push,Bargain
CUST-000613,2024-09-11,33.0,3,22.22,6,6,0.078,0.659,8.7,mobile,Basic,Daegu,beauty,sms,Explorer
CUST-000614,2023-07-27,47.0,15,10.84,9,3,0.339,0.344,26.9,mobile,Basic,Busan,electronics,email,Explorer
CUST-000615,2023-01-22,32.0,16,21.64,10,7,0.24,0.779,24.8,desktop,Silver,Gyeonggi,sports,email|sms,Bargain
CUST-000616,2023-04-02,63.0,10,10.25,11,8,0.183,0.312,8.9,desktop,Basic,Seoul,electronics,push,Loyal
CUST-000617,2026-04-29,49.0,12,9.75,9,6,0.242,0.475,12.4,tablet,Silver,Daegu,sports,email|push,Loyal
CUST-000618,2026-07-31,34.0,8,20.85,6,3,0.208,0.576,31.5,mobile,Silver,Gyeonggi,electronics,email,Explorer
CUST-000619,2024-08-31,32.0,4,46.44,10,4,0.213,0.384,10.0,mobile,Gold,Gyeonggi,fashion,push,Explorer
CUST-000620,2025-01-16,61.0,11,14.73,12,5,0.169,0.305,5.2,mobile,Silver,Busan,beauty,email|push,Bargain
CUST-000621,2023-04-02,43.0,11,8.62,11,3,0.347,0.791,27.9,mobile,Basic,Seoul,sports,email,Bargain
CUST-000622,2023-02-23,51.0,5,42.11,5,1,0.291,0.335,11.2,desktop,Basic,Seoul,electronics,email,Explorer
CUST-000623,2023-06-16,54.0,4,43.94,7,1,0.163,0.754,24.1,mobile,Basic,Daejeon,sports,push,Bargain
CUST-000624,2024-01-05,50.0,6,20.23,5,2,0.282,0.504,2.8,mobile,Basic,Gyeonggi,home,push,Bargain
CUST-000625,2024-11-02,44.0,10,11.22,7,3,0.103,0.547,11.4,mobile,Basic,Seoul,sports,email|push|sms,Bargain
CUST-000626,2024-06-13,18.0,9,16.24,6,6,0.22,0.46,13.0,mobile,Basic,Busan,sports,email|push,Bargain
CUST-000627,2022-02-04,30.0,6,22.9,6,5,0.178,0.706,45.7,mobile,Basic,Gyeonggi,electronics,push|sms,Explorer
CUST-000628,2026-03-24,23.0,4,9.6,7,2,0.076,0.3,57.7,desktop,Basic,Gyeonggi,beauty,email,Bargain
CUST-000629,2026-06-08,29.0,17,23.65,9,2,0.062,0.159,12.8,mobile,Basic,Seoul,electronics,sms,Bargain
CUST-000630,2022-11-21,36.0,6,16.43,8,2,0.336,0.458,37.2,desktop,Basic,Gyeonggi,electronics,email,At_Risk
CUST-000631,2023-11-28,,14,27.58,5,2,0.048,0.285,18.5,tablet,Silver,Seoul,electronics,push,Explorer
CUST-000632,2022-09-06,39.0,9,17.68,5,3,0.006,0.516,9.8,mobile,Basic,Gyeonggi,fashion,email,Explorer
CUST-000633,2022-06-17,42.0,16,16.18,9,3,0.161,0.802,17.6,mobile,Basic,Gyeonggi,fashion,push,Bargain
CUST-000634,2026-03-16,43.0,8,8.47,7,5,0.109,0.346,13.4,mobile,Silver,Seoul,home,email,Bargain
CUST-000635,2025-07-24,35.0,7,8.26,6,9,0.153,0.55,5.4,desktop,Silver,Busan,electronics,sms,Loyal
CUST-000636,2024-08-05,29.0,9,4.97,4,5,0.192,0.487,14.8,mobile,Basic,Gyeonggi,home,email|push|sms,Bargain
CUST-000637,2023-07-27,50.0,13,25.08,6,2,0.096,0.538,3.0,mobile,Basic,Gyeonggi,home,email,Explorer
CUST-000638,2023-04-12,41.0,14,33.01,4,6,0.168,0.241,31.0,mobile,Basic,Seoul,beauty,sms,Explorer
CUST-000639,2022-11-06,32.0,11,17.65,5,5,0.102,0.511,48.9,desktop,Basic,Gyeonggi,home,push,Bargain
CUST-000640,2022-03-08,48.0,12,12.64,7,6,0.097,0.075,23.2,mobile,Basic,Seoul,electronics,email,Explorer
CUST-000641,2025-05-09,51.0,7,12.94,4,5,0.262,0.422,17.3,desktop,Basic,Daegu,beauty,email|sms,Loyal
CUST-000642,2024-10-03,37.0,5,11.51,4,0,0.245,0.585,11.8,mobile,Gold,Busan,electronics,email|push,Explorer
CUST-000643,2025-08-06,44.0,4,28.3,3,4,0.05,0.473,15.5,desktop,Silver,Gyeonggi,beauty,push,Loyal
CUST-000644,2023-11-19,56.0,7,26.51,6,4,0.121,0.397,11.2,tablet,Basic,Gyeonggi,beauty,sms,Explorer
CUST-000645,2025-08-21,40.0,8,23.88,6,4,0.147,0.881,19.6,mobile,Basic,Gyeonggi,beauty,sms,Explorer
CUST-000646,2022-10-14,41.0,11,16.33,7,2,0.031,0.225,10.2,mobile,Silver,Daejeon,beauty,email|push|sms,Bargain
CUST-000647,2022-04-23,28.0,6,33.25,4,8,0.173,0.605,9.5,mobile,Basic,Seoul,fashion,sms,Loyal
CUST-000648,2023-04-29,18.0,11,21.48,3,4,0.308,0.285,5.4,mobile,Basic,Daejeon,fashion,email,Bargain
CUST-000649,2026-03-02,51.0,10,11.4,6,4,0.435,0.543,50.2,mobile,Basic,Gyeonggi,home,email|push|sms,Bargain
CUST-000650,2022-08-10,52.0,9,40.96,5,0,0.21,0.086,9.5,desktop,Silver,Seoul,beauty,email|sms,Explorer
CUST-000651,2024-05-31,43.0,3,5.5,9,5,0.207,0.176,35.4,mobile,Silver,Busan,sports,push,Explorer
CUST-000652,2023-10-31,23.0,6,8.43,10,3,0.055,0.385,12.2,mobile,Silver,Daejeon,beauty,email|push,Bargain
CUST-000653,2025-07-08,37.0,8,18.99,8,7,0.101,0.632,9.1,mobile,Basic,Busan,electronics,email,Loyal
CUST-000654,2023-01-26,22.0,11,36.22,11,2,0.414,0.669,5.7,tablet,Basic,Gyeonggi,fashion,sms,Bargain
CUST-000655,2024-11-26,58.0,7,20.91,5,4,0.123,0.188,20.7,desktop,Basic,Gyeonggi,fashion,email|push,Loyal
CUST-000656,2022-07-23,33.0,14,17.59,6,5,0.068,0.062,9.4,mobile,Silver,Daejeon,home,email,Loyal
CUST-000657,2022-01-31,49.0,4,23.1,7,5,0.049,0.581,4.4,mobile,Gold,Busan,fashion,email,Bargain
CUST-000658,2025-09-12,40.0,12,14.64,9,3,0.138,0.547,2.1,mobile,Silver,Seoul,fashion,push,Explorer
CUST-000659,2023-06-11,42.0,7,17.85,4,5,0.261,0.118,9.6,desktop,Basic,Gyeonggi,fashion,sms,Explorer
CUST-000660,2022-04-12,23.0,4,29.25,6,3,0.046,0.751,3.6,desktop,Basic,Gyeonggi,home,push,Explorer
CUST-000661,2023-02-10,49.0,10,8.48,8,2,0.206,0.502,9.4,mobile,Silver,Busan,sports,email,Bargain
CUST-000662,2022-03-10,37.0,10,6.19,6,3,0.327,0.207,8.0,desktop,Basic,Seoul,sports,push|sms,Bargain
CUST-000663,2024-11-22,54.0,8,15.53,8,5,0.199,0.627,14.5,mobile,Basic,Gyeonggi,beauty,email,Bargain
CUST-000664,2024-09-19,22.0,18,12.01,6,4,0.028,0.407,32.7,mobile,Gold,Daegu,beauty,email|sms,Explorer
CUST-000665,2022-06-06,30.0,12,34.05,4,5,0.138,0.686,6.5,desktop,Silver,Gyeonggi,sports,push,Loyal
CUST-000666,2022-02-08,28.0,7,17.32,6,5,0.475,0.58,14.2,desktop,Silver,Gyeonggi,home,email|push|sms,Bargain
CUST-000667,2025-08-24,28.0,13,17.79,5,1,0.37,0.613,17.2,mobile,Basic,Busan,home,push|sms,Explorer
CUST-000668,2025-04-08,49.0,14,17.74,8,1,0.074,0.122,23.6,desktop,Gold,Gyeonggi,beauty,email|sms,Loyal
CUST-000669,2025-02-20,25.0,5,13.21,0,5,0.229,0.171,13.4,mobile,Gold,Gyeonggi,beauty,email,Loyal
CUST-000670,2022-01-23,27.0,14,20.14,8,5,0.217,0.6,9.0,mobile,Gold,Seoul,beauty,email|push,Bargain
CUST-000671,2022-03-07,34.0,12,16.72,10,5,0.332,0.404,23.4,desktop,Silver,Daejeon,home,email,Explorer
CUST-000672,2024-08-10,48.0,8,21.34,11,2,0.076,0.417,19.6,mobile,Silver,Busan,home,push,Explorer
CUST-000673,2022-02-05,32.0,5,15.4,7,4,0.171,0.788,9.4,mobile,Basic,Gyeonggi,fashion,email,Loyal
CUST-000674,2026-04-25,29.0,7,37.89,1,2,0.111,0.72,34.0,desktop,Silver,Busan,fashion,push,Bargain
CUST-000675,2022-12-04,36.0,11,28.77,7,2,0.195,0.285,6.9,mobile,Basic,Busan,sports,push|sms,Bargain
CUST-000676,2025-03-16,39.0,9,23.36,1,8,0.234,0.252,22.7,desktop,Basic,Seoul,electronics,sms,Loyal
CUST-000677,2025-09-07,51.0,5,22.85,6,4,0.231,0.923,8.3,desktop,Gold,Gyeonggi,home,email,Bargain
CUST-000678,2022-05-16,40.0,11,15.5,6,4,0.207,0.26,12.2,mobile,Basic,Gyeonggi,beauty,email,Explorer
CUST-000679,2024-12-24,38.0,12,25.05,4,5,0.204,0.207,15.3,mobile,Basic,Gyeonggi,fashion,email|sms,Explorer
CUST-000680,2025-10-28,40.0,8,39.09,4,5,0.225,0.749,11.3,mobile,Gold,Seoul,electronics,email|push|sms,Bargain
CUST-000681,2024-04-01,18.0,8,14.11,8,4,0.531,0.231,39.0,mobile,Basic,Gyeonggi,beauty,sms,Bargain
CUST-000682,2023-04-22,32.0,9,6.03,13,3,0.069,0.498,16.0,desktop,Silver,Busan,beauty,email,Bargain
CUST-000683,2022-09-04,21.0,8,45.65,2,3,0.093,0.409,33.3,mobile,Basic,Gyeonggi,fashion,email|push,Explorer
CUST-000684,2023-08-15,27.0,14,43.98,9,8,0.117,0.253,14.2,mobile,Basic,Busan,sports,email,Explorer
CUST-000685,2023-09-02,37.0,13,18.07,4,3,0.083,0.665,50.2,tablet,Silver,Daejeon,home,sms,Bargain
CUST-000686,2023-09-25,28.0,9,41.82,7,6,0.053,0.717,9.6,mobile,Basic,Busan,beauty,sms,Bargain
CUST-000687,2023-07-07,42.0,10,19.92,7,6,0.071,0.363,6.0,mobile,Basic,Busan,electronics,email|push,Explorer
CUST-000688,2025-10-06,41.0,11,13.97,6,0,0.42,0.469,8.8,desktop,Basic,Gyeonggi,home,sms,Bargain
CUST-000689,2023-02-24,42.0,9,17.75,5,4,0.11,0.364,9.9,desktop,Basic,Seoul,home,email|push,Explorer
CUST-000690,2022-09-28,45.0,7,32.15,12,2,0.284,0.471,6.7,mobile,Basic,Seoul,sports,email|push|sms,Bargain
CUST-000691,2024-10-12,33.0,9,36.47,5,1,0.068,0.204,24.1,mobile,Silver,Gyeonggi,electronics,sms,Explorer
CUST-000692,2026-07-29,58.0,5,6.51,4,0,0.222,0.698,21.7,mobile,Basic,Gyeonggi,home,email,Bargain
CUST-000693,2026-07-05,43.0,8,8.59,6,6,0.434,0.08,21.4,mobile,Gold,Daegu,beauty,email,Explorer
CUST-000694,2025-02-17,32.0,5,15.72,3,4,0.447,0.723,8.9,desktop,Gold,Seoul,fashion,email|sms,Bargain
CUST-000695,2024-08-02,58.0,6,16.45,5,3,0.234,0.292,15.5,mobile,Silver,Busan,fashion,push|sms,Explorer
CUST-000696,2025-11-13,22.0,7,7.75,3,4,0.182,0.686,5.2,mobile,Gold,Gyeonggi,fashion,email,Bargain
CUST-000697,2023-10-11,61.0,9,7.81,6,6,0.213,0.412,8.7,desktop,Silver,Busan,sports,email|sms,Loyal
CUST-000698,2025-09-05,42.0,4,9.47,3,1,0.077,0.577,13.4,mobile,Silver,Gyeonggi,beauty,email|sms,Bargain
CUST-000699,2023-05-20,25.0,12,13.45,6,4,0.105,0.543,35.5,mobile,Silver,Seoul,fashion,push,Explorer
CUST-000700,2022-06-23,66.0,11,3.76,7,1,0.203,0.774,14.7,desktop,Silver,Busan,fashion,push,Bargain
CUST-000701,2025-02-12,44.0,11,36.0,4,3,0.131,0.411,4.2,desktop,Basic,Seoul,home,push|sms,Explorer
CUST-000702,2025-05-04,44.0,11,23.07,6,6,0.175,0.614,3.8,desktop,Basic,Daejeon,electronics,push,Explorer
CUST-000703,2022-03-05,38.0,11,22.78,7,4,0.153,0.533,29.5,desktop,Basic,Seoul,fashion,email,Explorer
CUST-000704,2024-10-21,41.0,5,12.74,9,4,0.194,0.583,23.4,mobile,Basic,Seoul,sports,sms,Bargain
CUST-000705,2022-04-03,44.0,13,30.04,2,3,0.218,0.644,23.3,mobile,Basic,Busan,home,email,Explorer
CUST-000706,2026-05-19,33.0,7,27.58,5,4,0.062,0.447,4.6,desktop,Basic,Daegu,electronics,push,Explorer
CUST-000707,2024-02-01,47.0,11,2.95,4,5,0.107,0.446,19.2,mobile,Basic,Busan,electronics,sms,Loyal
CUST-000708,2022-05-30,28.0,10,18.87,6,2,0.081,0.43,1.6,mobile,Silver,Daegu,home,sms,Explorer
CUST-000709,2025-11-06,53.0,6,45.16,7,2,0.262,0.235,0.5,desktop,Basic,Seoul,electronics,email|push|sms,Explorer
CUST-000710,2025-10-29,46.0,4,28.53,8,4,0.17,0.48,13.3,mobile,Basic,Daejeon,beauty,email,Bargain
CUST-000711,2024-12-22,44.0,8,7.18,2,3,0.057,0.444,14.8,mobile,,Busan,beauty,email|push|sms,Bargain
CUST-000712,2025-06-03,35.0,5,29.9,5,3,0.332,0.643,7.9,mobile,Basic,Seoul,home,email|sms,Explorer
CUST-000713,2022-02-18,46.0,10,26.45,9,4,0.266,0.359,7.7,mobile,Gold,Gyeonggi,beauty,email|sms,Loyal
CUST-000714,2022-03-08,51.0,10,15.87,6,1,0.193,0.247,9.9,desktop,Basic,Seoul,electronics,email,Explorer
CUST-000715,2022-03-30,22.0,8,3.08,6,2,0.071,0.083,12.5,desktop,Basic,Daegu,fashion,email,Bargain
CUST-000716,2023-04-23,52.0,5,35.46,3,3,0.35,0.69,9.5,desktop,Gold,Seoul,sports,push,Explorer
CUST-000717,2025-10-17,63.0,9,14.7,9,4,0.321,0.508,6.6,desktop,Basic,Daegu,home,email,Bargain
CUST-000718,2025-06-27,32.0,6,31.49,7,1,0.14,0.561,18.3,desktop,Basic,Daejeon,home,sms,Explorer
CUST-000719,2023-06-01,37.0,10,28.86,5,8,0.37,0.455,3.4,mobile,Silver,Seoul,fashion,email,Bargain
CUST-000720,2023-06-03,38.0,5,31.69,2,4,0.099,0.724,2.8,mobile,Basic,Gyeonggi,sports,email,Bargain
CUST-000721,2022-03-24,46.0,7,19.14,9,5,0.199,0.648,15.4,tablet,Basic,Busan,electronics,push,Bargain
CUST-000722,2022-11-03,43.0,10,9.02,8,5,0.158,0.268,16.8,desktop,Silver,Seoul,home,sms,Bargain
CUST-000723,2023-06-03,,4,31.72,6,1,0.228,0.51,30.6,desktop,Gold,Gyeonggi,home,sms,Bargain
CUST-000724,2024-10-06,69.0,8,13.57,4,1,0.252,0.16,18.4,mobile,Silver,Daejeon,home,email,Bargain
CUST-000725,2025-05-05,44.0,10,14.38,4,4,0.204,0.786,1.1,desktop,Basic,Daegu,fashion,push,Explorer
CUST-000726,2023-10-23,33.0,4,10.43,8,3,0.1,0.461,20.8,mobile,Silver,Gyeonggi,electronics,email|sms,Explorer
CUST-000727,2026-04-23,50.0,9,6.67,8,2,0.105,0.411,12.2,mobile,Basic,Seoul,electronics,email|push|sms,Bargain
CUST-000728,2024-12-29,35.0,9,45.95,5,2,0.419,0.449,5.1,desktop,Basic,Busan,electronics,sms,Explorer
CUST-000729,2023-12-13,43.0,10,22.3,3,4,0.126,0.238,18.5,mobile,Gold,Seoul,electronics,push,Explorer
CUST-000730,2024-03-25,60.0,12,11.12,6,3,0.3,0.57,20.2,mobile,Basic,Gyeonggi,electronics,email|sms,Explorer
CUST-000731,2026-04-28,48.0,13,10.8,10,5,0.121,0.482,32.1,mobile,Basic,Daegu,fashion,sms,Bargain
CUST-000732,2022-11-23,25.0,10,10.81,4,3,0.033,0.895,21.9,desktop,Silver,Daegu,beauty,sms,Bargain
CUST-000733,2024-03-01,48.0,12,9.78,5,4,0.156,0.666,17.6,mobile,Basic,Seoul,sports,email,Bargain
CUST-000734,2023-08-28,37.0,7,26.5,5,1,0.087,0.632,50.5,mobile,Basic,Gyeonggi,home,sms,Bargain
CUST-000735,2024-01-24,44.0,6,38.08,7,6,0.343,0.373,43.0,tablet,Basic,Busan,beauty,email,Explorer
CUST-000736,2025-10-28,35.0,16,11.21,8,5,0.028,0.546,35.8,mobile,Basic,Gyeonggi,fashion,email|sms,Explorer
CUST-000737,2025-11-18,36.0,6,29.41,5,3,0.108,0.487,5.6,tablet,Silver,Gyeonggi,fashion,push,Explorer
CUST-000738,2023-05-20,53.0,7,19.02,6,4,0.187,0.497,21.7,mobile,Silver,Gyeonggi,beauty,email,Bargain
CUST-000739,2024-03-29,27.0,13,21.82,5,4,0.202,0.231,30.0,tablet,Basic,Seoul,fashion,push,Explorer
CUST-000740,2022-07-22,54.0,4,14.2,6,2,0.186,0.03,32.2,tablet,Gold,Gyeonggi,home,push|sms,Explorer
CUST-000741,2022-06-17,44.0,15,21.79,10,2,0.189,0.621,5.0,mobile,Basic,Seoul,electronics,email|sms,Bargain
CUST-000742,2026-01-30,42.0,4,31.22,4,5,0.051,0.915,20.9,mobile,Silver,Seoul,fashion,sms,Bargain
CUST-000743,2026-05-29,62.0,8,12.09,7,9,0.177,0.703,4.4,desktop,Basic,Seoul,sports,email,Loyal
CUST-000744,2024-09-30,41.0,20,13.3,5,5,0.007,0.201,3.2,desktop,Silver,Daejeon,beauty,email|push,Explorer
CUST-000745,2022-06-26,48.0,7,18.58,5,0,0.148,0.233,20.9,mobile,Basic,Busan,electronics,sms,At_Risk
CUST-000746,2026-01-11,29.0,10,19.91,11,4,0.208,0.37,17.8,mobile,Gold,Daegu,fashion,sms,Bargain
CUST-000747,2023-10-20,18.0,11,24.77,7,2,0.192,0.568,1.4,desktop,Silver,Gyeonggi,beauty,email,Explorer
CUST-000748,2025-03-24,48.0,12,16.28,10,4,0.099,0.724,11.0,tablet,Silver,Seoul,electronics,email|sms,Bargain
CUST-000749,2026-04-12,31.0,11,8.31,5,4,0.077,0.323,31.7,mobile,Basic,Seoul,fashion,push|sms,Explorer
CUST-000750,2025-11-03,53.0,8,11.17,4,3,0.328,0.537,42.8,mobile,Silver,Daegu,fashion,push,Explorer
CUST-000751,2022-04-10,63.0,11,9.21,9,3,0.124,0.423,20.9,mobile,,Seoul,electronics,email,Bargain
CUST-000752,2025-09-30,51.0,11,10.81,7,1,0.071,0.341,30.3,mobile,Basic,Seoul,fashion,email,Bargain
CUST-000753,2023-05-01,47.0,7,14.47,6,6,0.273,0.384,6.7,mobile,Silver,Daegu,beauty,push,Loyal
CUST-000754,2025-12-11,49.0,11,17.42,8,5,0.182,0.32,20.3,desktop,Basic,Busan,sports,push,Bargain
CUST-000755,2024-02-26,34.0,9,23.44,8,4,0.299,0.455,2.0,mobile,Basic,Busan,fashion,email,Loyal
CUST-000756,2025-02-05,38.0,12,19.95,9,5,0.155,0.805,33.8,mobile,Silver,Daegu,home,push,Bargain
CUST-000757,2025-05-13,41.0,12,5.62,4,3,0.406,0.499,7.9,mobile,Basic,Gyeonggi,home,push,Bargain
CUST-000758,2024-03-10,28.0,5,27.0,6,3,0.082,0.15,10.0,mobile,Silver,Seoul,fashion,email,Explorer
CUST-000759,2022-07-11,40.0,2,9.01,5,7,0.091,0.326,22.6,desktop,Silver,Busan,beauty,email|push,Bargain
CUST-000760,2026-07-11,47.0,15,14.04,7,5,0.118,0.354,5.5,mobile,Basic,Gyeonggi,electronics,email|sms,Explorer
CUST-000761,2022-10-18,26.0,3,44.21,6,1,0.218,0.702,2.9,desktop,Silver,Gyeonggi,beauty,email,Explorer
CUST-000762,2023-02-25,25.0,10,7.54,5,7,0.029,0.232,21.0,mobile,Silver,Seoul,sports,email,Loyal
CUST-000763,2023-09-08,46.0,8,8.62,1,2,0.109,0.545,17.4,mobile,Basic,Busan,electronics,email,Explorer
CUST-000764,2023-09-20,45.0,8,16.73,8,0,0.176,0.459,16.0,mobile,Gold,Busan,sports,email,Bargain
CUST-000765,2024-03-01,43.0,14,5.75,7,3,0.111,0.308,9.4,desktop,Basic,Busan,fashion,push,Bargain
CUST-000766,2022-11-28,35.0,11,9.45,4,8,0.275,0.176,9.3,desktop,Gold,Busan,sports,sms,Loyal
CUST-000767,2023-10-16,25.0,9,13.01,5,7,0.33,0.358,30.4,mobile,Basic,Busan,beauty,email,Bargain
CUST-000768,2026-02-06,47.0,12,27.5,6,3,0.225,0.273,10.0,mobile,Basic,Daejeon,fashion,sms,Explorer
CUST-000769,2025-09-01,56.0,6,18.97,3,4,0.121,0.373,23.0,mobile,Basic,Busan,home,email|push|sms,Bargain
CUST-000770,2022-03-10,18.0,6,4.78,5,3,0.177,0.402,1.6,mobile,Basic,Seoul,fashion,email|sms,Bargain
CUST-000771,2023-03-10,42.0,18,22.99,4,5,0.147,0.168,28.8,desktop,Basic,Seoul,sports,push,Explorer
CUST-000772,2022-03-21,19.0,11,30.16,4,2,0.201,0.68,21.8,desktop,Basic,Seoul,home,email,Explorer
CUST-000773,2024-12-05,32.0,6,12.95,6,5,0.11,0.78,5.2,desktop,Silver,Gyeonggi,home,push|sms,Bargain
CUST-000774,2026-07-11,54.0,9,12.58,10,2,0.343,0.148,21.7,tablet,Basic,Gyeonggi,fashion,push,Explorer
CUST-000775,2023-12-29,27.0,12,31.71,4,5,0.105,0.456,9.0,tablet,Basic,Busan,fashion,push,Explorer
CUST-000776,2025-04-23,42.0,10,19.8,3,0,0.179,0.74,15.0,desktop,Silver,Seoul,home,push,Bargain
CUST-000777,2022-01-04,37.0,9,9.96,10,5,0.168,0.331,5.0,desktop,Silver,Busan,beauty,sms,Loyal
CUST-000778,2023-01-13,39.0,8,6.09,6,4,0.366,0.707,18.0,desktop,Silver,Seoul,electronics,email|push,Bargain
CUST-000779,2024-11-26,42.0,10,6.14,10,4,0.173,0.47,14.2,tablet,Basic,Gyeonggi,sports,email,Bargain
CUST-000780,2026-06-25,37.0,10,12.84,3,4,0.078,0.17,30.7,mobile,Silver,Seoul,sports,email,Loyal
CUST-000781,2025-08-03,42.0,12,39.07,3,3,0.268,0.48,16.7,desktop,Basic,Seoul,beauty,email|push,Explorer
CUST-000782,2023-06-24,34.0,14,35.18,8,6,0.133,0.282,3.1,mobile,Basic,Seoul,home,email|push|sms,Explorer
CUST-000783,2022-05-04,44.0,5,18.16,7,2,0.26,0.101,19.4,mobile,Basic,Daejeon,fashion,email,Explorer
CUST-000784,2022-06-05,50.0,11,30.71,4,2,0.368,0.244,4.2,tablet,Gold,Gyeonggi,fashion,email,Explorer
CUST-000785,2024-09-28,27.0,6,9.69,7,3,0.135,0.601,11.5,mobile,Basic,Gyeonggi,fashion,push,Bargain
CUST-000786,2023-12-26,67.0,6,4.03,5,7,0.061,0.806,5.7,mobile,Basic,Busan,sports,email|push|sms,Loyal
CUST-000787,2025-01-18,48.0,7,8.01,8,3,0.192,0.622,17.0,mobile,Silver,Seoul,electronics,email,Bargain
CUST-000788,2022-11-19,42.0,10,37.02,5,1,0.04,0.091,10.1,mobile,Basic,Gyeonggi,beauty,push,Explorer
CUST-000789,2024-10-25,35.0,8,32.77,5,9,0.237,0.678,11.2,tablet,Gold,Gyeonggi,fashion,email|push,Loyal
CUST-000790,2026-02-06,18.0,9,24.77,8,2,0.134,0.735,7.1,mobile,Gold,Seoul,beauty,email,Bargain
CUST-000791,2026-01-08,52.0,10,8.24,4,2,0.156,0.482,6.1,mobile,Basic,Gyeonggi,beauty,sms,Bargain
CUST-000792,2025-01-14,50.0,10,21.0,10,4,0.064,0.311,20.1,mobile,Basic,Gyeonggi,beauty,push,Explorer
CUST-000793,2025-11-24,30.0,9,12.56,8,3,0.192,0.751,7.5,desktop,Silver,Seoul,fashion,email|push|sms,Explorer
CUST-000794,2022-07-21,47.0,7,5.88,4,5,0.092,0.094,22.4,tablet,Basic,Busan,electronics,email,Loyal
CUST-000795,2024-04-12,39.0,11,15.83,5,1,0.032,0.72,11.6,mobile,Basic,Seoul,home,email|push|sms,Bargain
CUST-000796,2026-05-09,50.0,7,37.61,1,4,0.223,0.662,9.0,mobile,Basic,Seoul,beauty,email|push|sms,Explorer
CUST-000797,2022-05-13,36.0,9,19.91,3,10,0.086,0.571,0.8,mobile,Silver,Seoul,fashion,email,Loyal
CUST-000798,2026-04-30,40.0,12,14.67,5,2,0.256,0.731,6.3,tablet,Silver,Seoul,electronics,push,Bargain
CUST-000799,2025-10-21,40.0,12,56.4,8,6,0.039,0.264,6.5,mobile,Basic,Daegu,sports,push,Explorer
CUST-000800,2022-03-05,33.0,7,25.5,8,2,0.207,0.524,4.6,desktop,Basic,Daejeon,home,push,Bargain
CUST-000801,2024-05-04,29.0,8,6.36,8,1,0.305,0.769,14.5,desktop,Silver,Gyeonggi,electronics,push|sms,Explorer
CUST-000802,2025-02-03,34.0,10,28.07,6,3,0.058,0.317,8.5,mobile,Basic,Gyeonggi,home,email|sms,Explorer
CUST-000803,2022-06-28,25.0,10,28.0,6,8,0.124,0.653,6.8,tablet,Basic,Busan,sports,push,Loyal
CUST-000804,2023-02-10,30.0,13,14.99,10,4,0.377,0.704,10.8,desktop,Silver,Seoul,beauty,email,Bargain
CUST-000805,2025-06-29,43.0,12,18.11,3,1,0.073,0.277,11.6,mobile,Silver,Daejeon,electronics,email,Explorer
CUST-000806,2024-07-14,41.0,5,15.65,8,2,0.258,0.114,7.6,tablet,Basic,Seoul,home,email,Explorer
CUST-000807,2026-03-21,25.0,9,16.34,2,3,0.108,0.365,7.0,desktop,Basic,Busan,fashion,push|sms,Bargain
CUST-000808,2026-04-28,30.0,12,16.83,7,5,0.071,0.511,6.6,desktop,Basic,Seoul,beauty,email|push|sms,Explorer
CUST-000809,2022-10-09,29.0,13,20.16,2,6,0.104,0.441,31.5,mobile,Basic,Busan,electronics,email,Explorer
CUST-000810,2022-02-25,58.0,7,13.44,3,4,0.147,0.656,13.4,mobile,Silver,Daejeon,fashion,email,Bargain
CUST-000811,2023-12-01,36.0,7,4.87,5,6,0.124,0.153,16.4,mobile,Gold,Gyeonggi,home,email|push|sms,Loyal
CUST-000812,2022-08-31,42.0,9,15.69,12,3,0.222,0.499,3.9,mobile,Silver,Seoul,electronics,push,Bargain
CUST-000813,2024-09-18,36.0,3,6.94,2,4,0.02,0.053,8.1,mobile,Basic,Gyeonggi,electronics,push|sms,Loyal
CUST-000814,2022-03-03,37.0,9,12.52,8,2,0.122,0.817,10.7,mobile,Basic,Seoul,fashion,email,Bargain
CUST-000815,2024-05-23,42.0,5,18.1,4,6,0.36,0.172,2.0,desktop,Basic,Busan,home,email|sms,Loyal
CUST-000816,2025-10-15,38.0,12,15.41,8,5,0.047,0.218,43.7,mobile,Silver,Busan,beauty,push,Bargain
CUST-000817,2022-09-29,,10,17.33,5,4,0.076,0.059,28.1,desktop,Silver,Daegu,fashion,email,Bargain
CUST-000818,2023-11-17,18.0,6,42.17,3,3,0.15,0.731,25.9,mobile,Basic,Gyeonggi,fashion,push|sms,Bargain
CUST-000819,2022-07-30,34.0,9,23.86,4,3,0.138,0.491,36.0,mobile,Gold,Seoul,electronics,email|push|sms,Explorer
CUST-000820,2025-08-09,34.0,13,4.17,5,2,0.115,0.577,36.3,mobile,Basic,Gyeonggi,sports,email,Bargain
CUST-000821,2023-05-03,19.0,15,16.35,10,3,0.055,0.541,13.5,desktop,Silver,Seoul,home,push|sms,Explorer
CUST-000822,2025-06-01,22.0,10,7.54,6,5,0.414,0.425,17.6,desktop,Basic,Busan,electronics,push,Explorer
CUST-000823,2025-07-05,24.0,12,4.36,3,6,0.37,0.569,10.0,mobile,Basic,Daejeon,beauty,sms,Bargain
CUST-000824,2025-09-18,18.0,10,9.9,5,3,0.224,0.185,4.8,mobile,Gold,Daejeon,fashion,email|push,Loyal
CUST-000825,2024-08-17,45.0,4,12.1,10,4,0.088,0.442,24.5,mobile,Basic,Daejeon,home,email|push,Bargain
CUST-000826,2022-05-04,30.0,12,10.44,7,5,0.11,0.341,7.7,desktop,Gold,Busan,beauty,email,Loyal
CUST-000827,2022-07-17,37.0,17,25.39,7,2,0.298,0.599,30.0,mobile,Basic,Daegu,sports,email|push,Explorer
CUST-000828,2023-05-29,55.0,6,20.36,7,4,0.091,0.136,11.9,mobile,Basic,Seoul,beauty,sms,Explorer
CUST-000829,2025-01-10,39.0,10,17.12,3,4,0.072,0.489,11.0,desktop,Silver,Daejeon,sports,push,Loyal
CUST-000830,2025-05-25,35.0,6,8.82,4,4,0.309,0.337,2.8,desktop,Silver,Gyeonggi,electronics,push|sms,Loyal
CUST-000831,2023-12-05,51.0,6,4.72,9,3,0.326,0.455,27.0,tablet,Basic,Gyeonggi,fashion,email,Bargain
CUST-000832,2022-12-07,57.0,10,19.72,9,5,0.067,0.27,8.6,mobile,Silver,Gyeonggi,beauty,sms,Explorer
CUST-000833,2023-01-10,22.0,5,6.0,2,3,0.097,0.326,3.4,mobile,Basic,Daegu,home,push,Bargain
CUST-000834,2023-12-24,32.0,6,15.88,11,3,0.218,0.481,9.5,mobile,Gold,Gyeonggi,beauty,email|sms,Loyal
CUST-000835,2024-11-05,39.0,3,22.41,7,3,0.075,0.487,33.3,mobile,Basic,Seoul,home,email|push,Bargain
CUST-000836,2024-06-12,44.0,8,13.38,8,2,0.12,0.172,11.2,mobile,Basic,Seoul,home,email,Explorer
CUST-000837,2022-02-09,40.0,11,14.16,3,3,0.321,0.57,10.9,mobile,Silver,Gyeonggi,fashion,email|push,Bargain
CUST-000838,2024-10-27,33.0,7,16.66,12,3,0.255,0.469,3.8,desktop,Basic,Busan,beauty,sms,Bargain
CUST-000839,2025-05-26,62.0,8,40.69,5,4,0.269,0.107,14.0,desktop,Basic,Daejeon,beauty,sms,Explorer
CUST-000840,2023-01-10,33.0,9,18.7,3,4,0.12,0.069,18.4,mobile,Gold,Seoul,electronics,push,Loyal
CUST-000841,2022-10-10,37.0,4,33.8,7,2,0.148,0.467,5.4,mobile,Basic,Daegu,fashion,push|sms,Explorer
CUST-000842,2024-04-25,51.0,11,14.56,7,3,0.28,0.236,9.7,desktop,Basic,Seoul,fashion,email|push,Explorer
CUST-000843,2024-04-01,40.0,8,23.66,4,2,0.218,0.672,12.2,desktop,Basic,Gyeonggi,electronics,push,Explorer
CUST-000844,2023-06-08,57.0,7,11.87,7,2,0.277,0.161,24.6,mobile,Gold,Gyeonggi,fashion,push,Explorer
CUST-000845,2023-08-01,47.0,6,8.05,3,3,0.09,0.889,17.2,desktop,Basic,Busan,home,sms,Bargain
CUST-000846,2023-08-18,43.0,10,12.14,5,1,0.168,0.22,15.0,desktop,Basic,Seoul,beauty,email,Explorer
CUST-000847,2022-04-02,39.0,9,28.17,8,5,0.137,0.451,15.7,mobile,Basic,Gyeonggi,fashion,email|push|sms,Explorer
CUST-000848,2024-02-05,48.0,7,14.73,7,3,0.14,0.301,10.5,desktop,Basic,Busan,electronics,sms,Explorer
CUST-000849,2026-01-29,53.0,7,7.5,4,2,0.238,0.552,7.1,desktop,Basic,Daegu,sports,push,Bargain
CUST-000850,2022-01-22,47.0,6,6.56,13,1,0.091,0.281,6.5,mobile,Basic,Gyeonggi,beauty,email,Bargain
CUST-000851,2024-02-20,42.0,10,11.8,4,2,0.161,0.597,7.3,desktop,Silver,Seoul,home,sms,Bargain
CUST-000852,2024-03-27,53.0,12,27.64,1,3,0.128,0.314,8.2,mobile,Basic,Gyeonggi,electronics,email|sms,Explorer
CUST-000853,2022-03-05,47.0,6,14.3,2,1,0.106,0.554,18.3,mobile,Basic,Seoul,fashion,email,Bargain
CUST-000854,2026-02-06,34.0,10,6.67,10,5,0.112,0.265,7.0,mobile,Basic,Busan,beauty,email,Bargain
CUST-000855,2023-12-21,35.0,9,21.98,4,3,0.178,0.541,33.3,desktop,Basic,Seoul,sports,push,Explorer
CUST-000856,2023-12-19,45.0,11,19.1,3,3,0.142,0.666,16.8,desktop,Basic,Gyeonggi,fashion,push|sms,Bargain
CUST-000857,2025-12-14,36.0,7,23.11,6,2,0.084,0.425,10.9,mobile,Basic,Seoul,electronics,email,Bargain
CUST-000858,2025-06-07,26.0,14,41.81,13,0,0.259,0.566,9.2,desktop,Silver,Gyeonggi,home,email|sms,Explorer
CUST-000859,2026-06-03,18.0,10,9.09,6,5,0.218,0.636,25.2,mobile,Basic,Daegu,fashion,sms,Bargain
CUST-000860,2024-04-04,45.0,5,31.95,11,1,0.046,0.286,12.2,mobile,Silver,Busan,home,email|push|sms,Explorer
CUST-000861,2022-07-08,39.0,11,37.03,8,6,0.149,0.468,14.5,desktop,Silver,Busan,electronics,push,Explorer
CUST-000862,2023-04-27,43.0,18,31.74,10,4,0.335,0.654,8.8,desktop,Gold,Daegu,beauty,email,Loyal
CUST-000863,2025-06-01,46.0,8,19.5,2,3,0.152,0.732,20.9,mobile,Silver,Busan,electronics,push,Explorer
CUST-000864,2023-07-03,23.0,5,30.37,5,0,0.268,0.716,18.0,mobile,Silver,Seoul,beauty,email,Bargain
CUST-000865,2025-09-25,47.0,10,29.89,8,4,0.217,0.956,6.4,mobile,Basic,Daegu,electronics,sms,Bargain
CUST-000866,2025-10-09,44.0,6,18.83,7,4,0.112,0.253,13.6,mobile,Silver,Seoul,fashion,email,Loyal
CUST-000867,2023-08-26,29.0,9,12.34,3,3,0.218,0.846,20.8,desktop,Gold,Seoul,home,push|sms,Bargain
CUST-000868,2024-01-26,44.0,9,14.4,6,4,0.356,0.675,11.0,mobile,Basic,Daejeon,electronics,sms,Bargain
CUST-000869,2022-01-26,31.0,9,13.0,5,3,0.081,0.696,10.8,tablet,Basic,Busan,electronics,push,Explorer
CUST-000870,2026-04-11,47.0,8,39.13,5,0,0.209,0.122,5.9,mobile,Gold,Gyeonggi,electronics,email|sms,Explorer
CUST-000871,2023-03-25,29.0,10,16.93,6,1,0.113,0.292,35.3,desktop,Basic,Busan,beauty,sms,Explorer
CUST-000872,2024-01-03,35.0,10,32.63,5,5,0.037,0.73,1.2,mobile,Gold,Gyeonggi,fashion,email|push,Bargain
CUST-000873,2022-07-06,41.0,10,40.41,2,2,0.242,0.784,8.8,mobile,Silver,Seoul,fashion,push|sms,Explorer
CUST-000874,2025-10-30,36.0,9,25.85,5,2,0.115,0.429,35.5,mobile,Basic,Seoul,fashion,sms,Bargain
CUST-000875,2024-09-19,42.0,8,28.86,9,3,0.134,0.468,9.0,mobile,Basic,Seoul,electronics,email|push|sms,Explorer
CUST-000876,2024-06-06,38.0,13,29.93,5,3,0.11,0.154,38.4,mobile,Basic,Seoul,electronics,email|sms,Explorer
CUST-000877,2025-02-17,19.0,5,19.51,7,5,0.067,0.222,20.0,mobile,Silver,Daejeon,electronics,email,Loyal
CUST-000878,2022-12-25,46.0,8,37.6,4,2,0.171,0.272,16.3,mobile,Gold,Seoul,beauty,push|sms,Explorer
CUST-000879,2022-09-27,33.0,16,17.61,5,1,0.073,0.758,9.0,mobile,Silver,Seoul,sports,sms,Bargain
CUST-000880,2026-04-28,42.0,10,17.67,4,5,0.239,0.235,1.7,mobile,Gold,Gyeonggi,electronics,email|push|sms,Loyal
CUST-000881,2022-09-19,21.0,7,11.53,4,6,0.244,0.046,13.4,desktop,Silver,Seoul,fashion,sms,Loyal
CUST-000882,2024-01-08,43.0,5,12.79,6,3,0.14,0.192,12.8,desktop,Silver,Gyeonggi,electronics,push,Bargain
CUST-000883,2022-01-11,45.0,2,8.57,5,4,0.207,0.813,8.7,mobile,Basic,Daegu,beauty,sms,Bargain
CUST-000884,2025-07-30,30.0,10,15.87,9,4,0.118,0.649,31.0,mobile,Silver,Seoul,beauty,email|push,Explorer
CUST-000885,2024-07-24,43.0,6,9.65,7,6,0.201,0.128,10.3,mobile,Gold,Gyeonggi,beauty,email|push,Bargain
CUST-000886,2023-02-22,25.0,7,9.34,9,8,0.053,0.318,7.2,mobile,Silver,Daegu,home,push|sms,Loyal
CUST-000887,2026-02-26,45.0,6,20.63,6,4,0.207,0.703,27.7,desktop,Basic,Seoul,electronics,email,Bargain
CUST-000888,2022-11-08,29.0,5,7.68,4,7,0.254,0.2,20.5,tablet,Silver,Daejeon,fashion,push,Loyal
CUST-000889,2022-06-11,49.0,12,4.41,4,5,0.092,0.69,15.9,mobile,Basic,Busan,home,sms,Loyal
CUST-000890,2024-01-02,36.0,4,24.57,4,2,0.234,0.284,1.8,mobile,Basic,Gyeonggi,beauty,sms,Explorer
CUST-000891,2026-04-20,48.0,11,16.94,5,4,0.124,0.546,13.3,mobile,Basic,Seoul,sports,sms,Loyal
CUST-000892,2022-07-01,36.0,13,67.57,4,0,0.174,0.356,21.7,mobile,Basic,Seoul,beauty,sms,Explorer
CUST-000893,2022-09-26,57.0,10,28.08,8,4,0.206,0.254,5.9,mobile,Basic,Seoul,home,push,Explorer
CUST-000894,2026-07-18,40.0,10,20.68,0,3,0.193,0.805,4.4,mobile,Basic,Busan,fashion,email,Bargain
CUST-000895,2026-06-24,47.0,9,8.15,5,7,0.13,0.463,15.1,mobile,Gold,Busan,beauty,email,Loyal
CUST-000896,2025-03-27,45.0,4,20.57,9,6,0.158,0.761,8.4,desktop,Basic,Gyeonggi,beauty,email,Bargain
CUST-000897,2022-01-23,33.0,9,7.97,4,3,0.284,0.147,16.9,desktop,Silver,Gyeonggi,beauty,email,Explorer
CUST-000898,2023-10-12,48.0,5,30.33,1,2,0.445,0.286,50.5,mobile,Basic,Seoul,sports,push|sms,At_Risk
CUST-000899,2022-09-23,56.0,9,25.66,14,6,0.104,0.368,20.7,mobile,Gold,Gyeonggi,home,email,Explorer
CUST-000900,2023-02-04,60.0,4,9.94,6,3,0.185,0.603,8.7,desktop,Basic,Daegu,beauty,push,Bargain
CUST-000901,2026-05-22,54.0,16,3.56,4,5,0.104,0.836,12.2,mobile,Basic,Daegu,fashion,email|push|sms,Loyal
CUST-000902,2023-02-17,51.0,12,17.77,7,3,0.093,0.519,10.2,desktop,Gold,Gyeonggi,fashion,email,Loyal
CUST-000903,2024-12-12,18.0,12,14.54,3,3,0.222,0.187,10.4,tablet,Basic,Daegu,fashion,email|push|sms,Bargain
CUST-000904,2023-11-20,39.0,4,17.66,5,2,0.341,0.471,25.2,mobile,Silver,Seoul,sports,email|push,Bargain
CUST-000905,2025-11-22,37.0,11,5.4,9,7,0.387,0.185,27.1,mobile,Basic,Gyeonggi,sports,email|push|sms,Bargain
CUST-000906,2023-08-09,37.0,7,17.81,8,3,0.009,0.666,18.0,mobile,Gold,Busan,home,email|push|sms,Loyal
CUST-000907,2026-04-14,54.0,8,9.03,10,3,0.041,0.845,13.6,mobile,Basic,Seoul,home,email|push,Bargain
CUST-000908,2023-04-27,33.0,3,17.41,6,3,0.142,0.263,15.1,mobile,Basic,Seoul,home,email|sms,Loyal
CUST-000909,2026-02-18,53.0,8,14.14,3,1,0.064,0.443,29.6,desktop,Basic,Daejeon,sports,email,Explorer
CUST-000910,2024-05-07,54.0,6,18.38,2,4,0.345,0.037,14.7,desktop,Basic,Gyeonggi,fashion,email,Explorer
CUST-000911,2023-08-14,49.0,10,27.14,6,7,0.23,0.527,15.4,mobile,Basic,Daegu,beauty,email,Explorer
CUST-000912,2024-01-13,45.0,12,24.78,6,5,0.031,0.299,25.2,mobile,Basic,Seoul,home,push,Explorer
CUST-000913,2024-10-24,52.0,7,16.86,2,4,0.074,0.319,5.6,desktop,Gold,Seoul,home,sms,Loyal
CUST-000914,2023-09-27,56.0,5,6.52,5,3,0.139,0.733,9.7,mobile,Gold,Seoul,fashion,email,Bargain
CUST-000915,2025-02-19,23.0,10,26.21,5,3,0.433,0.741,25.3,mobile,Silver,Gyeonggi,sports,email,Bargain
CUST-000916,2026-02-07,37.0,5,8.79,11,7,0.026,0.244,8.2,mobile,Silver,Gyeonggi,fashion,push|sms,Bargain
CUST-000917,2025-03-28,43.0,4,12.79,8,4,0.264,0.38,37.2,mobile,Silver,Daegu,fashion,push,Bargain
CUST-000918,2022-02-26,36.0,19,10.4,6,3,0.381,0.501,11.9,desktop,Basic,Gyeonggi,electronics,email,Explorer
CUST-000919,2024-10-31,47.0,11,17.99,7,4,0.022,0.21,9.3,mobile,Silver,Busan,fashion,email,Loyal
CUST-000920,2022-03-31,43.0,8,8.25,7,2,0.21,0.149,15.5,mobile,Basic,Gyeonggi,electronics,email,Bargain
CUST-000921,2025-11-14,25.0,8,12.67,6,1,0.306,0.943,14.2,mobile,Basic,Gyeonggi,home,email|push,Bargain
CUST-000922,2022-11-28,40.0,12,19.68,6,3,0.216,0.279,13.5,mobile,Silver,Seoul,home,push,Explorer
CUST-000923,2023-05-10,70.0,12,17.88,7,3,0.076,0.301,15.5,tablet,Silver,Busan,fashion,push,Bargain
CUST-000924,2025-09-27,45.0,10,19.42,4,0,0.057,0.599,20.1,tablet,Basic,Daegu,beauty,email,Bargain
CUST-000925,2024-10-28,34.0,12,9.61,7,3,0.127,0.716,4.8,mobile,Silver,Gyeonggi,beauty,sms,Bargain
CUST-000926,2025-03-21,47.0,10,46.64,8,1,0.277,0.352,14.6,mobile,Silver,Daejeon,fashion,email|push|sms,Bargain
CUST-000927,2023-10-11,43.0,8,19.4,6,5,0.299,0.845,5.6,mobile,Basic,Daejeon,sports,push,Bargain
CUST-000928,2024-07-03,45.0,5,36.52,5,4,0.081,0.529,20.6,desktop,Basic,Daegu,fashion,email|push,Explorer
CUST-000929,2024-05-15,45.0,9,23.4,5,8,0.075,0.832,7.6,mobile,Basic,Busan,electronics,push|sms,Explorer
CUST-000930,2025-02-14,34.0,5,9.17,6,3,0.115,0.679,3.7,mobile,Basic,Seoul,fashion,push,Bargain
CUST-000931,2025-07-01,40.0,11,17.66,4,4,0.276,0.524,4.0,desktop,Basic,Seoul,fashion,sms,Explorer
CUST-000932,2022-06-24,38.0,10,14.56,7,5,0.479,0.593,5.5,mobile,Basic,Seoul,electronics,sms,Bargain
CUST-000933,2023-05-23,37.0,5,5.52,6,2,0.123,0.527,29.7,tablet,Silver,Seoul,sports,push,Bargain
CUST-000934,2022-09-11,33.0,9,12.24,7,4,0.105,0.625,10.0,mobile,Basic,Gyeonggi,sports,email|push,Bargain
CUST-000935,2023-04-20,22.0,8,61.1,3,4,0.176,0.273,12.7,desktop,Basic,Seoul,electronics,email|push|sms,Explorer
CUST-000936,2025-09-13,57.0,9,7.41,5,7,0.057,0.214,4.8,mobile,Gold,Seoul,electronics,push,Loyal
CUST-000937,2024-03-16,35.0,2,40.6,7,3,0.196,0.292,22.4,mobile,Basic,Seoul,electronics,sms,Explorer
CUST-000938,2026-06-19,41.0,8,45.18,5,3,0.23,0.873,9.2,desktop,Basic,Seoul,beauty,email,Explorer
CUST-000939,2025-07-29,19.0,10,22.43,3,3,0.309,0.37,18.5,mobile,Basic,Seoul,electronics,email|sms,Explorer
CUST-000940,2024-01-05,53.0,13,11.03,4,2,0.153,0.63,12.8,desktop,Basic,Seoul,fashion,email|sms,Explorer
CUST-000941,2024-06-28,32.0,10,29.11,5,3,0.191,0.475,6.0,desktop,Basic,Seoul,sports,email|sms,Bargain
CUST-000942,2023-01-31,50.0,12,18.36,10,1,0.152,0.275,15.1,mobile,Basic,Seoul,sports,email,Explorer
CUST-000943,2023-12-25,41.0,6,23.36,7,5,0.266,0.271,18.0,desktop,Basic,Daegu,home,push|sms,Bargain
CUST-000944,2024-05-12,30.0,10,13.33,6,4,0.183,0.609,7.7,mobile,Basic,Seoul,fashion,sms,Bargain
CUST-000945,2022-11-04,36.0,16,19.65,8,2,0.295,0.229,14.6,mobile,Basic,Gyeonggi,beauty,sms,Bargain
CUST-000946,2026-07-26,24.0,5,24.94,3,4,0.261,0.249,14.2,mobile,Basic,Busan,fashion,push,Bargain
CUST-000947,2025-11-08,39.0,14,8.19,7,6,0.169,0.574,17.1,mobile,Silver,Gyeonggi,beauty,email,Bargain
CUST-000948,2023-07-26,44.0,15,16.41,3,5,0.193,0.058,10.3,desktop,Basic,Gyeonggi,home,push|sms,Loyal
CUST-000949,2024-11-22,55.0,9,15.75,9,3,0.052,0.202,18.9,mobile,Basic,Busan,fashion,push|sms,Explorer
CUST-000950,2024-11-28,48.0,13,32.71,2,0,0.048,0.133,14.5,mobile,Basic,Daegu,fashion,email,Explorer
CUST-000951,2026-01-08,44.0,8,24.2,4,7,0.257,0.343,5.4,mobile,Silver,Seoul,sports,push,Loyal
CUST-000952,2022-11-30,40.0,9,6.16,7,7,0.111,0.372,12.0,desktop,Basic,Gyeonggi,beauty,email,Loyal
CUST-000953,2024-08-04,53.0,12,25.72,4,5,0.255,0.525,18.8,mobile,Basic,Daegu,fashion,email|push,Bargain
CUST-000954,2022-07-19,63.0,5,25.93,10,2,0.275,0.092,6.3,mobile,Basic,Gyeonggi,beauty,push|sms,Explorer
CUST-000955,2022-07-01,34.0,10,24.67,2,7,0.022,0.623,44.4,mobile,Basic,Daejeon,fashion,email|push|sms,Bargain
CUST-000956,2023-09-06,55.0,4,17.16,1,5,0.146,0.358,10.0,mobile,Silver,Daegu,beauty,push|sms,Bargain
CUST-000957,2026-01-03,44.0,12,10.25,4,3,0.127,0.374,2.0,mobile,Basic,Busan,fashion,push,Bargain
CUST-000958,2022-07-25,25.0,10,12.47,10,4,0.121,0.338,11.6,mobile,Basic,Seoul,beauty,sms,Bargain
CUST-000959,2025-02-21,41.0,7,11.27,8,6,0.056,0.105,5.9,mobile,Basic,Daejeon,home,push,Loyal
CUST-000960,2025-12-23,41.0,9,6.35,5,2,0.085,0.174,4.6,tablet,Silver,Seoul,fashion,email,Loyal
CUST-000961,2022-09-27,32.0,11,13.2,5,4,0.169,0.03,4.4,mobile,Basic,Seoul,beauty,email,Loyal
CUST-000962,2025-05-10,37.0,10,30.01,4,2,0.136,0.236,28.0,mobile,Basic,Seoul,beauty,sms,Explorer
CUST-000963,2025-08-08,18.0,7,8.04,8,3,0.236,0.666,4.1,mobile,Basic,Gyeonggi,fashion,push,Bargain
CUST-000964,2025-05-02,37.0,4,17.84,5,2,0.076,0.769,32.1,desktop,Basic,Gyeonggi,sports,sms,Bargain
CUST-000965,2023-03-25,30.0,7,10.29,8,3,0.267,0.579,9.0,tablet,Basic,Seoul,fashion,push,Bargain
CUST-000966,2022-11-17,23.0,11,7.51,4,3,0.038,0.771,12.3,mobile,Basic,Daejeon,home,email|push,Bargain
CUST-000967,2024-08-24,47.0,9,12.98,5,3,0.009,0.332,5.8,mobile,Basic,Busan,fashion,push,Explorer
CUST-000968,2022-08-15,32.0,8,24.85,2,2,0.212,0.296,5.4,mobile,Basic,Seoul,home,email|push,Explorer
CUST-000969,2026-05-18,33.0,8,14.53,5,3,0.222,0.231,21.8,mobile,Basic,Busan,electronics,email,Explorer
CUST-000970,2022-11-02,32.0,15,40.04,4,5,0.087,0.372,25.5,tablet,Basic,Busan,beauty,push|sms,Explorer
CUST-000971,2023-04-17,45.0,9,52.27,8,3,0.079,0.382,4.2,mobile,Basic,Gyeonggi,home,email|push|sms,Explorer
CUST-000972,2022-04-09,34.0,12,26.89,3,7,0.176,0.145,25.6,tablet,Silver,Daegu,electronics,email|push,Explorer
CUST-000973,2024-11-30,44.0,4,26.12,8,6,0.122,0.565,8.2,mobile,Basic,Daegu,electronics,sms,Explorer
CUST-000974,2025-06-29,65.0,5,43.39,11,3,0.246,0.567,10.6,mobile,Silver,Gyeonggi,fashion,email|push,Bargain
CUST-000975,2026-04-04,46.0,8,6.38,6,4,0.242,0.219,7.7,mobile,Silver,Busan,beauty,push,Explorer
CUST-000976,2022-02-24,31.0,9,12.84,3,7,0.472,0.579,27.5,mobile,Silver,Gyeonggi,fashion,push,Bargain
CUST-000977,2023-05-24,31.0,11,31.24,4,2,0.065,0.254,3.7,desktop,Silver,Seoul,fashion,email,Explorer
CUST-000978,2022-09-13,45.0,7,6.54,6,8,0.464,0.59,13.0,desktop,Basic,Busan,fashion,email,Bargain
CUST-000979,2022-07-14,38.0,12,26.01,4,5,0.055,0.382,5.6,desktop,Basic,Gyeonggi,fashion,email,Explorer
CUST-000980,2026-04-10,32.0,10,22.1,11,5,0.09,0.229,24.4,mobile,Gold,Gyeonggi,beauty,email,Explorer
CUST-000981,2025-10-28,24.0,10,18.82,7,4,0.02,0.517,6.0,mobile,Basic,Gyeonggi,beauty,email,Explorer
CUST-000982,2024-09-09,42.0,7,11.48,6,1,0.123,0.174,12.2,mobile,Basic,Gyeonggi,beauty,email,Bargain
CUST-000983,2024-08-17,34.0,7,5.16,6,4,0.089,0.685,6.8,mobile,Gold,Daegu,sports,email|push,Loyal
CUST-000984,2023-11-15,57.0,9,22.3,5,3,0.034,0.19,20.8,mobile,Basic,Busan,fashion,sms,Bargain
CUST-000985,2025-07-05,62.0,8,17.41,7,7,0.046,0.143,7.2,desktop,Silver,Gyeonggi,beauty,sms,Loyal
CUST-000986,2025-03-21,58.0,9,8.26,4,1,0.278,0.453,9.1,desktop,Basic,Gyeonggi,beauty,email,Explorer
CUST-000987,2024-06-19,58.0,9,24.41,2,6,0.061,0.605,19.6,mobile,Basic,Daejeon,home,sms,Explorer
CUST-000988,2022-07-15,52.0,8,10.94,7,2,0.197,0.62,4.5,tablet,Basic,Busan,fashion,email|push,Bargain
CUST-000989,2024-02-04,,8,41.44,6,3,0.567,0.378,1.6,desktop,Silver,Gyeonggi,beauty,email|push,Explorer
CUST-000990,2024-06-27,40.0,9,24.68,2,5,0.078,0.552,5.4,mobile,Basic,Seoul,fashion,push|sms,Loyal
CUST-000991,2024-04-12,44.0,11,26.5,7,5,0.49,0.156,18.8,mobile,Basic,Daegu,sports,email,Bargain
CUST-000992,2023-11-14,55.0,9,36.18,6,4,0.086,0.125,10.5,mobile,Silver,Gyeonggi,beauty,email|push,Explorer
CUST-000993,2023-04-18,42.0,10,32.14,11,3,0.189,0.929,17.8,mobile,Basic,Gyeonggi,sports,push|sms,Bargain
CUST-000994,2024-10-16,61.0,8,16.47,6,4,0.317,0.146,3.2,mobile,Silver,Busan,home,email|push|sms,Bargain
CUST-000995,2024-05-27,37.0,9,10.88,6,2,0.035,0.565,7.8,mobile,Gold,Daegu,electronics,email,Bargain
CUST-000996,2022-10-05,40.0,11,11.13,4,3,0.254,0.719,9.3,mobile,Basic,Daegu,sports,email|push|sms,Bargain
CUST-000997,2022-09-06,47.0,4,23.77,8,7,0.208,0.359,9.7,mobile,Silver,Seoul,home,push|sms,Loyal
CUST-000998,2025-10-10,32.0,10,5.55,6,6,0.071,0.297,4.0,desktop,Silver,Seoul,electronics,push,Explorer
CUST-000999,2022-09-11,42.0,11,12.24,10,2,0.165,0.893,17.0,mobile,Basic,Daejeon,home,email|push,Bargain
CUST-001000,2026-06-27,27.0,10,33.24,3,7,0.672,0.826,2.5,mobile,Gold,Gyeonggi,electronics,push,Bargain
CUST-001001,2025-12-02,30.0,11,14.3,5,1,0.02,0.182,2.2,desktop,Silver,Seoul,electronics,email,Explorer
CUST-001002,2025-03-01,32.0,11,28.05,12,1,0.012,0.285,2.7,mobile,Basic,Busan,beauty,email,Explorer
CUST-001003,2022-09-22,42.0,6,22.08,8,5,0.286,0.728,19.5,desktop,Basic,Gyeonggi,sports,email|sms,Bargain
CUST-001004,2025-06-11,31.0,9,15.83,6,6,0.051,0.621,12.8,mobile,Silver,Gyeonggi,sports,email,Loyal
CUST-001005,2025-04-26,32.0,5,16.23,5,5,0.336,0.897,10.9,mobile,Basic,Busan,sports,sms,Bargain
CUST-001006,2022-08-31,24.0,4,16.34,9,9,0.172,0.43,11.3,mobile,Basic,Gyeonggi,home,email,Loyal
CUST-001007,2026-05-22,23.0,12,12.75,4,3,0.282,0.78,36.0,mobile,Basic,Seoul,sports,push,Explorer
CUST-001008,2023-02-03,32.0,12,18.39,6,8,0.246,0.314,10.6,desktop,Gold,Daejeon,beauty,email,Loyal
CUST-001009,2023-01-09,54.0,7,16.45,7,5,0.036,0.612,3.3,desktop,Basic,Busan,fashion,email|push,Bargain
CUST-001010,2025-04-18,37.0,4,28.22,7,4,0.304,0.36,32.6,mobile,Basic,Daegu,electronics,email,Bargain
CUST-001011,2025-02-07,21.0,13,8.55,10,4,0.223,0.691,8.9,mobile,Basic,Seoul,fashion,push,Bargain
CUST-001012,2023-07-15,25.0,10,14.2,6,5,0.036,0.381,4.0,mobile,Basic,Busan,sports,sms,Explorer
CUST-001013,2025-07-20,51.0,13,24.93,2,6,0.318,0.231,25.9,desktop,Gold,Gyeonggi,beauty,email|sms,Loyal
CUST-001014,2024-01-24,46.0,11,7.64,6,3,0.22,0.448,5.3,desktop,Basic,Seoul,beauty,email,Bargain
CUST-001015,2024-06-21,52.0,6,21.27,4,4,0.214,0.369,7.6,mobile,Silver,Gyeonggi,beauty,email|push,Bargain
CUST-001016,2022-08-30,43.0,10,16.76,6,3,0.085,0.719,19.2,desktop,Silver,Gyeonggi,sports,email|sms,Bargain
CUST-001017,2022-10-13,40.0,7,11.15,7,5,0.225,0.493,11.8,mobile,Basic,Busan,home,sms,Bargain
CUST-001018,2026-02-22,20.0,7,18.48,10,5,0.058,0.429,16.7,mobile,Silver,Gyeonggi,electronics,push,Loyal
CUST-001019,2022-10-16,18.0,9,6.82,7,2,0.222,0.067,7.9,mobile,Basic,Seoul,electronics,email,Bargain
CUST-001020,2024-10-25,46.0,11,19.85,4,1,0.283,0.411,17.7,mobile,Basic,Daegu,beauty,push,Bargain
CUST-001021,2026-02-15,45.0,1,11.11,6,3,0.302,0.48,9.9,mobile,Gold,Daegu,sports,push|sms,Explorer
CUST-001022,2022-01-16,26.0,8,8.18,4,6,0.124,0.503,8.0,desktop,Basic,Daegu,home,sms,Explorer
CUST-001023,2022-10-01,23.0,12,15.35,2,6,0.161,0.331,9.1,mobile,Silver,Busan,beauty,email,Loyal
CUST-001024,2024-10-20,59.0,4,10.7,5,2,0.333,0.474,6.2,desktop,Gold,Gyeonggi,electronics,push,Loyal
CUST-001025,2022-03-09,34.0,9,11.59,4,4,0.265,0.499,3.6,desktop,Silver,Gyeonggi,sports,push|sms,Bargain
CUST-001026,2022-07-10,60.0,10,13.03,2,2,0.118,0.841,17.0,mobile,Gold,Seoul,electronics,email,Bargain
CUST-001027,2023-07-18,51.0,6,10.51,8,2,0.196,0.584,19.2,mobile,Silver,Seoul,fashion,push,Bargain
CUST-001028,2023-10-27,32.0,11,14.36,4,4,0.172,0.622,4.3,mobile,Basic,Gyeonggi,beauty,sms,Bargain
CUST-001029,2022-05-17,33.0,9,27.01,8,4,0.248,0.223,27.6,mobile,Silver,Seoul,electronics,email|push|sms,Explorer
CUST-001030,2024-02-16,40.0,10,27.31,4,4,0.223,0.081,16.5,mobile,Basic,Gyeonggi,electronics,email|push|sms,Explorer
CUST-001031,2023-03-23,21.0,8,10.75,8,3,0.115,0.112,13.4,mobile,Silver,Gyeonggi,fashion,email|push,Explorer
CUST-001032,2023-09-26,60.0,8,8.13,7,5,0.183,0.487,12.2,mobile,Silver,Busan,fashion,push,Bargain
CUST-001033,2026-01-12,45.0,10,15.4,4,4,0.28,0.231,11.0,desktop,Silver,Seoul,beauty,push|sms,Loyal
CUST-001034,2026-03-17,39.0,17,25.12,8,4,0.282,0.746,21.6,mobile,Silver,Seoul,fashion,email,Bargain
CUST-001035,2026-03-31,55.0,7,13.25,5,8,0.167,0.54,19.9,mobile,Silver,Gyeonggi,electronics,email|push,Bargain
CUST-001036,2023-01-04,70.0,8,23.0,5,7,0.187,0.276,6.9,desktop,Basic,Gyeonggi,fashion,push,Loyal
CUST-001037,2023-09-28,37.0,9,9.18,4,0,0.238,0.207,1.7,desktop,Basic,Gyeonggi,fashion,email|sms,Explorer
CUST-001038,2022-11-16,53.0,7,15.82,4,5,0.218,0.67,17.9,desktop,Basic,Gyeonggi,home,email,Bargain
CUST-001039,2023-03-07,40.0,12,18.62,3,7,0.099,0.303,31.2,desktop,Gold,Gyeonggi,fashion,push,Loyal
CUST-001040,2023-04-06,35.0,3,4.17,6,5,0.497,0.731,3.3,desktop,Silver,Busan,electronics,email|push,Bargain
CUST-001041,2024-11-05,51.0,5,9.26,7,4,0.072,0.348,6.3,mobile,Basic,Daejeon,electronics,sms,Bargain
CUST-001042,2022-01-25,27.0,15,11.25,5,1,0.195,0.38,3.1,mobile,Basic,Gyeonggi,home,sms,Explorer
CUST-001043,2025-08-10,40.0,10,8.22,5,5,0.217,0.513,18.8,mobile,Basic,Daegu,home,sms,Bargain
CUST-001044,2024-10-04,47.0,7,13.12,5,4,0.164,0.118,8.1,tablet,Gold,Seoul,fashion,email|sms,Loyal
CUST-001045,2022-12-14,64.0,10,47.8,10,9,0.1,0.711,10.1,desktop,Basic,Daejeon,fashion,sms,Explorer
CUST-001046,2022-06-01,35.0,5,15.78,9,4,0.041,0.14,3.2,mobile,Basic,Gyeonggi,fashion,email,Explorer
CUST-001047,2022-07-16,42.0,13,12.06,5,2,0.257,0.767,14.3,mobile,Basic,Gyeonggi,fashion,email,Bargain
CUST-001048,2026-02-01,39.0,11,12.53,3,0,0.057,0.335,11.0,mobile,Basic,Daejeon,home,email|sms,Bargain
CUST-001049,2022-08-18,38.0,9,2.0,5,3,0.185,0.578,38.8,mobile,Gold,Seoul,fashion,email|push|sms,Bargain
CUST-001050,2023-10-22,28.0,12,3.24,5,0,0.306,0.62,8.3,mobile,Silver,Daegu,sports,email,Bargain
CUST-001051,2026-07-17,40.0,8,13.8,3,5,0.09,0.155,8.9,mobile,Silver,Daejeon,fashion,sms,Loyal
CUST-001052,2023-06-09,21.0,5,17.1,8,3,0.332,0.347,55.9,mobile,Basic,Gyeonggi,home,push|sms,At_Risk
CUST-001053,2022-08-12,39.0,7,27.26,3,1,0.071,0.642,3.2,desktop,Basic,Seoul,beauty,push,Bargain
CUST-001054,2023-02-22,41.0,2,6.26,8,7,0.048,0.432,1.1,mobile,Basic,Gyeonggi,home,push,Bargain
CUST-001055,2025-01-13,42.0,5,6.37,8,4,0.091,0.45,2.8,mobile,Silver,Daegu,fashion,email,Bargain
CUST-001056,2026-05-13,29.0,10,4.97,8,2,0.019,0.696,19.6,desktop,Basic,Seoul,sports,push|sms,Bargain
CUST-001057,2025-04-12,39.0,6,15.96,7,6,0.098,0.348,15.7,mobile,Silver,Seoul,beauty,push|sms,Loyal
CUST-001058,2022-12-28,27.0,8,21.22,6,5,0.153,0.449,2.5,desktop,Gold,Gyeonggi,fashion,email|push,Loyal
CUST-001059,2022-10-13,51.0,11,22.96,11,3,0.068,0.274,7.3,desktop,Basic,Daejeon,electronics,push,Explorer
CUST-001060,2022-09-09,31.0,8,23.84,3,2,0.159,0.42,19.4,desktop,Silver,Seoul,electronics,email,Explorer
CUST-001061,2023-06-04,54.0,8,25.2,4,6,0.306,0.194,4.1,mobile,Gold,Daejeon,fashion,email|push|sms,Explorer
CUST-001062,2023-02-09,48.0,11,37.65,9,3,0.253,0.341,18.3,desktop,Silver,Daegu,beauty,push,Explorer
CUST-001063,2022-11-22,37.0,7,19.16,3,5,0.176,0.227,3.3,mobile,Basic,Gyeonggi,fashion,push|sms,Explorer
CUST-001064,2023-04-26,35.0,13,27.83,11,3,0.177,0.574,2.3,mobile,Basic,Daejeon,beauty,email|push,Bargain
CUST-001065,2022-06-08,32.0,13,8.85,7,2,0.237,0.094,25.1,desktop,Basic,Busan,home,email,Bargain
CUST-001066,2022-02-28,39.0,4,21.55,8,5,0.167,0.38,13.1,mobile,Basic,Busan,fashion,sms,Bargain
CUST-001067,2023-03-13,50.0,11,13.24,3,2,0.042,0.611,10.5,mobile,Basic,Seoul,home,email,Explorer
CUST-001068,2026-06-29,37.0,9,23.36,7,5,0.098,0.485,5.8,mobile,Basic,Gyeonggi,home,email|sms,Bargain
CUST-001069,2022-01-21,29.0,10,21.84,6,4,0.276,0.284,24.2,mobile,Gold,Seoul,electronics,sms,Explorer
CUST-001070,2026-01-19,27.0,11,11.03,8,9,0.187,0.284,2.0,mobile,Silver,Busan,electronics,email,Loyal
CUST-001071,2025-10-08,24.0,9,13.57,6,5,0.039,0.35,11.5,tablet,Basic,Daejeon,home,email|sms,Loyal
CUST-001072,2025-12-15,47.0,6,82.28,5,3,0.299,0.626,31.9,mobile,Basic,Daegu,fashion,push,Explorer
CUST-001073,2025-05-31,45.0,10,8.74,7,2,0.243,0.216,15.2,mobile,Basic,Busan,electronics,push|sms,Bargain
CUST-001074,2022-06-28,41.0,7,18.67,9,7,0.021,0.457,2.9,mobile,Basic,Seoul,beauty,email|sms,Loyal
CUST-001075,2026-05-27,44.0,8,10.89,4,3,0.106,0.518,64.0,mobile,Gold,Seoul,sports,email|push,At_Risk
CUST-001076,2026-01-02,26.0,6,31.0,5,3,0.357,0.436,4.8,desktop,Basic,Busan,fashion,push,Explorer
CUST-001077,2022-01-09,32.0,9,8.19,10,1,0.271,0.467,26.4,mobile,Basic,Busan,sports,sms,Explorer
CUST-001078,2023-01-19,43.0,13,24.89,7,6,0.177,0.694,10.6,mobile,Basic,Gyeonggi,electronics,push,Explorer
CUST-001079,2025-05-20,50.0,13,22.16,4,4,0.423,0.54,17.0,desktop,Basic,Busan,fashion,email|sms,Explorer
CUST-001080,2023-02-08,18.0,4,22.02,8,2,0.163,0.815,9.3,mobile,Basic,Seoul,beauty,email,Bargain
CUST-001081,2024-08-05,22.0,10,26.2,3,2,0.204,0.732,21.1,desktop,Gold,Daegu,beauty,sms,Bargain
CUST-001082,2026-05-07,29.0,12,20.1,4,6,0.231,0.82,34.0,tablet,Basic,Gyeonggi,fashion,email|push,Bargain
CUST-001083,2023-06-04,50.0,9,23.76,2,5,0.077,0.489,19.9,mobile,Gold,Busan,beauty,push,Loyal
CUST-001084,2023-06-18,53.0,11,62.18,5,7,0.05,0.776,10.5,mobile,Basic,Seoul,beauty,push,Explorer
CUST-001085,2022-05-17,34.0,7,10.6,4,8,0.039,0.742,12.7,mobile,Silver,Busan,beauty,sms,Loyal
CUST-001086,2026-02-21,44.0,8,8.25,5,3,0.134,0.761,19.1,mobile,Basic,Gyeonggi,electronics,email|push|sms,Bargain
CUST-001087,2023-08-01,48.0,9,48.6,6,6,0.092,0.079,10.6,mobile,Gold,Gyeonggi,sports,email|push,Loyal
CUST-001088,2023-11-20,43.0,7,17.55,4,3,0.255,0.541,19.8,desktop,Gold,Seoul,sports,push,Loyal
CUST-001089,2022-01-05,35.0,6,3.64,5,2,0.118,0.231,20.2,mobile,Gold,Daejeon,home,push|sms,Bargain
CUST-001090,2026-06-07,34.0,14,11.19,6,4,0.416,0.126,19.2,desktop,Silver,Gyeonggi,fashion,push|sms,Bargain
CUST-001091,2025-09-29,31.0,11,51.14,6,4,0.087,0.431,11.4,mobile,Silver,Gyeonggi,fashion,email|push,Explorer
CUST-001092,2023-05-30,31.0,3,7.52,7,7,0.077,0.508,26.0,desktop,Basic,Gyeonggi,home,push,Bargain
CUST-001093,2022-04-04,40.0,7,21.11,5,4,0.189,0.217,16.6,tablet,Basic,Gyeonggi,fashion,email|sms,Bargain
CUST-001094,2025-01-06,18.0,10,21.2,5,4,0.399,0.368,1.7,desktop,Basic,Gyeonggi,fashion,sms,Bargain
CUST-001095,2025-10-22,54.0,7,6.31,3,4,0.457,0.731,14.0,mobile,Silver,Seoul,electronics,push,Bargain
CUST-001096,2025-12-11,37.0,6,36.81,12,1,0.244,0.482,8.3,tablet,Silver,Busan,fashion,email|push|sms,Explorer
CUST-001097,2023-09-05,45.0,8,23.47,2,3,0.09,0.417,1.6,desktop,Basic,Daegu,electronics,email|sms,Explorer
CUST-001098,2023-12-12,30.0,12,36.78,6,9,0.189,0.665,10.4,mobile,Basic,Seoul,home,email,Bargain
CUST-001099,2025-01-22,18.0,7,17.17,7,4,0.169,0.475,2.9,mobile,Gold,Gyeonggi,home,email,Bargain
CUST-001100,2026-06-17,46.0,13,11.98,6,3,0.14,0.543,8.9,tablet,Basic,Daejeon,fashion,sms,Explorer
CUST-001101,2023-02-22,37.0,10,23.58,9,4,0.439,0.726,11.4,mobile,Silver,Gyeonggi,fashion,email,Bargain
CUST-001102,2025-08-04,42.0,5,19.71,10,2,0.249,0.274,10.4,mobile,Silver,Busan,fashion,email|sms,Explorer
CUST-001103,2025-11-19,39.0,8,4.94,10,2,0.358,0.548,5.6,mobile,Basic,Seoul,electronics,push,Bargain
CUST-001104,2025-11-20,50.0,8,223.04,3,3,0.123,0.205,12.5,mobile,Basic,Busan,electronics,push|sms,Explorer
CUST-001105,2024-08-03,50.0,11,27.32,8,2,0.439,0.724,21.6,desktop,Basic,Gyeonggi,home,push,Bargain
CUST-001106,2023-01-06,41.0,5,9.74,6,4,0.203,0.124,3.7,mobile,Silver,Busan,electronics,email,Bargain
CUST-001107,2023-08-26,63.0,15,15.53,10,6,0.044,0.494,9.2,desktop,Basic,Seoul,electronics,sms,Bargain
CUST-001108,2025-03-06,27.0,6,22.32,13,1,0.192,0.588,12.0,mobile,Basic,Seoul,fashion,email|push|sms,Bargain
CUST-001109,2024-11-30,65.0,11,22.63,2,6,0.299,0.237,9.4,tablet,Basic,Seoul,beauty,email,Loyal
CUST-001110,2025-04-14,44.0,12,12.47,5,4,0.257,0.115,8.6,mobile,Basic,Seoul,sports,push,Explorer
CUST-001111,2023-02-05,35.0,12,24.97,7,4,0.397,0.226,10.6,desktop,Basic,Gyeonggi,fashion,sms,Explorer
CUST-001112,2025-01-21,42.0,9,32.97,7,5,0.097,0.563,11.9,desktop,Basic,Seoul,home,push,Explorer
CUST-001113,2024-10-17,43.0,15,31.25,7,2,0.199,0.742,11.2,desktop,Basic,Busan,sports,email,Explorer
CUST-001114,2022-03-19,47.0,6,23.48,11,2,0.172,0.251,16.0,mobile,Silver,Seoul,fashion,email,Bargain
CUST-001115,2023-08-20,18.0,14,9.44,2,2,0.178,0.132,8.7,mobile,Silver,Seoul,beauty,sms,Loyal
CUST-001116,2023-11-11,54.0,5,13.32,5,5,0.185,0.482,9.1,mobile,Silver,Daegu,sports,push,Explorer
CUST-001117,2026-06-08,,8,9.1,17,3,0.089,0.561,43.2,desktop,Silver,Gyeonggi,beauty,email,Bargain
CUST-001118,2024-03-08,37.0,1,15.74,6,7,0.239,0.386,9.8,mobile,Basic,Seoul,sports,email|sms,Bargain
CUST-001119,2026-04-05,44.0,8,22.78,4,1,0.102,0.382,11.4,mobile,Basic,Seoul,fashion,email,Explorer
CUST-001120,2023-12-13,41.0,7,19.35,6,9,0.239,0.311,3.6,mobile,Basic,Gyeonggi,beauty,push,Bargain
CUST-001121,2024-07-29,49.0,14,14.79,4,5,0.233,0.115,16.1,tablet,Basic,Gyeonggi,beauty,push|sms,Bargain
CUST-001122,2022-09-15,34.0,12,10.65,5,6,0.203,0.388,23.5,tablet,Silver,Seoul,home,sms,Loyal
CUST-001123,2024-08-09,35.0,11,20.23,7,8,0.063,0.836,23.5,mobile,Basic,Gyeonggi,sports,sms,Explorer
CUST-001124,2022-11-05,69.0,11,41.02,9,6,0.059,0.353,11.1,mobile,Silver,Daejeon,fashion,email|push,Explorer
CUST-001125,2025-12-06,38.0,13,23.43,9,4,0.085,0.124,14.0,desktop,Basic,Seoul,sports,email,Explorer
CUST-001126,2023-09-15,45.0,5,27.24,4,1,0.202,0.242,2.2,mobile,Basic,Seoul,beauty,email|push,Bargain
CUST-001127,2025-08-15,36.0,7,17.29,8,0,0.151,0.19,4.3,mobile,Silver,Gyeonggi,home,sms,Explorer
CUST-001128,2025-12-06,57.0,14,11.57,4,1,0.199,0.522,15.4,mobile,Silver,Gyeonggi,fashion,email,Explorer
CUST-001129,2022-12-12,32.0,3,7.78,4,4,0.068,0.514,7.5,mobile,,Gyeonggi,electronics,sms,Bargain
CUST-001130,2026-07-08,34.0,7,3.86,5,6,0.127,0.386,9.1,mobile,Silver,Seoul,beauty,email,Loyal
CUST-001131,2022-10-05,47.0,4,8.41,5,5,0.027,0.653,20.0,desktop,Silver,Gyeonggi,fashion,sms,Bargain
CUST-001132,2022-03-10,45.0,6,12.04,10,1,0.248,0.155,3.2,desktop,Basic,Busan,fashion,email|sms,Bargain
CUST-001133,2024-10-09,36.0,6,33.85,5,8,0.306,0.455,24.1,desktop,Silver,Seoul,electronics,push,Explorer
CUST-001134,2023-05-17,44.0,10,9.58,8,6,0.123,0.728,1.9,tablet,Silver,Gyeonggi,fashion,email,Loyal
CUST-001135,2023-06-23,53.0,6,16.16,12,3,0.227,0.085,4.8,mobile,Basic,Seoul,sports,email|sms,Bargain
CUST-001136,2025-12-03,46.0,15,11.24,5,5,0.108,0.672,6.6,desktop,Silver,Busan,home,push|sms,Bargain
CUST-001137,2025-04-15,59.0,9,25.47,6,2,0.27,0.344,27.3,mobile,Silver,Seoul,beauty,sms,Explorer
CUST-001138,2026-02-22,35.0,9,9.22,7,8,0.116,0.475,3.3,mobile,Basic,Seoul,home,push,Loyal
CUST-001139,2025-06-09,33.0,11,15.99,4,6,0.343,0.656,6.3,mobile,Silver,Busan,fashion,email,Bargain
CUST-001140,2026-04-24,28.0,5,8.2,8,2,0.105,0.794,6.5,mobile,Basic,Seoul,electronics,push,Loyal
CUST-001141,2025-12-06,,6,6.45,9,2,0.026,0.546,5.8,tablet,Gold,Gyeonggi,beauty,email,Loyal
CUST-001142,2022-08-25,29.0,8,33.8,7,2,0.137,0.022,4.4,desktop,Silver,Daegu,electronics,sms,Explorer
CUST-001143,2024-03-25,51.0,11,13.96,6,7,0.284,0.507,11.6,mobile,Silver,Daejeon,fashion,email,Loyal
CUST-001144,2026-05-30,39.0,9,14.0,5,5,0.254,0.286,4.6,mobile,Basic,Seoul,beauty,sms,Explorer
CUST-001145,2024-10-19,43.0,11,17.44,8,3,0.11,0.638,6.7,tablet,Gold,Busan,fashion,email,Bargain
CUST-001146,2022-04-05,24.0,5,32.22,5,3,0.17,0.624,13.4,mobile,Gold,Gyeonggi,electronics,email|sms,Explorer
CUST-001147,2022-11-25,42.0,6,45.12,10,3,0.153,0.125,18.6,mobile,Basic,Daegu,beauty,email,Explorer
CUST-001148,2024-01-17,42.0,8,25.29,7,5,0.19,0.911,4.9,desktop,Silver,Busan,home,email|push|sms,Bargain
CUST-001149,2023-06-22,18.0,7,3.84,5,5,0.166,0.457,8.7,mobile,Silver,Gyeonggi,fashion,email,Bargain
CUST-001150,2022-11-12,35.0,6,4.87,8,8,0.312,0.257,22.3,mobile,Basic,Busan,fashion,sms,Loyal
CUST-001151,2022-07-03,44.0,7,17.61,5,4,0.104,0.323,26.4,desktop,Silver,Daejeon,fashion,email|push|sms,At_Risk
CUST-001152,2023-05-24,22.0,6,9.41,2,2,0.459,0.744,14.7,mobile,Basic,Daegu,fashion,email,At_Risk
CUST-001153,2022-05-20,18.0,18,12.49,6,2,0.363,0.618,8.2,mobile,Basic,Seoul,fashion,email,Explorer
CUST-001154,2026-04-13,38.0,11,7.11,6,7,0.295,0.799,31.4,mobile,Gold,Daegu,electronics,email,Bargain
CUST-001155,2024-06-19,30.0,6,230.61,9,2,0.003,0.354,14.4,tablet,Basic,Busan,electronics,sms,Explorer
CUST-001156,2022-11-22,43.0,5,27.77,7,3,0.237,0.475,11.5,desktop,Basic,Daejeon,electronics,email,Bargain
CUST-001157,2024-12-26,49.0,13,7.16,8,3,0.098,0.228,8.8,mobile,Basic,Seoul,sports,email,Loyal
CUST-001158,2024-02-14,26.0,9,22.51,3,0,0.476,0.243,8.7,desktop,Silver,Seoul,electronics,email|push,Explorer
CUST-001159,2024-09-24,53.0,9,9.39,3,4,0.26,0.372,6.3,mobile,Basic,Gyeonggi,fashion,email,Loyal
CUST-001160,2023-04-01,55.0,12,14.41,5,7,0.08,0.803,20.7,mobile,Basic,Busan,fashion,push,Explorer
CUST-001161,2023-09-02,46.0,15,19.74,9,6,0.264,0.375,36.3,mobile,Basic,Busan,fashion,push,Explorer
CUST-001162,2025-03-21,28.0,9,6.46,5,2,0.212,0.419,12.5,mobile,Basic,Seoul,sports,sms,Loyal
CUST-001163,2023-03-02,47.0,6,29.75,9,3,0.231,0.402,11.1,desktop,Basic,Seoul,fashion,push,Bargain
CUST-001164,2025-06-23,27.0,15,7.08,4,5,0.353,0.396,13.0,desktop,Basic,Seoul,fashion,email|push|sms,Explorer
CUST-001165,2025-03-12,40.0,2,8.88,8,1,0.064,0.679,22.1,mobile,Gold,Gyeonggi,sports,email|sms,Bargain
CUST-001166,2025-12-05,64.0,9,34.83,7,3,0.044,0.304,6.6,mobile,Silver,Gyeonggi,electronics,push,Explorer
CUST-001167,2024-06-05,46.0,6,16.42,5,3,0.164,0.083,15.9,mobile,Basic,Gyeonggi,fashion,sms,Explorer
CUST-001168,2022-07-20,48.0,9,18.89,4,4,0.325,0.464,22.8,tablet,Gold,Gyeonggi,fashion,push,Explorer
CUST-001169,2025-09-18,24.0,3,20.37,7,5,0.495,0.452,18.5,mobile,Gold,Gyeonggi,sports,email,Explorer
CUST-001170,2023-04-17,54.0,12,23.55,9,6,0.118,0.749,17.4,mobile,Gold,Daejeon,fashion,email|push|sms,Bargain
CUST-001171,2023-06-21,43.0,7,25.26,7,4,0.195,0.512,11.1,mobile,Basic,Busan,fashion,email,Explorer
CUST-001172,2026-03-03,58.0,11,15.17,8,3,0.34,0.608,7.9,mobile,Gold,Busan,beauty,sms,Bargain
CUST-001173,2024-01-17,18.0,10,4.75,5,3,0.253,0.179,17.5,tablet,Basic,Busan,electronics,email|push,Explorer
CUST-001174,2023-04-06,30.0,7,22.12,5,0,0.027,0.253,3.6,mobile,Silver,Seoul,electronics,push|sms,Explorer
CUST-001175,2025-03-03,26.0,11,21.25,8,7,0.163,0.79,14.2,mobile,Silver,Busan,fashion,email,Bargain
CUST-001176,2024-07-01,36.0,8,23.84,5,3,0.092,0.398,2.3,desktop,Basic,Busan,home,email,Explorer
CUST-001177,2024-11-17,39.0,12,41.25,11,2,0.195,0.772,4.0,mobile,Silver,Seoul,home,push,Explorer
CUST-001178,2022-07-10,51.0,4,10.19,7,2,0.161,0.636,6.5,desktop,Basic,Gyeonggi,sports,email|push,Bargain
CUST-001179,2022-05-28,42.0,10,43.4,8,9,0.057,0.603,3.2,mobile,Silver,Daegu,home,sms,Loyal
CUST-001180,2023-08-02,35.0,6,15.48,3,3,0.311,0.745,8.4,desktop,Basic,Busan,fashion,push|sms,Bargain
CUST-001181,2026-01-02,23.0,15,19.28,4,3,0.193,0.139,4.2,mobile,Silver,Gyeonggi,beauty,push,Explorer
CUST-001182,2024-12-24,45.0,12,47.52,8,1,0.008,0.63,33.0,desktop,Basic,Daegu,electronics,push,Explorer
CUST-001183,2024-02-23,39.0,15,31.53,5,4,0.121,0.525,10.7,desktop,Silver,Daegu,fashion,sms,Bargain
CUST-001184,2022-10-09,35.0,5,17.46,4,3,0.299,0.212,30.0,mobile,Gold,Gyeonggi,home,sms,Explorer
CUST-001185,2025-10-28,33.0,7,17.0,6,5,0.049,0.643,24.4,mobile,Basic,Daejeon,fashion,sms,Bargain
CUST-001186,2025-11-21,39.0,7,16.95,6,4,0.196,0.242,5.5,mobile,Basic,Daejeon,beauty,sms,Bargain
CUST-001187,2025-11-27,49.0,6,18.82,7,6,0.32,0.641,4.0,mobile,Silver,Gyeonggi,beauty,push|sms,Bargain
CUST-001188,2026-03-23,46.0,5,16.13,4,3,0.135,0.333,13.3,tablet,Silver,Gyeonggi,fashion,sms,Bargain
CUST-001189,2024-11-28,32.0,11,27.94,5,1,0.074,0.329,8.0,mobile,Basic,Busan,fashion,push,Explorer
CUST-001190,2025-03-20,42.0,9,45.59,7,10,0.359,0.485,4.2,mobile,Silver,Seoul,home,push,Explorer
CUST-001191,2025-11-24,55.0,6,201.06,7,6,0.138,0.487,20.4,mobile,Gold,Daegu,sports,push,Loyal
CUST-001192,2025-12-28,24.0,13,17.53,11,3,0.369,0.519,4.5,mobile,Basic,Busan,fashion,email|push|sms,Explorer
CUST-001193,2023-09-14,45.0,12,12.59,5,1,0.06,0.582,5.2,mobile,Silver,Gyeonggi,electronics,email|push|sms,Explorer
CUST-001194,2024-11-26,47.0,6,7.47,6,5,0.047,0.622,7.0,mobile,Basic,Seoul,electronics,push,Bargain
CUST-001195,2024-03-20,52.0,10,22.67,6,4,0.019,0.611,15.4,mobile,Gold,Gyeonggi,beauty,push,Bargain
CUST-001196,2026-05-11,33.0,9,14.12,6,7,0.029,0.869,2.7,mobile,Basic,Daegu,fashion,email|push,Bargain
CUST-001197,2026-03-18,42.0,11,15.02,7,2,0.079,0.478,20.1,mobile,Basic,Gyeonggi,electronics,push,Bargain
CUST-001198,2024-03-19,37.0,8,12.03,4,3,0.27,0.224,3.7,mobile,Gold,Seoul,home,email|push,Bargain
CUST-001199,2025-06-05,37.0,3,17.87,7,2,0.349,0.48,1.3,desktop,Basic,Seoul,home,email,Explorer
CUST-001200,2026-07-06,33.0,6,30.08,3,6,0.082,0.683,5.7,mobile,Silver,Gyeonggi,beauty,email,Loyal
CUST-001201,2022-06-11,28.0,9,14.64,0,7,0.174,0.732,39.8,mobile,Basic,Busan,sports,push,Bargain
CUST-001202,2022-07-06,57.0,7,29.9,6,2,0.41,0.473,10.9,mobile,Basic,Seoul,fashion,push|sms,Bargain
CUST-001203,2024-11-01,37.0,10,7.93,7,5,0.27,0.34,3.0,mobile,Silver,Seoul,beauty,push,Bargain
CUST-001204,2022-10-16,45.0,11,13.12,6,4,0.315,0.759,20.1,desktop,Basic,Gyeonggi,electronics,push|sms,Bargain
CUST-001205,2025-10-12,54.0,15,19.22,4,4,0.326,0.317,8.9,mobile,Gold,Seoul,sports,sms,Explorer
CUST-001206,2022-06-13,45.0,11,21.31,10,3,0.005,0.555,27.5,mobile,Silver,Busan,sports,email|push,Bargain
CUST-001207,2023-04-15,38.0,10,28.19,4,4,0.478,0.225,14.7,mobile,Basic,Daejeon,electronics,push|sms,Explorer
CUST-001208,2023-09-29,34.0,9,22.2,7,6,0.472,0.462,12.7,desktop,Basic,Seoul,beauty,email,Explorer
CUST-001209,2023-12-29,62.0,8,13.25,5,2,0.034,0.415,23.3,mobile,Basic,Gyeonggi,sports,sms,Bargain
CUST-001210,2026-01-16,34.0,14,12.2,9,6,0.043,0.52,7.4,desktop,Gold,Daegu,home,sms,Loyal
CUST-001211,2024-03-27,60.0,8,24.17,1,3,0.199,0.506,8.8,mobile,Basic,Seoul,fashion,email|sms,Explorer
CUST-001212,2025-01-16,20.0,10,17.94,8,2,0.28,0.298,1.4,desktop,Silver,Seoul,fashion,push,Explorer
CUST-001213,2025-03-22,48.0,10,12.35,8,3,0.052,0.868,5.3,mobile,Silver,Seoul,beauty,email,Bargain
CUST-001214,2023-08-31,42.0,3,4.95,7,5,0.132,0.351,5.6,mobile,Gold,Daejeon,fashion,push,Bargain
CUST-001215,2023-02-04,41.0,11,17.25,8,7,0.389,0.198,10.6,mobile,Basic,Seoul,electronics,push,Bargain
CUST-001216,2023-03-30,36.0,11,27.18,5,6,0.039,0.709,9.7,mobile,Basic,Daegu,sports,email,Loyal
CUST-001217,2024-08-22,29.0,8,28.64,8,5,0.138,0.39,9.8,mobile,Gold,Seoul,home,push|sms,Loyal
CUST-001218,2024-04-06,39.0,14,10.08,3,9,0.251,0.256,6.9,mobile,Basic,Seoul,beauty,push,Explorer
CUST-001219,2022-08-03,39.0,9,15.84,5,4,0.139,0.167,25.5,mobile,Gold,Gyeonggi,electronics,email,Explorer
CUST-001220,2025-10-03,42.0,13,19.22,3,6,0.116,0.177,3.0,mobile,Basic,Seoul,home,email,Loyal
CUST-001221,2022-06-30,46.0,9,20.22,5,8,0.021,0.193,20.9,desktop,Silver,Gyeonggi,sports,push,Explorer
CUST-001222,2023-07-13,37.0,11,65.6,7,2,0.077,0.656,12.2,desktop,Silver,Seoul,fashion,email,Explorer
CUST-001223,2023-12-31,38.0,11,29.36,7,4,0.2,0.153,13.3,tablet,Basic,Gyeonggi,beauty,sms,Explorer
CUST-001224,2023-11-19,21.0,7,20.29,5,1,0.145,0.594,4.2,mobile,Basic,Daejeon,sports,sms,Explorer
CUST-001225,2023-09-22,47.0,5,18.03,6,3,0.185,0.309,24.5,desktop,Basic,Gyeonggi,electronics,email|sms,Bargain
CUST-001226,2025-04-03,33.0,7,7.53,7,1,0.205,0.022,13.3,mobile,Basic,Daejeon,home,email|push|sms,Bargain
CUST-001227,2024-09-28,38.0,11,15.55,12,2,0.284,0.297,36.6,desktop,Basic,Daejeon,sports,email,Bargain
CUST-001228,2022-04-04,45.0,10,33.65,1,2,0.3,0.665,22.4,mobile,Basic,Seoul,sports,email,Bargain
CUST-001229,2025-05-17,41.0,5,7.52,8,4,0.192,0.154,38.1,tablet,Silver,Seoul,beauty,email|sms,Bargain
CUST-001230,2022-08-25,45.0,10,16.89,4,5,0.171,0.421,17.4,mobile,Basic,Daejeon,sports,email,Bargain
CUST-001231,2022-12-29,45.0,9,7.06,5,4,0.199,0.505,5.9,mobile,Silver,Seoul,electronics,push|sms,Explorer
CUST-001232,2025-08-23,36.0,7,23.03,2,1,0.116,0.337,22.8,mobile,Basic,Gyeonggi,home,email,Bargain
CUST-001233,2026-02-03,18.0,6,14.39,7,0,0.169,0.604,14.5,mobile,Silver,Daejeon,fashion,email,Bargain
CUST-001234,2024-11-17,32.0,8,31.52,6,3,0.219,0.426,39.9,tablet,Gold,Seoul,electronics,email|sms,Explorer
CUST-001235,2024-04-10,34.0,7,21.71,9,4,0.089,0.194,8.2,mobile,Silver,Seoul,sports,push,Loyal
CUST-001236,2022-10-25,51.0,2,21.65,1,6,0.191,0.891,7.8,tablet,Basic,Gyeonggi,home,email|push|sms,Explorer
CUST-001237,2026-03-19,31.0,7,9.11,6,4,0.036,0.355,12.9,mobile,Basic,Daejeon,beauty,email|push|sms,Bargain
CUST-001238,2023-08-30,47.0,9,14.35,10,5,0.114,0.064,8.0,desktop,Basic,Gyeonggi,sports,email,Explorer
CUST-001239,2024-04-23,34.0,5,20.3,5,2,0.236,0.13,6.8,mobile,Basic,Gyeonggi,fashion,email|push,Explorer
CUST-001240,2023-04-10,41.0,12,15.0,6,4,0.306,0.476,31.4,mobile,Basic,Gyeonggi,sports,email|push,Explorer
CUST-001241,2022-11-11,65.0,11,34.62,14,5,0.328,0.506,13.8,desktop,Silver,Busan,sports,email,Explorer
CUST-001242,2024-06-17,55.0,9,23.45,5,2,0.051,0.159,6.6,mobile,Silver,Busan,sports,push|sms,Explorer
CUST-001243,2023-03-10,36.0,10,8.42,11,2,0.151,0.176,3.7,desktop,Basic,Seoul,fashion,email|push,Explorer
CUST-001244,2023-12-24,21.0,9,11.96,8,4,0.231,0.396,27.9,desktop,Basic,Daegu,beauty,sms,Explorer
CUST-001245,2023-09-04,48.0,16,3.81,6,2,0.041,0.107,2.9,mobile,Gold,Daejeon,fashion,push,Explorer
CUST-001246,2022-07-22,50.0,9,19.48,2,2,0.047,0.616,4.0,mobile,Basic,Seoul,electronics,email,Explorer
CUST-001247,2024-06-26,22.0,9,16.75,8,4,0.162,0.372,17.0,desktop,Basic,Gyeonggi,electronics,email,Explorer
CUST-001248,2025-09-29,19.0,10,12.95,8,2,0.047,0.764,17.3,tablet,Gold,Gyeonggi,electronics,email,Bargain
CUST-001249,2023-10-20,43.0,7,12.87,8,5,0.235,0.097,3.9,desktop,Gold,Busan,electronics,email,Bargain
CUST-001250,2025-04-27,18.0,8,15.03,7,3,0.11,0.619,25.8,desktop,Gold,Seoul,sports,email|push,Bargain
CUST-001251,2022-06-02,58.0,10,7.67,4,4,0.205,0.594,17.5,desktop,Gold,Gyeonggi,sports,email,Bargain
CUST-001252,2022-04-23,53.0,10,19.71,7,4,0.041,0.173,14.0,desktop,Gold,Busan,sports,email,Loyal
CUST-001253,2024-05-24,49.0,6,33.39,7,3,0.301,0.478,26.3,desktop,Basic,Daejeon,electronics,email,Explorer
CUST-001254,2023-12-17,54.0,11,10.89,7,11,0.113,0.314,7.3,tablet,Gold,Daejeon,fashion,email,Loyal
CUST-001255,2026-04-08,54.0,8,4.94,10,4,0.12,0.46,7.9,mobile,Basic,Daegu,sports,email|sms,Bargain
CUST-001256,2024-05-31,50.0,7,25.18,5,6,0.504,0.44,8.8,mobile,Basic,Seoul,beauty,email|push,Explorer
CUST-001257,2024-05-03,40.0,12,11.19,8,3,0.077,0.428,5.2,mobile,Basic,Busan,fashion,sms,Bargain
CUST-001258,2024-07-20,45.0,7,19.2,2,5,0.574,0.581,34.9,mobile,Basic,Gyeonggi,electronics,email,At_Risk
CUST-001259,2024-12-28,36.0,5,19.06,4,4,0.111,0.496,9.6,mobile,Silver,Gyeonggi,beauty,sms,Explorer
CUST-001260,2024-09-09,40.0,8,7.0,8,3,0.25,0.568,20.1,mobile,Basic,Busan,electronics,email,Bargain
CUST-001261,2022-03-24,52.0,2,41.6,12,6,0.196,0.646,15.2,mobile,Silver,Seoul,home,email,Bargain
CUST-001262,2025-08-19,19.0,12,24.81,4,5,0.073,0.069,16.4,desktop,Gold,Seoul,sports,push,Loyal
CUST-001263,2022-03-14,55.0,8,32.01,8,1,0.028,0.535,4.3,mobile,Basic,Gyeonggi,electronics,push,Bargain
CUST-001264,2026-06-06,21.0,6,4.71,10,4,0.091,0.148,3.9,desktop,Gold,Seoul,beauty,email|push,Bargain
CUST-001265,2024-03-16,39.0,14,21.89,4,4,0.035,0.066,8.7,tablet,Silver,Seoul,fashion,push,Loyal
CUST-001266,2025-01-01,18.0,5,29.8,5,3,0.357,0.425,10.2,mobile,Basic,Seoul,home,sms,Explorer
CUST-001267,2024-07-27,40.0,9,19.79,9,6,0.041,0.903,22.0,mobile,Basic,Busan,sports,email,Bargain
CUST-001268,2024-11-21,23.0,6,2.57,8,5,0.128,0.177,7.1,mobile,Gold,Gyeonggi,sports,push,Loyal
CUST-001269,2023-03-28,23.0,9,10.72,5,6,0.128,0.599,33.4,mobile,Basic,Seoul,electronics,sms,Bargain
CUST-001270,2023-03-22,38.0,10,13.25,3,2,0.46,0.182,7.9,mobile,Basic,Gyeonggi,sports,sms,Explorer
CUST-001271,2022-01-22,40.0,5,15.93,5,6,0.299,0.458,23.3,desktop,Gold,Gyeonggi,electronics,sms,Bargain
CUST-001272,2026-06-28,47.0,6,19.0,7,4,0.245,0.27,15.4,tablet,Silver,Seoul,home,sms,Bargain
CUST-001273,2022-04-27,52.0,11,5.22,4,2,0.07,0.103,18.9,desktop,Basic,Daegu,beauty,email,Bargain
CUST-001274,2023-07-05,68.0,7,51.27,9,4,0.143,0.292,11.9,mobile,Basic,Seoul,fashion,email,Explorer
CUST-001275,2024-03-01,50.0,7,10.07,4,0,0.191,0.675,5.9,mobile,Gold,Seoul,sports,email|push,Bargain
CUST-001276,2024-04-07,55.0,5,20.05,6,5,0.217,0.319,5.5,mobile,Gold,Daejeon,beauty,sms,Loyal
CUST-001277,2024-12-01,18.0,6,32.5,2,5,0.163,0.182,10.0,mobile,Basic,Busan,fashion,email|push,Loyal
CUST-001278,2026-02-28,54.0,10,15.53,8,5,0.181,0.385,23.8,desktop,Silver,Seoul,home,email,Loyal
CUST-001279,2025-12-29,56.0,6,17.75,8,5,0.249,0.586,14.0,desktop,Basic,Seoul,home,push,Loyal
CUST-001280,2026-02-01,44.0,10,28.17,4,1,0.079,0.304,4.6,mobile,Basic,Daegu,fashion,email|sms,Explorer
CUST-001281,2024-04-21,24.0,7,22.88,7,1,0.164,0.727,27.6,mobile,Basic,Gyeonggi,electronics,email|push|sms,Bargain
CUST-001282,2026-02-05,38.0,7,18.41,6,2,0.058,0.449,3.6,desktop,Basic,Seoul,sports,sms,Explorer
CUST-001283,2025-12-16,32.0,8,27.21,8,7,0.147,0.367,18.1,desktop,Silver,Daegu,electronics,email,Bargain
CUST-001284,2024-06-06,35.0,8,22.22,11,2,0.279,0.66,3.9,desktop,Basic,Seoul,electronics,email|push|sms,Bargain
CUST-001285,2023-07-03,45.0,10,30.46,8,2,0.245,0.043,8.3,mobile,Basic,Seoul,electronics,email,Explorer
CUST-001286,2026-01-31,18.0,9,14.54,3,5,0.277,0.155,16.5,desktop,Gold,Daegu,electronics,email|push,Loyal
CUST-001287,2023-10-20,47.0,14,59.36,7,9,0.155,0.514,20.7,desktop,Silver,Seoul,home,sms,Explorer
CUST-001288,2025-12-12,42.0,6,13.67,10,3,0.145,0.37,4.4,mobile,Basic,Busan,sports,email,Bargain
CUST-001289,2022-03-01,59.0,11,10.85,5,3,0.05,0.397,13.3,mobile,,Gyeonggi,home,email|sms,Loyal
CUST-001290,2022-07-20,28.0,9,16.07,3,4,0.217,0.833,12.4,mobile,Gold,Seoul,home,email|sms,Bargain
CUST-001291,2023-04-23,45.0,12,18.83,9,4,0.145,0.037,9.0,desktop,Basic,Busan,beauty,push,Bargain
CUST-001292,2024-08-26,40.0,8,5.76,7,5,0.179,0.295,18.1,mobile,Silver,Daegu,beauty,push,Bargain
CUST-001293,2026-07-07,33.0,12,46.24,8,2,0.144,0.451,32.3,mobile,Gold,Busan,beauty,push,Explorer
CUST-001294,2026-06-26,43.0,8,18.49,11,5,0.128,0.26,4.1,desktop,Basic,Daegu,electronics,email|sms,Explorer
CUST-001295,2025-08-19,31.0,12,9.56,8,4,0.396,0.477,20.5,mobile,Basic,Gyeonggi,fashion,email|push,Bargain
CUST-001296,2026-06-01,36.0,8,6.51,11,2,0.139,0.468,13.3,tablet,Basic,Gyeonggi,beauty,push,Bargain
CUST-001297,2022-09-11,52.0,12,7.33,8,4,0.058,0.279,16.4,mobile,Basic,Seoul,fashion,email|sms,Bargain
CUST-001298,2024-09-29,25.0,10,29.84,5,5,0.321,0.305,24.0,mobile,Silver,Gyeonggi,beauty,email,Bargain
CUST-001299,2025-06-04,25.0,17,3.31,5,6,0.348,0.226,4.5,mobile,Gold,Seoul,beauty,push|sms,Loyal
CUST-001300,2023-10-28,61.0,7,38.17,6,5,0.219,0.784,19.1,mobile,Basic,Seoul,electronics,sms,Explorer
CUST-001301,2022-08-13,45.0,6,24.48,10,5,0.07,0.436,22.1,mobile,Basic,Daejeon,fashion,push,Bargain
CUST-001302,2022-10-29,51.0,9,37.89,10,4,0.132,0.231,2.3,desktop,Basic,Gyeonggi,beauty,sms,Bargain
CUST-001303,2023-04-01,41.0,11,7.59,8,3,0.052,0.518,9.4,desktop,Gold,Gyeonggi,beauty,email|push,Loyal
CUST-001304,2022-02-24,18.0,11,27.25,4,1,0.1,0.627,11.4,mobile,Silver,Daegu,beauty,email|push,Explorer
CUST-001305,2022-07-08,38.0,9,8.76,8,2,0.202,0.404,23.7,mobile,Basic,Daejeon,fashion,push,Bargain
CUST-001306,2023-01-26,36.0,8,20.6,3,7,0.085,0.179,8.6,mobile,Basic,Daegu,sports,email,Loyal
CUST-001307,2022-12-17,44.0,8,20.44,7,2,0.218,0.583,41.2,mobile,Basic,Busan,fashion,sms,Bargain
CUST-001308,2025-07-23,44.0,8,19.6,9,6,0.041,0.57,5.9,tablet,Silver,Gyeonggi,fashion,email|sms,Bargain
CUST-001309,2023-01-15,50.0,10,8.55,3,3,0.031,0.731,27.5,mobile,Gold,Daejeon,home,email,Bargain
CUST-001310,2025-05-18,51.0,7,9.27,7,2,0.395,0.867,13.0,mobile,Basic,Gyeonggi,sports,email,Bargain
CUST-001311,2024-11-12,56.0,11,17.42,7,8,0.013,0.496,17.5,mobile,Basic,Busan,fashion,email,Explorer
CUST-001312,2024-08-14,32.0,7,28.45,8,4,0.12,0.343,13.4,mobile,Silver,Seoul,sports,sms,Explorer
CUST-001313,2025-09-06,23.0,5,22.59,6,4,0.253,0.753,16.2,desktop,Silver,Gyeonggi,fashion,email|push,Bargain
CUST-001314,2025-01-13,45.0,6,31.07,4,1,0.169,0.43,6.7,mobile,Gold,Seoul,home,push,Explorer
CUST-001315,2024-11-28,24.0,9,12.41,10,6,0.057,0.7,14.0,mobile,Basic,Busan,beauty,email,Bargain
CUST-001316,2022-05-12,41.0,9,28.61,7,4,0.202,0.388,9.0,mobile,Gold,Daegu,beauty,email,Explorer
CUST-001317,2023-04-19,50.0,9,48.72,5,7,0.118,0.461,6.4,mobile,Basic,Busan,fashion,email|sms,Explorer
CUST-001318,2024-12-15,28.0,9,22.82,5,4,0.005,0.556,5.8,mobile,Basic,Daegu,fashion,email|push|sms,Explorer
CUST-001319,2025-11-18,21.0,3,15.89,2,5,0.194,0.127,19.7,mobile,Basic,Gyeonggi,sports,push,At_Risk
CUST-001320,2026-04-08,21.0,3,11.96,5,5,0.126,0.211,13.9,mobile,Silver,Daejeon,fashion,sms,Bargain
CUST-001321,2024-05-01,32.0,6,10.09,5,4,0.238,0.194,39.0,mobile,Silver,Seoul,sports,email,At_Risk
CUST-001322,2023-12-18,26.0,5,18.76,7,2,0.362,0.211,16.8,mobile,Basic,Seoul,electronics,push,Explorer
CUST-001323,2025-06-15,48.0,4,23.7,11,5,0.138,0.154,3.0,mobile,Basic,Gyeonggi,home,email,Loyal
CUST-001324,2022-08-11,34.0,11,27.6,7,5,0.234,0.379,9.1,mobile,Silver,Gyeonggi,home,push,Explorer
CUST-001325,2025-05-04,36.0,9,18.14,6,2,0.222,0.22,27.8,mobile,Basic,Daejeon,beauty,sms,Bargain
CUST-001326,2024-10-06,44.0,7,35.58,5,2,0.402,0.495,11.8,mobile,Silver,Gyeonggi,electronics,email,Explorer
CUST-001327,2023-07-26,54.0,5,43.01,6,2,0.346,0.537,3.8,mobile,Silver,Daejeon,beauty,email,Bargain
CUST-001328,2022-10-22,37.0,5,19.2,8,3,0.359,0.338,15.3,desktop,Silver,Seoul,sports,email,Bargain
CUST-001329,2025-12-31,34.0,9,18.96,6,1,0.108,0.8,18.5,mobile,Silver,Seoul,beauty,sms,Bargain
CUST-001330,2023-05-18,48.0,7,26.06,9,3,0.346,0.295,2.0,mobile,Silver,Daegu,electronics,sms,Bargain
CUST-001331,2026-04-17,28.0,9,19.67,12,6,0.176,0.62,14.5,mobile,Silver,Gyeonggi,fashion,sms,Bargain
CUST-001332,2025-04-04,63.0,11,26.81,1,4,0.162,0.047,3.1,mobile,Basic,Gyeonggi,electronics,email|push|sms,Explorer
CUST-001333,2023-12-20,38.0,9,22.51,9,0,0.108,0.534,8.2,tablet,Silver,Daegu,fashion,sms,Explorer
CUST-001334,2024-12-12,62.0,13,26.9,9,3,0.164,0.563,5.2,desktop,Basic,Daegu,home,email,Bargain
CUST-001335,2022-04-11,45.0,6,6.12,7,6,0.263,0.279,11.6,mobile,Gold,Gyeonggi,sports,sms,Bargain
CUST-001336,2026-07-02,50.0,8,19.32,9,3,0.054,0.441,15.1,mobile,Silver,Gyeonggi,electronics,sms,Bargain
CUST-001337,2024-06-04,55.0,10,14.13,7,0,0.261,0.157,21.4,tablet,Basic,Seoul,fashion,email|push|sms,Bargain
CUST-001338,2023-11-28,47.0,13,31.13,6,2,0.269,0.396,6.1,mobile,Silver,Seoul,fashion,sms,Explorer
CUST-001339,2022-09-29,48.0,14,47.65,6,6,0.084,0.457,7.8,mobile,Basic,Seoul,electronics,push|sms,Explorer
CUST-001340,2023-06-26,18.0,7,24.22,8,3,0.004,0.803,6.2,mobile,Basic,Seoul,fashion,push,Bargain
CUST-001341,2025-11-15,22.0,7,31.15,4,2,0.072,0.356,8.8,desktop,Basic,Busan,electronics,push|sms,Explorer
CUST-001342,2026-05-08,42.0,7,38.1,8,5,0.152,0.494,24.5,mobile,Silver,Seoul,sports,email,Explorer
CUST-001343,2024-10-20,41.0,12,48.09,2,4,0.242,0.459,21.4,mobile,Basic,Seoul,sports,email|push,Explorer
CUST-001344,2023-11-23,48.0,12,6.84,8,4,0.241,0.47,4.4,mobile,Gold,Seoul,sports,push,Bargain
CUST-001345,2023-03-17,42.0,6,10.78,4,3,0.11,0.394,25.6,mobile,Gold,Gyeonggi,fashion,email,Loyal
CUST-001346,2022-09-02,31.0,11,18.43,14,3,0.619,0.36,9.2,mobile,Gold,Busan,fashion,email,Bargain
CUST-001347,2023-06-25,31.0,7,20.73,7,6,0.075,0.034,26.1,mobile,Basic,Seoul,fashion,email|push|sms,Loyal
CUST-001348,2025-03-27,30.0,9,10.69,6,5,0.073,0.273,3.5,tablet,Basic,Busan,fashion,email,Bargain
CUST-001349,2024-02-15,45.0,8,12.12,5,4,0.435,0.256,5.8,tablet,Gold,Gyeonggi,fashion,push|sms,Loyal
CUST-001350,2022-07-01,24.0,9,34.54,6,5,0.127,0.265,24.5,tablet,Basic,Busan,electronics,email,Explorer
CUST-001351,2023-12-18,27.0,9,12.37,3,3,0.105,0.133,10.3,mobile,Gold,Daegu,electronics,push,Loyal
CUST-001352,2022-08-02,55.0,10,21.93,9,6,0.081,0.58,9.4,mobile,Basic,Seoul,electronics,email,Bargain
CUST-001353,2025-04-30,50.0,5,15.87,2,7,0.12,0.463,25.0,mobile,Silver,Seoul,home,email|push|sms,Loyal
CUST-001354,2024-06-13,54.0,12,25.82,5,3,0.04,0.609,8.1,desktop,Basic,Seoul,beauty,sms,Explorer
CUST-001355,2025-07-08,40.0,5,4.58,4,4,0.224,0.493,2.8,mobile,Silver,Busan,sports,email,Loyal
CUST-001356,2026-07-08,24.0,15,7.96,9,4,0.118,0.094,1.8,mobile,Basic,Seoul,electronics,email|sms,Bargain
CUST-001357,2026-01-13,65.0,10,14.49,7,4,0.261,0.093,39.9,desktop,Basic,Busan,home,push,Explorer
CUST-001358,2024-11-15,36.0,7,28.97,4,7,0.29,0.765,20.7,tablet,Gold,Seoul,sports,sms,Loyal
CUST-001359,2024-09-16,36.0,9,23.06,7,7,0.101,0.469,35.2,mobile,Basic,Daejeon,fashion,sms,Loyal
CUST-001360,2022-03-28,47.0,8,8.49,5,2,0.004,0.584,5.6,mobile,Basic,Gyeonggi,fashion,push,Bargain
CUST-001361,2026-06-11,40.0,5,24.62,9,4,0.222,0.242,3.8,desktop,Silver,Daejeon,electronics,push,Loyal
CUST-001362,2022-12-25,40.0,11,20.96,3,4,0.358,0.525,6.8,mobile,Silver,Seoul,beauty,email,Explorer
CUST-001363,2025-05-07,55.0,11,36.08,5,3,0.058,0.507,11.0,mobile,Gold,Seoul,beauty,push,Explorer
CUST-001364,2023-01-18,50.0,12,12.71,8,3,0.019,0.594,11.6,desktop,Silver,Busan,sports,push,Bargain
CUST-001365,2025-08-27,34.0,10,32.1,9,3,0.103,0.158,9.2,desktop,Gold,Daejeon,beauty,sms,Bargain
CUST-001366,2025-06-16,54.0,8,38.88,10,5,0.195,0.261,8.4,tablet,Basic,Seoul,electronics,push,Explorer
CUST-001367,2023-01-12,39.0,8,21.29,9,4,0.283,0.389,11.6,desktop,Basic,Gyeonggi,home,push,Explorer
CUST-001368,2025-06-07,48.0,7,17.41,5,2,0.011,0.29,6.7,mobile,Silver,Daegu,beauty,push|sms,Bargain
CUST-001369,2024-03-16,26.0,11,8.85,4,7,0.021,0.12,10.1,desktop,Basic,Seoul,beauty,email,Loyal
CUST-001370,2025-08-17,34.0,9,9.8,7,2,0.027,0.467,4.4,mobile,Basic,Daegu,sports,email|sms,Explorer
CUST-001371,2025-05-28,59.0,11,22.38,7,4,0.121,0.747,2.3,desktop,Basic,Seoul,fashion,push,Explorer
CUST-001372,2022-09-28,39.0,13,10.48,7,2,0.196,0.235,5.7,mobile,Basic,Gyeonggi,beauty,sms,Bargain
CUST-001373,2025-04-26,56.0,7,17.56,4,4,0.256,0.825,5.2,desktop,Silver,Seoul,sports,push,Loyal
CUST-001374,2022-11-02,18.0,7,17.18,5,4,0.089,0.145,16.8,mobile,,Gyeonggi,home,email,Explorer
CUST-001375,2024-01-30,33.0,13,18.31,6,7,0.025,0.857,9.5,mobile,Silver,Seoul,beauty,email|push,Bargain
CUST-001376,2024-06-07,39.0,10,10.68,5,1,0.086,0.732,3.6,desktop,Silver,Seoul,sports,email,Bargain
CUST-001377,2024-04-24,51.0,12,32.21,3,2,0.427,0.82,51.0,mobile,Gold,Gyeonggi,fashion,email|push|sms,Explorer
CUST-001378,2022-06-11,46.0,7,13.11,6,4,0.129,0.359,18.5,mobile,Basic,Seoul,electronics,email,Bargain
CUST-001379,2024-08-10,45.0,15,10.1,8,4,0.222,0.867,15.8,desktop,Silver,Daegu,electronics,email|push,Bargain
CUST-001380,2022-06-04,46.0,5,54.17,6,8,0.083,0.498,7.4,mobile,Silver,Gyeonggi,home,push,Explorer
CUST-001381,2023-08-20,48.0,5,3.63,5,1,0.162,0.133,5.6,mobile,Basic,Gyeonggi,home,email,Bargain
CUST-001382,2023-05-07,33.0,12,10.85,11,4,0.043,0.386,17.1,desktop,Silver,Daejeon,home,sms,Bargain
CUST-001383,2022-07-26,35.0,10,47.15,5,1,0.367,0.353,8.3,mobile,Basic,Gyeonggi,sports,email,Explorer
CUST-001384,2024-10-12,40.0,16,12.84,4,4,0.047,0.209,16.0,desktop,Silver,Seoul,fashion,push,Bargain
CUST-001385,2023-06-21,27.0,7,8.11,4,4,0.412,0.317,18.6,tablet,Silver,Daegu,home,email|push,Explorer
CUST-001386,2024-09-02,47.0,8,6.35,2,6,0.205,0.694,22.3,mobile,Gold,Busan,home,push,Bargain
CUST-001387,2022-08-23,46.0,10,13.08,4,3,0.278,0.538,29.0,desktop,Gold,Gyeonggi,electronics,push,Explorer
CUST-001388,2022-01-14,50.0,11,13.4,8,3,0.055,0.793,9.7,desktop,Basic,Gyeonggi,fashion,email|push,Bargain
CUST-001389,2026-07-10,36.0,9,16.72,5,5,0.177,0.853,23.5,desktop,Basic,Seoul,beauty,push,Explorer
CUST-001390,2024-07-08,43.0,8,7.21,12,2,0.231,0.305,11.5,mobile,Basic,Busan,fashion,sms,Bargain
CUST-001391,2025-06-21,41.0,13,6.36,8,2,0.082,0.357,20.9,mobile,Basic,Seoul,beauty,push,Bargain
CUST-001392,2024-02-23,28.0,4,8.78,10,2,0.339,0.772,23.8,desktop,Silver,Seoul,electronics,email|push,Explorer
CUST-001393,2026-03-27,66.0,13,5.57,8,3,0.23,0.55,7.8,desktop,Gold,Busan,fashion,email,Bargain
CUST-001394,2026-04-14,33.0,8,6.87,6,5,0.252,0.47,24.7,desktop,Basic,Daejeon,electronics,sms,Bargain
CUST-001395,2024-10-15,53.0,9,16.07,10,5,0.229,0.45,14.9,mobile,,Gyeonggi,beauty,email|push|sms,Explorer
CUST-001396,2023-10-09,19.0,5,8.69,4,3,0.344,0.566,12.4,mobile,Basic,Gyeonggi,electronics,email|push|sms,Bargain
CUST-001397,2026-01-14,54.0,9,18.19,4,2,0.212,0.236,52.8,desktop,Basic,Daegu,fashion,push,At_Risk
CUST-001398,2026-01-11,32.0,3,11.43,7,2,0.329,0.027,9.4,mobile,Basic,Daejeon,beauty,sms,Bargain
CUST-001399,2022-11-06,31.0,11,9.43,3,1,0.035,0.688,6.8,desktop,Basic,Daejeon,electronics,push,Bargain
CUST-001400,2024-09-08,30.0,7,25.09,6,4,0.467,0.698,6.1,mobile,Silver,Busan,fashion,email|sms,Bargain
CUST-001401,2022-09-26,43.0,12,13.1,11,2,0.112,0.343,17.7,tablet,Gold,Daejeon,fashion,email,Bargain
CUST-001402,2024-08-29,40.0,9,31.31,8,4,0.409,0.733,11.1,mobile,Gold,Daegu,beauty,email|sms,Bargain
CUST-001403,2026-06-26,52.0,5,23.64,7,4,0.163,0.207,9.6,mobile,Basic,Busan,sports,push,Explorer
CUST-001404,2022-12-18,57.0,6,14.98,7,3,0.363,0.119,22.3,mobile,Basic,Daegu,sports,email|push,At_Risk
CUST-001405,2025-12-28,38.0,7,11.79,9,4,0.45,0.462,6.5,mobile,Basic,Daegu,fashion,email|push,Bargain
CUST-001406,2025-07-23,39.0,10,27.54,6,1,0.183,0.29,1.3,desktop,Gold,Daejeon,fashion,push,Explorer
CUST-001407,2023-01-05,50.0,7,7.57,9,3,0.176,0.189,21.5,mobile,Gold,Gyeonggi,beauty,email|push|sms,Loyal
CUST-001408,2025-08-29,32.0,9,7.17,6,2,0.259,0.26,1.3,mobile,Basic,Busan,electronics,email,Bargain
CUST-001409,2024-06-10,35.0,7,8.84,8,4,0.068,0.105,25.6,desktop,Basic,Gyeonggi,fashion,email,Loyal
CUST-001410,2025-09-12,25.0,12,18.97,9,7,0.062,0.685,26.4,desktop,Basic,Daejeon,home,sms,Bargain
CUST-001411,2022-07-12,35.0,7,4.61,6,5,0.134,0.237,7.4,mobile,Basic,Daegu,electronics,email|push|sms,Bargain
CUST-001412,2024-04-20,28.0,9,8.01,2,2,0.359,0.638,3.2,mobile,Silver,Seoul,sports,sms,Bargain
CUST-001413,2023-08-12,46.0,8,11.1,11,3,0.153,0.273,10.9,mobile,Basic,Seoul,home,email|sms,Explorer
CUST-001414,2024-11-28,30.0,13,13.37,7,0,0.123,0.841,31.3,desktop,Gold,Busan,home,push,Bargain
CUST-001415,2024-06-16,45.0,2,15.71,4,1,0.05,0.562,11.6,desktop,Basic,Busan,fashion,push|sms,Explorer
CUST-001416,2023-01-28,51.0,9,14.99,6,2,0.349,0.5,15.5,mobile,Gold,Seoul,fashion,sms,Explorer
CUST-001417,2022-02-28,48.0,12,12.8,6,1,0.107,0.291,23.7,desktop,Gold,Gyeonggi,fashion,push,Bargain
CUST-001418,2023-10-10,27.0,5,18.83,6,5,0.159,0.81,12.2,desktop,Basic,Seoul,home,push|sms,Bargain
CUST-001419,2022-03-24,25.0,13,19.52,8,7,0.205,0.513,19.5,desktop,Silver,Seoul,beauty,push,Loyal
CUST-001420,2023-05-11,52.0,12,30.3,5,4,0.441,0.619,14.0,mobile,Gold,Gyeonggi,sports,sms,Bargain
CUST-001421,2024-10-12,32.0,8,19.69,7,8,0.067,0.22,11.3,desktop,Basic,Daegu,fashion,sms,Loyal
CUST-001422,2022-04-08,42.0,8,10.96,8,5,0.038,0.657,33.5,tablet,Basic,Seoul,beauty,email,Bargain
CUST-001423,2024-12-05,32.0,4,13.22,5,1,0.016,0.306,32.0,desktop,Gold,Gyeonggi,home,push,Explorer
CUST-001424,2025-05-22,18.0,10,19.89,10,4,0.057,0.323,9.2,desktop,Basic,Gyeonggi,home,email|push,Bargain
CUST-001425,2024-11-06,41.0,5,25.67,7,4,0.09,0.51,14.0,desktop,Basic,Gyeonggi,sports,email|push,Loyal
CUST-001426,2026-06-05,39.0,7,4.85,4,2,0.075,0.156,9.9,mobile,Silver,Busan,fashion,email,Loyal
CUST-001427,2023-05-10,51.0,14,17.15,4,4,0.143,0.493,23.8,mobile,Basic,Seoul,beauty,email,Loyal
CUST-001428,2025-05-16,52.0,11,9.79,4,3,0.177,0.454,4.3,mobile,Silver,Busan,home,email|sms,Loyal
CUST-001429,2025-07-15,31.0,8,12.83,3,8,0.02,0.275,12.2,desktop,Silver,Daejeon,home,push,Loyal
CUST-001430,2024-03-22,39.0,5,19.01,5,2,0.085,0.195,14.2,mobile,Basic,Gyeonggi,electronics,push|sms,Explorer
CUST-001431,2023-08-19,47.0,7,22.23,5,2,0.017,0.709,16.2,desktop,Basic,Gyeonggi,beauty,email|sms,Bargain
CUST-001432,2022-07-02,33.0,8,12.66,4,2,0.166,0.221,18.9,desktop,Basic,Seoul,fashion,email,Bargain
CUST-001433,2023-02-26,46.0,9,20.69,10,2,0.116,0.256,7.2,desktop,Gold,Gyeonggi,fashion,push,Bargain
CUST-001434,2025-02-02,37.0,9,8.34,6,2,0.165,0.574,19.1,mobile,Basic,Gyeonggi,electronics,sms,Bargain
CUST-001435,2024-09-18,44.0,7,13.61,4,5,0.549,0.674,16.2,mobile,Silver,Busan,fashion,push,Bargain
CUST-001436,2025-10-10,30.0,11,18.59,6,2,0.378,0.232,19.2,tablet,Basic,Seoul,fashion,email,Bargain
CUST-001437,2025-02-07,50.0,6,28.05,10,6,0.258,0.488,8.1,mobile,Silver,Busan,home,push,Explorer
CUST-001438,2025-01-19,48.0,10,11.21,5,3,0.074,0.277,23.8,mobile,Gold,Gyeonggi,beauty,email|push,Loyal
CUST-001439,2023-12-07,55.0,12,31.25,11,2,0.156,0.675,26.4,desktop,Basic,Seoul,electronics,email|push,Bargain
CUST-001440,2025-11-14,18.0,6,24.48,5,0,0.024,0.365,9.1,desktop,Basic,Gyeonggi,electronics,sms,Explorer
CUST-001441,2025-04-08,53.0,9,18.19,4,5,0.122,0.335,37.5,desktop,Basic,Daejeon,fashion,sms,Explorer
CUST-001442,2024-12-01,23.0,13,20.34,5,6,0.083,0.35,15.1,mobile,Silver,Gyeonggi,fashion,email,Explorer
CUST-001443,2025-07-07,48.0,10,15.58,9,5,0.099,0.16,15.7,desktop,Silver,Gyeonggi,fashion,email,Loyal
CUST-001444,2025-08-28,45.0,7,56.87,6,6,0.322,0.684,5.2,mobile,Gold,Busan,electronics,push|sms,Explorer
CUST-001445,2023-06-23,47.0,12,22.81,4,5,0.359,0.468,32.7,desktop,Silver,Seoul,fashion,email,Explorer
CUST-001446,2023-05-20,25.0,13,6.6,6,3,0.193,0.704,1.6,desktop,Basic,Busan,fashion,push,Bargain
CUST-001447,2024-04-05,38.0,9,23.34,7,5,0.139,0.755,5.2,mobile,Basic,Seoul,electronics,email,Bargain
CUST-001448,2022-03-28,41.0,10,5.03,6,2,0.398,0.149,15.2,desktop,Gold,Daejeon,beauty,email,Loyal
CUST-001449,2023-09-19,43.0,16,18.02,11,5,0.038,0.388,26.3,mobile,Basic,Seoul,fashion,email,Bargain
CUST-001450,2022-09-20,,10,10.7,6,6,0.296,0.395,31.2,mobile,Silver,Seoul,beauty,push,Explorer
CUST-001451,2023-09-08,26.0,4,29.8,8,4,0.149,0.4,20.8,mobile,Basic,Seoul,home,email,Bargain
CUST-001452,2023-11-13,31.0,11,7.78,3,6,0.236,0.112,35.6,mobile,Basic,Gyeonggi,fashion,push,Explorer
CUST-001453,2024-05-20,58.0,9,21.69,2,6,0.351,0.377,5.5,mobile,Basic,Daejeon,sports,sms,Explorer
CUST-001454,2025-07-08,27.0,4,35.68,6,3,0.214,0.543,6.0,mobile,Basic,Gyeonggi,beauty,email|push,Bargain
CUST-001455,2024-10-16,49.0,7,16.19,6,3,0.182,0.301,7.7,desktop,Basic,Busan,fashion,sms,Explorer
CUST-001456,2024-05-06,20.0,11,15.5,9,4,0.185,0.535,3.8,mobile,Basic,Gyeonggi,home,email,Bargain
CUST-001457,2025-11-28,59.0,7,8.15,4,5,0.212,0.15,17.6,mobile,Gold,Gyeonggi,fashion,email,Loyal
CUST-001458,2025-11-08,63.0,12,4.65,3,4,0.342,0.422,12.8,tablet,Basic,Seoul,fashion,email,Explorer
CUST-001459,2023-03-04,69.0,12,34.01,7,4,0.371,0.417,3.2,desktop,Silver,Daejeon,home,email|push|sms,Explorer
CUST-001460,2023-02-21,49.0,8,6.69,7,5,0.102,0.075,38.2,mobile,Silver,Seoul,beauty,sms,Loyal
CUST-001461,2025-03-02,32.0,10,9.49,2,6,0.154,0.28,6.2,mobile,Basic,Gyeonggi,electronics,email|sms,Loyal
CUST-001462,2026-06-17,30.0,11,35.27,4,3,0.05,0.237,5.7,desktop,Basic,Busan,home,sms,Explorer
CUST-001463,2023-11-16,41.0,10,32.98,6,7,0.165,0.539,19.9,mobile,Basic,Gyeonggi,fashion,email,Explorer
CUST-001464,2025-04-20,40.0,14,12.17,3,8,0.115,0.175,7.0,mobile,Silver,Busan,home,sms,Loyal
CUST-001465,2025-08-10,27.0,5,16.02,6,7,0.157,0.46,17.4,mobile,,Daejeon,electronics,push,Loyal
CUST-001466,2025-12-07,27.0,12,16.96,2,1,0.208,0.198,4.4,desktop,Silver,Gyeonggi,fashion,email,Explorer
CUST-001467,2025-05-20,36.0,4,6.84,8,3,0.42,0.574,4.7,mobile,Basic,Busan,electronics,email,Bargain
CUST-001468,2024-08-29,54.0,8,15.73,3,6,0.033,0.046,18.7,desktop,Silver,Gyeonggi,fashion,push,Explorer
CUST-001469,2025-05-02,39.0,14,13.66,3,2,0.078,0.214,5.0,mobile,Basic,Gyeonggi,beauty,email,Bargain
CUST-001470,2024-05-19,41.0,10,40.29,7,3,0.229,0.283,7.4,desktop,Basic,Seoul,sports,push,Explorer
CUST-001471,2025-11-18,34.0,10,5.54,3,3,0.04,0.31,13.8,desktop,Silver,Gyeonggi,beauty,sms,Loyal
CUST-001472,2023-03-25,34.0,6,10.15,4,2,0.227,0.18,9.5,mobile,Basic,Busan,sports,email|push,Explorer
CUST-001473,2026-03-31,39.0,10,5.59,7,1,0.374,0.338,46.3,mobile,Silver,Busan,electronics,email,At_Risk
CUST-001474,2023-03-19,26.0,8,11.86,6,2,0.247,0.526,13.4,desktop,Basic,Seoul,electronics,email,Bargain
CUST-001475,2026-02-21,47.0,9,20.54,6,5,0.04,0.385,6.1,desktop,Silver,Seoul,electronics,sms,Bargain
CUST-001476,2022-07-07,23.0,8,19.31,10,3,0.326,0.504,2.5,mobile,Basic,Daejeon,home,push,Bargain
CUST-001477,2022-03-23,46.0,6,5.44,7,5,0.082,0.953,13.1,desktop,Silver,Daejeon,electronics,email|sms,Bargain
CUST-001478,2023-10-21,,7,34.39,5,6,0.143,0.247,21.3,desktop,Basic,Seoul,fashion,sms,Explorer
CUST-001479,2024-04-23,42.0,9,22.64,3,5,0.069,0.311,1.4,mobile,,Gyeonggi,beauty,email,Loyal
CUST-001480,2022-08-22,42.0,8,18.06,5,3,0.128,0.289,14.8,mobile,Basic,Daegu,electronics,push|sms,Explorer
CUST-001481,2025-11-21,43.0,10,18.69,6,6,0.099,0.352,13.9,mobile,Silver,Seoul,beauty,push,Bargain
CUST-001482,2023-05-07,49.0,11,5.51,9,2,0.21,0.595,11.4,desktop,Basic,Gyeonggi,beauty,push,Bargain
CUST-001483,2023-07-02,52.0,9,13.47,8,5,0.129,0.652,26.0,mobile,Basic,Busan,electronics,email,Explorer
CUST-001484,2024-08-28,48.0,11,11.14,2,2,0.242,0.385,25.4,desktop,Basic,Busan,fashion,sms,Explorer
CUST-001485,2024-05-21,41.0,8,13.85,7,3,0.112,0.323,8.7,tablet,Basic,Gyeonggi,fashion,push,Explorer
CUST-001486,2026-02-12,18.0,9,35.02,6,3,0.288,0.633,2.7,mobile,Basic,Seoul,electronics,push,Explorer
CUST-001487,2022-07-03,31.0,9,7.03,4,7,0.129,0.088,29.0,desktop,Basic,Daegu,beauty,email,Explorer
CUST-001488,2025-02-02,38.0,7,3.8,8,2,0.031,0.499,10.3,mobile,Silver,Gyeonggi,fashion,email|sms,Bargain
CUST-001489,2024-10-12,52.0,15,16.55,5,2,0.089,0.51,8.6,mobile,Basic,Seoul,beauty,email,Explorer
CUST-001490,2022-05-27,54.0,9,17.92,5,3,0.017,0.829,2.0,mobile,Basic,Busan,home,email|sms,Explorer
CUST-001491,2023-01-09,33.0,8,12.58,10,6,0.067,0.307,18.7,mobile,Silver,Gyeonggi,home,push|sms,Bargain
CUST-001492,2024-10-14,33.0,5,12.68,5,4,0.235,0.549,8.7,mobile,Basic,Seoul,home,sms,Explorer
CUST-001493,2026-01-30,,9,27.3,2,3,0.191,0.209,5.6,mobile,Basic,Seoul,fashion,email|sms,Explorer
CUST-001494,2022-04-03,26.0,7,13.77,7,3,0.236,0.25,4.6,desktop,Silver,Daegu,home,sms,Explorer
CUST-001495,2025-07-19,42.0,8,11.8,4,2,0.104,0.4,10.7,mobile,Basic,Gyeonggi,sports,email|sms,Explorer
CUST-001496,2022-08-15,46.0,10,19.13,9,10,0.062,0.252,8.0,tablet,Basic,Seoul,electronics,email|push,Explorer
CUST-001497,2026-06-16,34.0,6,11.69,6,3,0.002,0.151,9.2,mobile,Basic,Seoul,beauty,email|sms,Bargain
CUST-001498,2025-07-27,51.0,9,28.59,4,6,0.026,0.497,0.6,mobile,Basic,Gyeonggi,beauty,email|push|sms,Loyal
CUST-001499,2023-09-22,51.0,5,14.79,8,4,0.198,0.621,7.1,mobile,Silver,Daegu,sports,push,Bargain
CUST-001500,2024-10-11,39.0,6,19.38,8,4,0.038,0.103,53.6,desktop,Silver,Daegu,beauty,email,Bargain
CUST-001501,2024-05-28,46.0,6,26.33,4,5,0.343,0.112,5.8,desktop,Gold,Busan,sports,email,Loyal
CUST-001502,2024-11-29,18.0,11,13.41,6,6,0.059,0.43,48.2,mobile,Basic,Daegu,sports,email|push,Explorer
CUST-001503,2025-09-21,41.0,11,22.45,6,3,0.073,0.389,0.9,mobile,Basic,Gyeonggi,beauty,sms,Explorer
CUST-001504,2022-12-05,24.0,5,14.1,4,2,0.276,0.537,6.4,desktop,Basic,Seoul,fashion,sms,Bargain
CUST-001505,2022-06-03,29.0,8,3.65,7,4,0.409,0.105,25.6,mobile,Basic,Gyeonggi,fashion,email|sms,Explorer
CUST-001506,2023-08-19,19.0,11,12.96,3,1,0.242,0.221,4.0,desktop,Gold,Busan,sports,sms,Explorer
CUST-001507,2025-01-20,40.0,12,27.06,3,5,0.392,0.337,8.7,mobile,Basic,Seoul,electronics,push,Explorer
CUST-001508,2024-11-24,43.0,10,10.84,7,5,0.086,0.657,4.0,desktop,Silver,Daejeon,home,email|push|sms,Explorer
CUST-001509,2022-07-19,53.0,5,22.82,13,4,0.164,0.521,26.7,tablet,Silver,Gyeonggi,home,push|sms,Explorer
CUST-001510,2024-05-13,28.0,8,19.16,10,2,0.17,0.358,41.6,desktop,Basic,Gyeonggi,sports,email,Explorer
CUST-001511,2025-04-15,50.0,1,10.85,6,2,0.105,0.272,12.0,desktop,Silver,Seoul,beauty,push,Bargain
CUST-001512,2026-07-17,49.0,7,35.35,4,3,0.075,0.43,11.7,desktop,Gold,Seoul,electronics,email,Explorer
CUST-001513,2024-05-25,50.0,17,12.08,8,4,0.411,0.373,6.8,desktop,Basic,Daegu,fashion,push,Explorer
CUST-001514,2024-05-13,63.0,5,24.38,5,5,0.095,0.566,15.0,desktop,Silver,Gyeonggi,home,email,Loyal
CUST-001515,2026-05-31,34.0,8,36.92,5,2,0.524,0.29,9.3,mobile,Basic,Seoul,electronics,push,Explorer
CUST-001516,2022-12-21,50.0,14,15.25,4,0,0.091,0.338,9.8,mobile,Silver,Gyeonggi,electronics,email|push,Explorer
CUST-001517,2024-01-25,46.0,10,14.86,2,2,0.223,0.202,7.8,tablet,Basic,Daegu,fashion,sms,Explorer
CUST-001518,2022-06-24,40.0,6,27.11,9,2,0.126,0.302,8.3,desktop,Silver,Gyeonggi,beauty,email|push,Explorer
CUST-001519,2025-01-04,26.0,7,18.37,9,3,0.069,0.69,6.6,mobile,Gold,Gyeonggi,beauty,email,Bargain
CUST-001520,2025-03-19,39.0,10,23.18,6,4,0.119,0.344,15.6,mobile,Basic,Seoul,electronics,email,Explorer
CUST-001521,2024-01-11,23.0,11,7.34,5,6,0.139,0.101,10.6,desktop,Gold,Seoul,electronics,email|push,Loyal
CUST-001522,2022-08-17,33.0,5,7.08,6,2,0.271,0.094,8.6,desktop,Basic,Seoul,sports,push,Bargain
CUST-001523,2023-09-23,49.0,13,8.87,1,2,0.232,0.818,2.3,desktop,Basic,Seoul,fashion,email|push|sms,Explorer
CUST-001524,2022-12-28,32.0,8,10.92,7,2,0.115,0.491,4.9,mobile,Basic,Seoul,home,email|sms,Bargain
CUST-001525,2024-06-29,28.0,9,36.73,7,8,0.257,0.144,5.0,desktop,Silver,Gyeonggi,home,email,Explorer
CUST-001526,2022-11-25,36.0,10,27.92,9,4,0.15,0.492,22.4,desktop,Basic,Daejeon,fashion,email|sms,Bargain
CUST-001527,2025-06-08,19.0,13,17.55,6,3,0.279,0.43,3.0,mobile,Silver,Busan,electronics,push,Bargain
CUST-001528,2022-05-07,23.0,9,8.82,3,3,0.228,0.307,4.5,mobile,Silver,Seoul,sports,push,Loyal
CUST-001529,2022-10-19,54.0,8,20.22,5,8,0.199,0.31,16.1,tablet,Basic,Daegu,beauty,push,Loyal
CUST-001530,2026-03-12,67.0,9,41.24,5,3,0.081,0.187,2.7,desktop,Silver,Gyeonggi,beauty,email,Explorer
CUST-001531,2024-11-28,38.0,6,9.47,4,4,0.483,0.335,3.4,desktop,Basic,Gyeonggi,beauty,email,Bargain
CUST-001532,2025-08-27,39.0,4,9.22,7,3,0.098,0.529,20.1,mobile,Basic,Seoul,beauty,email|push,Bargain
CUST-001533,2023-02-15,48.0,10,4.13,10,3,0.318,0.232,2.8,desktop,Silver,Daejeon,fashion,push,Explorer
CUST-001534,2024-01-15,34.0,13,40.21,8,5,0.143,0.45,37.2,desktop,Basic,Daejeon,fashion,push|sms,Explorer
CUST-001535,2024-03-05,59.0,13,4.59,5,5,0.523,0.728,9.4,mobile,Basic,Gyeonggi,electronics,email|sms,Bargain
CUST-001536,2026-02-22,23.0,6,17.19,6,8,0.119,0.138,13.2,mobile,Silver,Gyeonggi,beauty,email,Loyal
CUST-001537,2024-11-13,39.0,3,28.0,6,6,0.169,0.19,10.1,desktop,Basic,Gyeonggi,fashion,email|push|sms,Explorer
CUST-001538,2024-02-15,46.0,9,26.05,7,2,0.077,0.676,4.2,desktop,Gold,Gyeonggi,electronics,email,Explorer
CUST-001539,2023-07-08,58.0,11,19.76,6,4,0.188,0.56,12.8,mobile,Basic,Daejeon,beauty,email,Explorer
CUST-001540,2024-08-15,33.0,7,3.36,2,2,0.348,0.261,31.7,tablet,Basic,Seoul,electronics,email,Explorer
CUST-001541,2023-02-15,52.0,8,25.99,4,6,0.132,0.561,8.0,mobile,Silver,Seoul,home,push|sms,Loyal
CUST-001542,2023-07-22,25.0,11,9.38,8,1,0.407,0.563,31.5,mobile,Silver,Gyeonggi,home,push,Bargain
CUST-001543,2023-01-14,29.0,11,23.77,3,4,0.061,0.349,6.5,mobile,Silver,Daegu,beauty,push,Explorer
CUST-001544,2025-04-05,56.0,5,18.19,6,5,0.047,0.794,22.3,desktop,Gold,Gyeonggi,electronics,email,Explorer
CUST-001545,2023-05-17,39.0,11,9.72,4,2,0.108,0.732,9.3,mobile,Basic,Seoul,fashion,push,Loyal
CUST-001546,2022-09-23,51.0,10,25.01,9,4,0.229,0.39,32.6,mobile,Gold,Busan,home,email|push|sms,Explorer
CUST-001547,2023-04-16,42.0,14,17.74,8,5,0.077,0.144,31.6,mobile,Gold,Seoul,beauty,sms,Loyal
CUST-001548,2024-08-25,23.0,7,39.04,6,4,0.28,0.268,17.0,mobile,Silver,Seoul,fashion,push,Bargain
CUST-001549,2022-05-02,18.0,8,12.23,8,2,0.299,0.436,18.0,desktop,Basic,Daegu,electronics,push,Bargain
CUST-001550,2024-11-29,25.0,12,18.57,6,6,0.139,0.407,20.0,mobile,Basic,Daegu,electronics,email,Loyal
CUST-001551,2024-05-22,37.0,9,22.04,6,3,0.082,0.39,5.0,mobile,Basic,Daejeon,fashion,push,Bargain
CUST-001552,2026-07-22,21.0,7,25.16,4,5,0.153,0.355,5.7,desktop,Silver,Seoul,fashion,sms,Loyal
CUST-001553,2025-06-25,23.0,6,35.01,10,4,0.213,0.661,4.3,mobile,Silver,Daejeon,home,email,Bargain
CUST-001554,2024-01-01,18.0,8,13.58,0,3,0.357,0.123,7.6,desktop,Basic,Gyeonggi,home,email,Explorer
CUST-001555,2025-07-10,54.0,8,13.51,4,6,0.064,0.589,1.6,mobile,Silver,Daejeon,home,email,Explorer
CUST-001556,2022-11-14,44.0,4,13.62,6,4,0.009,0.4,15.5,mobile,Basic,Seoul,home,push,Explorer
CUST-001557,2024-02-18,35.0,9,11.35,9,3,0.128,0.461,6.0,mobile,Basic,Busan,beauty,email,Bargain
CUST-001558,2022-12-13,52.0,9,21.16,6,4,0.178,0.264,5.1,mobile,Basic,Daegu,beauty,push,Explorer
CUST-001559,2026-07-04,36.0,7,24.3,5,8,0.074,0.796,2.2,tablet,Basic,Seoul,electronics,push,Bargain
CUST-001560,2026-01-06,24.0,6,9.8,3,4,0.301,0.14,14.8,desktop,Silver,Busan,fashion,push,Explorer
CUST-001561,2026-02-03,40.0,6,23.95,5,6,0.152,0.573,10.5,mobile,Basic,Seoul,fashion,email|push,Bargain
CUST-001562,2024-01-10,32.0,9,25.81,10,1,0.351,0.443,3.9,desktop,Basic,Daegu,sports,email,Bargain
CUST-001563,2025-12-31,60.0,5,7.58,6,4,0.038,0.39,14.3,desktop,Basic,Seoul,electronics,email,Bargain
CUST-001564,2023-08-05,36.0,6,24.1,4,3,0.232,0.256,15.8,mobile,Basic,Seoul,electronics,email|push,Explorer
CUST-001565,2023-01-01,24.0,12,20.37,8,6,0.39,0.628,8.7,mobile,Basic,Seoul,beauty,email|sms,Explorer
CUST-001566,2023-04-30,43.0,4,5.2,4,4,0.06,0.501,17.9,mobile,Basic,Seoul,electronics,email|push|sms,Explorer
CUST-001567,2026-07-03,46.0,4,19.38,5,2,0.182,0.511,0.9,mobile,Basic,Seoul,home,sms,Bargain
CUST-001568,2024-08-21,40.0,8,14.42,12,2,0.104,0.61,35.9,desktop,Gold,Daejeon,home,email,Bargain
CUST-001569,2025-08-20,58.0,7,25.6,9,3,0.029,0.131,6.0,mobile,Silver,Daejeon,home,push,Explorer
CUST-001570,2024-03-10,38.0,13,25.16,6,1,0.309,0.536,27.8,desktop,Silver,Seoul,fashion,email,Explorer
CUST-001571,2025-01-24,32.0,12,26.16,3,2,0.344,0.845,41.2,desktop,Gold,Daegu,beauty,push,Explorer
CUST-001572,2022-10-19,40.0,7,13.09,1,4,0.109,0.678,10.5,mobile,Basic,Seoul,fashion,email|sms,Bargain
CUST-001573,2023-12-20,42.0,4,13.03,4,3,0.29,0.629,0.9,mobile,Silver,Daejeon,sports,push,Bargain
CUST-001574,2025-03-18,41.0,7,7.49,6,5,0.294,0.296,3.1,mobile,Silver,Seoul,beauty,email,Loyal
CUST-001575,2024-11-05,38.0,10,13.74,4,2,0.039,0.346,9.4,mobile,Gold,Gyeonggi,home,email|push|sms,Loyal
CUST-001576,2023-01-31,50.0,9,16.2,6,3,0.114,0.145,4.1,mobile,Basic,Seoul,electronics,email|sms,Explorer
CUST-001577,2024-07-09,48.0,6,11.92,3,7,0.342,0.394,28.8,tablet,Gold,Busan,fashion,push,Loyal
CUST-001578,2025-03-29,49.0,9,18.68,7,2,0.243,0.333,27.4,mobile,Basic,Busan,beauty,sms,Explorer
CUST-001579,2024-12-21,35.0,11,17.81,7,7,0.059,0.334,16.3,desktop,Silver,Gyeonggi,sports,email,Loyal
CUST-001580,2025-02-21,23.0,9,41.64,6,6,0.067,0.58,11.7,mobile,Silver,Gyeonggi,home,email|push,Explorer
CUST-001581,2024-11-16,39.0,15,15.17,10,3,0.113,0.77,7.2,tablet,Basic,Gyeonggi,home,push|sms,Explorer
CUST-001582,2025-12-17,49.0,14,29.72,9,5,0.084,0.88,18.7,tablet,Silver,Gyeonggi,fashion,sms,Explorer
CUST-001583,2025-05-03,36.0,9,10.22,10,4,0.137,0.342,36.2,mobile,Silver,Seoul,fashion,sms,Bargain
CUST-001584,2026-01-22,51.0,9,2.81,3,9,0.107,0.538,3.5,desktop,Gold,Gyeonggi,fashion,email|push,Loyal
CUST-001585,2026-03-09,45.0,6,6.16,7,7,0.058,0.249,8.1,tablet,Basic,Seoul,electronics,email|sms,Loyal
CUST-001586,2025-01-15,47.0,7,20.9,8,3,0.216,0.385,27.3,mobile,Basic,Gyeonggi,fashion,push,Bargain
CUST-001587,2025-01-26,32.0,7,3.28,15,4,0.249,0.425,3.8,mobile,Basic,Seoul,electronics,sms,Bargain
CUST-001588,2025-03-12,39.0,7,48.08,4,3,0.08,0.364,37.0,desktop,Gold,Gyeonggi,beauty,email|push,Explorer
CUST-001589,2022-10-03,38.0,5,13.19,6,8,0.172,0.441,40.8,mobile,Gold,Gyeonggi,beauty,email,Loyal
CUST-001590,2023-04-27,48.0,8,13.48,8,2,0.232,0.316,4.3,desktop,Basic,Busan,home,push,Bargain
CUST-001591,2023-01-07,30.0,12,20.06,4,2,0.124,0.802,24.8,desktop,Silver,Daegu,fashion,push,Bargain
CUST-001592,2023-05-29,26.0,9,7.03,9,4,0.027,0.555,3.7,desktop,Basic,Gyeonggi,home,email,Bargain
CUST-001593,2024-02-05,21.0,12,34.91,8,6,0.103,0.36,19.2,mobile,Silver,Gyeonggi,electronics,push,Explorer
CUST-001594,2024-05-13,20.0,7,6.5,5,3,0.539,0.419,8.9,desktop,Basic,Gyeonggi,home,email,Bargain
CUST-001595,2024-03-18,52.0,6,32.93,9,8,0.072,0.906,14.3,desktop,Silver,Gyeonggi,home,email,Bargain
CUST-001596,2022-05-20,51.0,12,13.48,3,4,0.074,0.426,24.8,mobile,Basic,Gyeonggi,beauty,sms,Bargain
CUST-001597,2024-02-18,27.0,10,8.87,5,0,0.073,0.118,13.8,mobile,Silver,Gyeonggi,electronics,email|sms,Explorer
CUST-001598,2024-06-07,38.0,6,8.54,6,2,0.052,0.712,30.6,desktop,Basic,Gyeonggi,sports,email,Explorer
CUST-001599,2026-04-19,46.0,6,20.6,6,2,0.048,0.798,11.4,mobile,Gold,Busan,fashion,push,Bargain
CUST-001600,2026-01-18,53.0,6,12.93,12,2,0.143,0.48,11.9,mobile,Silver,Gyeonggi,beauty,push,Bargain
CUST-001601,2025-04-20,29.0,10,31.37,3,5,0.097,0.825,6.8,desktop,Basic,Busan,home,email,Explorer
CUST-001602,2026-05-05,30.0,12,11.43,5,4,0.119,0.792,6.5,tablet,Basic,Gyeonggi,beauty,sms,Bargain
CUST-001603,2024-08-22,47.0,7,7.71,5,6,0.144,0.259,6.5,mobile,Silver,Busan,beauty,email|push,Bargain
CUST-001604,2026-01-24,39.0,7,23.01,3,4,0.365,0.529,26.9,desktop,Basic,Seoul,sports,email,At_Risk
CUST-001605,2024-06-15,29.0,9,26.0,4,6,0.062,0.456,5.8,mobile,Silver,Gyeonggi,electronics,email|sms,Loyal
CUST-001606,2023-02-21,48.0,6,6.67,3,2,0.474,0.704,16.2,mobile,Silver,Daegu,fashion,sms,Bargain
CUST-001607,2025-08-13,45.0,11,16.56,8,3,0.214,0.35,12.2,desktop,Silver,Daejeon,sports,email,Bargain
CUST-001608,2024-03-06,50.0,12,15.83,11,4,0.06,0.475,5.0,desktop,Basic,Busan,electronics,push|sms,Explorer
CUST-001609,2023-06-24,52.0,7,27.87,11,2,0.01,0.661,9.6,mobile,Gold,Daejeon,sports,sms,Bargain
CUST-001610,2023-03-12,34.0,10,12.8,5,4,0.125,0.607,31.1,desktop,Silver,Daegu,home,sms,Bargain
CUST-001611,2024-11-08,55.0,8,14.62,4,9,0.324,0.237,1.2,tablet,Silver,Seoul,beauty,sms,Loyal
CUST-001612,2022-07-09,36.0,6,22.36,5,6,0.069,0.394,9.6,mobile,Silver,Seoul,electronics,email,Loyal
CUST-001613,2023-09-02,23.0,8,22.36,10,2,0.258,0.271,19.0,mobile,Basic,Daejeon,beauty,push,Explorer
CUST-001614,2022-10-06,36.0,10,13.7,3,2,0.086,0.87,15.4,desktop,Silver,Gyeonggi,fashion,email|push|sms,Bargain
CUST-001615,2023-09-06,56.0,5,16.92,8,4,0.058,0.579,8.2,mobile,Silver,Daegu,electronics,email|push|sms,Bargain
CUST-001616,2023-03-09,40.0,8,33.35,6,2,0.102,0.268,23.9,mobile,Basic,Seoul,beauty,email,Explorer
CUST-001617,2024-12-31,43.0,14,17.02,9,2,0.088,0.721,1.3,mobile,Gold,Seoul,electronics,push,Explorer
CUST-001618,2025-04-30,24.0,9,26.86,3,1,0.061,0.66,17.8,desktop,Basic,Seoul,home,email|sms,Explorer
CUST-001619,2024-05-18,29.0,11,10.24,8,7,0.166,0.317,2.4,mobile,Silver,Gyeonggi,electronics,email,Bargain
CUST-001620,2023-05-26,49.0,9,19.94,5,6,0.284,0.53,9.9,mobile,Basic,Gyeonggi,fashion,email|sms,Bargain
CUST-001621,2022-01-29,55.0,10,10.47,7,3,0.192,0.533,24.1,mobile,Silver,Gyeonggi,electronics,email,Bargain
CUST-001622,2024-10-06,36.0,11,22.34,11,4,0.126,0.696,19.6,mobile,Basic,Gyeonggi,fashion,email,Explorer
CUST-001623,2026-06-06,48.0,13,18.24,7,5,0.115,0.651,45.2,mobile,Silver,Gyeonggi,electronics,email,Bargain
CUST-001624,2024-07-19,37.0,16,12.04,5,2,0.134,0.381,19.7,desktop,Gold,Gyeonggi,electronics,push,Bargain
CUST-001625,2025-08-19,59.0,10,39.89,6,3,0.45,0.577,12.5,mobile,Gold,Seoul,home,push,Bargain
CUST-001626,2023-09-01,36.0,14,29.06,13,7,0.083,0.224,11.5,mobile,Gold,Daegu,electronics,push,Explorer
CUST-001627,2024-02-21,31.0,5,23.3,3,4,0.336,0.55,12.5,mobile,Basic,Seoul,electronics,email|push|sms,Bargain
CUST-001628,2023-07-07,31.0,10,23.56,6,4,0.127,0.689,9.4,desktop,Silver,Gyeonggi,beauty,email|push,Bargain
CUST-001629,2024-06-14,34.0,12,50.28,7,6,0.099,0.8,16.0,mobile,Basic,Gyeonggi,beauty,email,Explorer
CUST-001630,2022-12-02,45.0,9,15.0,6,0,0.171,0.159,8.3,mobile,Basic,Daejeon,beauty,push|sms,Explorer
CUST-001631,2022-07-29,54.0,10,10.59,6,2,0.051,0.538,22.3,mobile,Basic,Gyeonggi,sports,push|sms,Explorer
CUST-001632,2022-10-02,41.0,9,33.81,5,5,0.035,0.294,18.8,tablet,Silver,Seoul,beauty,push,Explorer
CUST-001633,2022-01-13,39.0,7,14.8,4,2,0.177,0.584,7.9,mobile,Basic,Gyeonggi,fashion,sms,Bargain
CUST-001634,2022-07-19,29.0,11,10.96,4,3,0.084,0.587,25.6,mobile,Basic,Gyeonggi,fashion,email|push,Bargain
CUST-001635,2023-06-09,46.0,10,39.18,5,4,0.256,0.367,12.2,desktop,Silver,Gyeonggi,beauty,sms,Explorer
CUST-001636,2023-09-16,28.0,13,13.65,2,1,0.407,0.439,8.0,desktop,Silver,Gyeonggi,home,email,Bargain
CUST-001637,2022-08-31,29.0,1,36.19,7,7,0.176,0.42,17.2,tablet,Silver,Daejeon,beauty,email,Explorer
CUST-001638,2022-01-21,42.0,8,22.46,4,5,0.172,0.615,8.8,desktop,Silver,Seoul,fashion,push,Explorer
CUST-001639,2024-05-21,26.0,7,14.57,5,3,0.032,0.763,0.3,desktop,Basic,Daejeon,sports,sms,Explorer
CUST-001640,2023-07-24,39.0,10,6.97,10,4,0.078,0.15,3.9,desktop,Silver,Gyeonggi,home,email|push|sms,Loyal
CUST-001641,2025-06-11,65.0,13,11.74,5,4,0.105,0.453,29.7,desktop,Basic,Gyeonggi,beauty,email,Loyal
CUST-001642,2025-04-17,40.0,9,24.0,2,4,0.31,0.501,16.3,desktop,Silver,Seoul,electronics,email|push,Explorer
CUST-001643,2023-10-13,52.0,9,26.96,1,7,0.087,0.215,14.4,desktop,Basic,Daegu,home,email,Explorer
CUST-001644,2023-12-13,33.0,14,3.49,11,3,0.19,0.71,17.7,desktop,Basic,Busan,fashion,email,Bargain
CUST-001645,2024-03-07,26.0,11,13.8,8,2,0.102,0.659,21.3,tablet,Basic,Seoul,sports,sms,Bargain
CUST-001646,2024-05-17,47.0,12,33.52,4,8,0.446,0.486,36.7,mobile,Gold,Seoul,home,push,Explorer
CUST-001647,2023-09-02,43.0,9,30.54,7,3,0.057,0.446,23.8,mobile,Basic,Busan,beauty,push,Bargain
CUST-001648,2026-04-28,36.0,9,33.67,5,3,0.247,0.266,10.3,desktop,Basic,Busan,fashion,email,Explorer
CUST-001649,2022-12-28,42.0,11,29.95,3,1,0.041,0.662,3.7,mobile,Basic,Gyeonggi,fashion,sms,Bargain
CUST-001650,2022-09-01,45.0,9,14.14,4,6,0.288,0.237,33.8,mobile,Basic,Seoul,home,push|sms,Explorer
CUST-001651,2022-07-04,48.0,9,16.95,6,4,0.032,0.705,24.4,mobile,Gold,Seoul,electronics,email|sms,Bargain
CUST-001652,2026-03-02,44.0,7,18.63,7,2,0.226,0.671,7.1,mobile,Basic,Gyeonggi,fashion,email|push,Explorer
CUST-001653,2023-12-18,64.0,10,20.61,4,0,0.172,0.563,14.0,desktop,Basic,Daejeon,fashion,email|push,Explorer
CUST-001654,2026-07-24,52.0,4,22.05,5,3,0.188,0.492,4.0,mobile,Silver,Daegu,electronics,push,Explorer
CUST-001655,2025-09-11,29.0,11,11.77,7,4,0.246,0.431,3.6,mobile,Silver,Busan,beauty,push,Bargain
CUST-001656,2025-02-05,49.0,11,14.41,7,3,0.018,0.597,8.3,desktop,Basic,Seoul,beauty,email,Bargain
CUST-001657,2022-05-21,70.0,9,12.8,3,3,0.404,0.366,28.5,mobile,Silver,Seoul,fashion,push,Bargain
CUST-001658,2022-04-05,37.0,5,12.82,6,1,0.185,0.242,5.8,mobile,Basic,Daegu,sports,email|push,Bargain
CUST-001659,2022-12-11,31.0,8,34.41,3,3,0.092,0.551,12.7,desktop,Basic,Seoul,beauty,email|push,Explorer
CUST-001660,2024-08-27,54.0,5,19.88,7,9,0.221,0.347,7.1,mobile,Gold,Gyeonggi,beauty,email|sms,Loyal
CUST-001661,2023-12-24,31.0,6,44.19,6,3,0.127,0.394,17.2,desktop,Basic,Daejeon,beauty,email|push|sms,Explorer
CUST-001662,2026-06-16,50.0,10,26.72,5,3,0.142,0.12,10.8,desktop,Silver,Gyeonggi,beauty,sms,Explorer
CUST-001663,2025-07-10,25.0,7,7.37,7,5,0.11,0.333,21.3,mobile,Silver,Gyeonggi,fashion,email|sms,Bargain
CUST-001664,2024-01-22,30.0,8,16.02,11,0,0.138,0.715,4.9,desktop,Silver,Daegu,home,email,Bargain
CUST-001665,2025-02-19,35.0,7,21.44,6,3,0.107,0.379,5.7,mobile,Basic,Busan,sports,email,Bargain
CUST-001666,2024-02-16,31.0,9,12.81,5,5,0.09,0.516,12.9,mobile,Basic,Gyeonggi,sports,email|push|sms,Bargain
CUST-001667,2023-06-19,30.0,9,13.94,5,3,0.169,0.417,5.6,mobile,Basic,Daegu,home,email|push,Explorer
CUST-001668,2024-11-21,35.0,13,14.4,5,1,0.128,0.291,0.9,desktop,Basic,Gyeonggi,fashion,sms,Explorer
CUST-001669,2026-02-04,18.0,8,14.98,2,6,0.217,0.694,4.2,mobile,Silver,Seoul,electronics,sms,Loyal
CUST-001670,2025-11-03,35.0,7,4.77,7,2,0.17,0.126,18.1,mobile,Silver,Seoul,fashion,sms,Loyal
CUST-001671,2022-12-10,40.0,8,23.15,5,2,0.057,0.483,8.7,desktop,Silver,Gyeonggi,electronics,push,Explorer
CUST-001672,2023-09-13,52.0,7,18.66,6,4,0.097,0.579,14.8,mobile,Silver,Seoul,fashion,email,Bargain
CUST-001673,2026-03-06,49.0,12,13.4,5,2,0.28,0.311,22.1,desktop,Basic,Seoul,electronics,push,Explorer
CUST-001674,2026-02-01,42.0,6,12.8,7,4,0.194,0.381,9.7,mobile,Basic,Seoul,beauty,email|sms,Loyal
CUST-001675,2024-10-02,52.0,10,23.0,5,4,0.176,0.05,2.7,desktop,Basic,Daegu,home,push,Explorer
CUST-001676,2024-05-16,35.0,6,55.17,9,6,0.055,0.237,20.3,mobile,Silver,Busan,home,email|sms,Loyal
CUST-001677,2023-01-18,49.0,3,12.86,6,2,0.144,0.263,12.8,mobile,Basic,Daegu,beauty,email|push,Explorer
CUST-001678,2025-07-17,52.0,11,25.6,6,4,0.076,0.33,27.1,mobile,Basic,Daegu,beauty,sms,Bargain
CUST-001679,2024-07-19,44.0,11,17.2,2,1,0.042,0.722,14.4,mobile,Silver,Seoul,electronics,email,Explorer
CUST-001680,2025-03-19,42.0,8,9.4,6,4,0.197,0.706,53.3,tablet,Basic,Seoul,electronics,email|push|sms,At_Risk
CUST-001681,2022-01-20,30.0,6,47.29,7,6,0.256,0.444,24.4,mobile,Silver,Gyeonggi,home,sms,Explorer
CUST-001682,2024-07-11,22.0,8,24.62,6,5,0.24,0.174,3.7,mobile,Basic,Busan,electronics,sms,Loyal
CUST-001683,2026-01-26,41.0,12,20.15,6,6,0.393,0.352,15.8,desktop,Gold,Busan,sports,sms,Loyal
CUST-001684,2025-12-21,41.0,14,19.31,3,0,0.272,0.61,22.2,desktop,Basic,Busan,home,email,Bargain
CUST-001685,2024-02-21,35.0,11,30.15,3,3,0.092,0.112,16.2,mobile,Silver,Busan,home,email|push|sms,Explorer
CUST-001686,2026-05-28,39.0,6,35.61,6,2,0.177,0.558,11.9,mobile,Silver,Seoul,fashion,email|push,Explorer
CUST-001687,2024-08-30,41.0,13,28.3,6,3,0.258,0.238,4.0,desktop,Gold,Gyeonggi,electronics,push,Explorer
CUST-001688,2026-05-18,34.0,6,20.97,8,5,0.314,0.459,26.9,tablet,Basic,Busan,electronics,sms,Explorer
CUST-001689,2024-07-31,40.0,8,41.49,8,3,0.289,0.346,13.0,desktop,Basic,Gyeonggi,beauty,sms,Explorer
CUST-001690,2023-04-02,32.0,7,8.08,6,7,0.091,0.799,15.0,mobile,Silver,Busan,sports,email,Bargain
CUST-001691,2024-06-20,50.0,4,21.55,5,2,0.059,0.373,28.7,mobile,Silver,Daegu,home,email|push|sms,Bargain
CUST-001692,2025-11-28,47.0,6,7.08,10,5,0.085,0.535,6.1,mobile,Silver,Gyeonggi,electronics,push,Loyal
CUST-001693,2024-02-12,59.0,11,16.67,4,6,0.115,0.175,23.8,mobile,Gold,Gyeonggi,fashion,email|sms,Loyal
CUST-001694,2026-01-13,41.0,8,9.24,4,5,0.031,0.748,19.6,mobile,Gold,Daegu,beauty,email|sms,Bargain
CUST-001695,2026-03-22,40.0,9,26.93,9,0,0.262,0.527,16.3,mobile,Silver,Seoul,electronics,sms,Explorer
CUST-001696,2024-05-01,39.0,11,14.62,7,3,0.144,0.42,16.4,desktop,Basic,Busan,sports,email|push|sms,Bargain
CUST-001697,2026-04-21,44.0,12,24.55,11,2,0.299,0.068,12.5,mobile,Gold,Gyeonggi,beauty,push,Loyal
CUST-001698,2022-07-02,36.0,12,13.98,11,6,0.13,0.276,9.4,mobile,Basic,Seoul,beauty,email|push|sms,Bargain
CUST-001699,2024-07-20,40.0,6,19.94,10,2,0.075,0.703,3.0,mobile,Basic,Seoul,beauty,email|push,Bargain
CUST-001700,2025-04-18,45.0,5,13.53,4,2,0.238,0.112,15.2,desktop,Silver,Gyeonggi,sports,push,Bargain
CUST-001701,2024-05-04,28.0,6,15.57,9,9,0.097,0.245,8.4,desktop,Basic,Busan,electronics,sms,Loyal
CUST-001702,2026-05-02,55.0,12,23.88,7,4,0.261,0.372,9.9,mobile,Silver,Daejeon,fashion,email,Explorer
CUST-001703,2024-06-19,53.0,7,12.48,6,2,0.219,0.695,7.5,mobile,Basic,Busan,electronics,push,Bargain
CUST-001704,2023-06-22,29.0,6,26.83,1,4,0.487,0.34,4.2,mobile,,Gyeonggi,sports,email|sms,Bargain
CUST-001705,2025-12-02,57.0,6,36.12,5,2,0.259,0.15,9.8,mobile,Silver,Gyeonggi,fashion,push,Bargain
CUST-001706,2024-08-31,,6,19.08,4,3,0.056,0.409,31.0,desktop,Basic,Seoul,beauty,email|push,Loyal
CUST-001707,2022-05-02,39.0,8,26.18,4,5,0.147,0.367,7.7,desktop,Basic,Seoul,electronics,push,Explorer
CUST-001708,2025-02-10,18.0,10,7.13,3,5,0.141,0.394,18.1,mobile,Gold,Gyeonggi,fashion,email|sms,Bargain
CUST-001709,2024-11-23,57.0,10,19.38,9,2,0.224,0.817,13.6,mobile,Silver,Busan,electronics,push,Bargain
CUST-001710,2025-09-24,55.0,12,11.97,5,5,0.539,0.546,1.9,mobile,Basic,Gyeonggi,home,email,Bargain
CUST-001711,2022-06-30,33.0,6,12.66,3,0,0.402,0.341,11.5,mobile,,Daejeon,sports,email|push|sms,Explorer
CUST-001712,2024-09-28,56.0,12,4.73,8,4,0.11,0.275,13.7,mobile,Basic,Seoul,electronics,email|push,Explorer
CUST-001713,2024-07-17,22.0,5,33.18,3,3,0.175,0.365,3.9,desktop,Silver,Daegu,fashion,email|push,Explorer
CUST-001714,2022-12-23,38.0,9,33.0,6,2,0.068,0.313,15.2,desktop,Silver,Seoul,home,email,Explorer
CUST-001715,2024-10-25,39.0,8,34.8,15,1,0.086,0.404,16.1,mobile,Basic,Gyeonggi,home,push,Explorer
CUST-001716,2023-06-14,37.0,8,6.55,5,6,0.342,0.591,33.1,desktop,Basic,Gyeonggi,sports,email|push|sms,Bargain
CUST-001717,2025-03-13,30.0,10,20.8,4,4,0.154,0.063,16.1,mobile,Silver,Daejeon,electronics,email|sms,Explorer
CUST-001718,2022-11-12,36.0,9,21.05,3,5,0.152,0.557,62.2,desktop,Basic,Gyeonggi,beauty,email|push|sms,Explorer
CUST-001719,2022-10-24,26.0,6,17.3,11,2,0.241,0.334,13.2,desktop,Basic,Busan,electronics,email,Bargain
CUST-001720,2025-08-18,40.0,2,27.07,3,4,0.2,0.399,14.2,mobile,Silver,Seoul,electronics,push,Explorer
CUST-001721,2023-08-30,46.0,10,11.91,5,1,0.201,0.413,18.5,tablet,Basic,Busan,electronics,email|push,Explorer
CUST-001722,2022-02-14,23.0,12,22.27,4,3,0.168,0.392,9.9,mobile,Basic,Seoul,electronics,push,Explorer
CUST-001723,2026-05-23,34.0,11,11.74,6,3,0.017,0.606,14.0,desktop,Gold,Daegu,sports,sms,Bargain
CUST-001724,2025-07-14,45.0,5,15.24,8,6,0.127,0.511,2.8,desktop,Basic,Busan,home,push,Explorer
CUST-001725,2025-10-16,,14,15.78,6,4,0.258,0.254,13.2,desktop,Basic,Daejeon,home,email|push,Explorer
CUST-001726,2026-01-15,36.0,13,23.33,6,3,0.12,0.314,10.8,mobile,Basic,Seoul,electronics,email|push,Explorer
CUST-001727,2025-03-20,53.0,9,8.79,11,1,0.102,0.428,3.7,desktop,Basic,Daegu,electronics,email|push,Bargain
CUST-001728,2026-03-03,44.0,3,25.59,9,3,0.055,0.207,9.2,mobile,Silver,Gyeonggi,fashion,email|push|sms,Explorer
CUST-001729,2023-04-21,49.0,8,21.25,7,7,0.278,0.111,15.1,mobile,Basic,Seoul,sports,email,Loyal
CUST-001730,2022-05-05,34.0,11,7.43,6,8,0.089,0.718,5.3,desktop,Basic,Busan,home,push,Loyal
CUST-001731,2022-09-17,32.0,12,13.61,4,6,0.041,0.32,28.1,desktop,Basic,Busan,beauty,email,Loyal
CUST-001732,2023-02-03,46.0,7,15.03,5,4,0.121,0.288,13.6,mobile,Basic,Daegu,sports,email|push,Explorer
CUST-001733,2022-05-03,46.0,11,17.68,7,4,0.236,0.113,14.9,mobile,Gold,Seoul,fashion,sms,Explorer
CUST-001734,2026-02-04,21.0,11,16.59,4,4,0.28,0.793,14.6,mobile,Silver,Gyeonggi,beauty,email,Bargain
CUST-001735,2025-03-29,40.0,7,19.89,8,7,0.071,0.202,15.9,tablet,Basic,Busan,fashion,email,Explorer
CUST-001736,2023-03-11,34.0,4,5.33,4,2,0.159,0.565,12.0,mobile,Silver,Gyeonggi,fashion,email|push|sms,Bargain
CUST-001737,2024-08-18,46.0,9,30.6,6,1,0.008,0.877,30.0,desktop,Silver,Seoul,sports,email,Explorer
CUST-001738,2024-12-03,41.0,7,6.97,5,6,0.238,0.931,24.4,mobile,Silver,Seoul,beauty,push,Bargain
CUST-001739,2024-05-28,38.0,9,15.0,6,6,0.068,0.271,3.8,mobile,Basic,Busan,electronics,email|sms,Bargain
CUST-001740,2025-04-24,32.0,10,10.87,5,3,0.138,0.4,33.7,mobile,Basic,Daejeon,sports,email,Bargain
CUST-001741,2026-05-17,45.0,7,37.31,4,2,0.048,0.341,0.6,mobile,Basic,Daegu,fashion,email,Explorer
CUST-001742,2023-09-06,48.0,6,42.35,4,2,0.265,0.107,5.2,desktop,Basic,Gyeonggi,beauty,email,Explorer
CUST-001743,2024-02-12,44.0,14,27.66,5,6,0.433,0.502,7.9,mobile,Silver,Seoul,sports,push,Bargain
CUST-001744,2025-10-21,39.0,6,26.7,8,5,0.356,0.927,7.4,desktop,Basic,Daejeon,home,push,Bargain
CUST-001745,2023-06-10,36.0,6,29.99,5,3,0.034,0.669,12.1,mobile,Basic,Seoul,electronics,push,Bargain
CUST-001746,2026-04-07,40.0,9,51.14,5,4,0.141,0.209,13.4,mobile,Basic,Busan,electronics,email|push,Explorer
CUST-001747,2023-08-23,50.0,11,21.68,7,7,0.226,0.653,6.3,mobile,Silver,Busan,home,push,Bargain
CUST-001748,2023-06-28,36.0,8,10.01,5,6,0.183,0.417,5.5,mobile,Basic,Busan,sports,push,Loyal
CUST-001749,2023-06-19,36.0,11,13.48,10,6,0.123,0.168,7.6,mobile,Gold,Seoul,sports,push|sms,Bargain
CUST-001750,2022-09-06,19.0,13,42.54,4,8,0.24,0.235,3.5,mobile,Basic,Seoul,fashion,email|sms,Loyal
CUST-001751,2024-04-17,42.0,8,17.46,5,8,0.326,0.504,1.0,mobile,Silver,Busan,home,email,Bargain
CUST-001752,2026-01-21,45.0,8,19.97,10,1,0.085,0.587,3.5,desktop,Gold,Seoul,fashion,sms,Bargain
CUST-001753,2026-04-14,18.0,9,16.05,7,10,0.066,0.469,7.2,desktop,Basic,Busan,fashion,email|push,Loyal
CUST-001754,2023-09-24,29.0,9,13.06,7,8,0.427,0.747,6.6,mobile,Basic,Busan,beauty,email,Bargain
CUST-001755,2026-07-24,33.0,13,13.48,9,4,0.099,0.694,14.2,mobile,Basic,Busan,beauty,email,Bargain
CUST-001756,2024-11-09,18.0,11,5.91,4,4,0.099,0.594,15.0,desktop,Basic,Gyeonggi,beauty,email,Explorer
CUST-001757,2023-02-27,33.0,6,14.23,3,4,0.31,0.635,6.0,desktop,Silver,Busan,electronics,email|push,Bargain
CUST-001758,2024-08-22,20.0,6,24.54,12,1,0.235,0.038,13.8,mobile,Basic,Gyeonggi,fashion,email,Explorer
CUST-001759,2022-04-14,18.0,13,7.84,7,4,0.309,0.463,6.5,mobile,Basic,Busan,home,push,Loyal
CUST-001760,2024-04-25,55.0,10,17.71,6,5,0.408,0.476,21.8,mobile,Silver,Gyeonggi,electronics,email,Explorer
CUST-001761,2023-06-12,58.0,8,39.56,5,5,0.277,0.443,27.9,mobile,Silver,Seoul,fashion,email,Explorer
CUST-001762,2023-12-18,37.0,8,19.51,3,3,0.094,0.539,2.3,mobile,Basic,Daejeon,sports,email,Explorer
CUST-001763,2024-02-03,42.0,8,35.02,5,5,0.095,0.598,4.2,mobile,Basic,Daegu,home,email,Explorer
CUST-001764,2023-03-10,30.0,5,22.37,5,2,0.29,0.485,16.7,mobile,Basic,Busan,electronics,email|push,Explorer
CUST-001765,2022-06-21,34.0,8,24.99,6,8,0.02,0.677,13.6,desktop,Silver,Gyeonggi,electronics,email|push|sms,Loyal
CUST-001766,2025-01-06,46.0,9,7.6,5,5,0.142,0.17,9.8,mobile,Gold,Daejeon,home,push,Loyal
CUST-001767,2023-07-01,30.0,6,14.81,5,4,0.026,0.582,16.6,mobile,Basic,Busan,home,email,Bargain
CUST-001768,2022-08-30,44.0,7,22.55,8,5,0.237,0.594,12.4,mobile,Basic,Seoul,fashion,sms,Bargain
CUST-001769,2024-03-09,42.0,10,23.8,3,7,0.365,0.554,17.4,desktop,Basic,Daegu,sports,sms,Loyal
CUST-001770,2025-04-04,38.0,8,31.36,14,5,0.037,0.547,20.5,desktop,Silver,Seoul,fashion,push,Explorer
CUST-001771,2023-03-25,38.0,14,12.38,7,1,0.274,0.13,20.5,tablet,Basic,Daegu,electronics,sms,Explorer
CUST-001772,2025-03-06,45.0,8,7.73,6,1,0.315,0.501,10.3,desktop,Silver,Gyeonggi,sports,sms,Bargain
CUST-001773,2025-12-11,25.0,8,19.73,6,4,0.118,0.502,13.2,tablet,Basic,Seoul,beauty,email|push,Explorer
CUST-001774,2024-12-18,36.0,5,8.83,8,6,0.155,0.704,10.0,mobile,Basic,Seoul,fashion,sms,Bargain
CUST-001775,2025-07-11,32.0,5,10.77,8,4,0.316,0.509,6.0,mobile,Gold,Busan,electronics,email,Bargain
CUST-001776,2024-02-28,18.0,11,3.3,4,3,0.151,0.549,39.8,desktop,,Daegu,beauty,email|sms,Bargain
CUST-001777,2022-10-28,43.0,8,14.17,2,6,0.383,0.721,16.5,desktop,Basic,Gyeonggi,fashion,email,Bargain
CUST-001778,2026-02-21,30.0,7,20.83,14,4,0.188,0.224,9.7,desktop,Basic,Gyeonggi,fashion,push,Explorer
CUST-001779,2026-07-10,58.0,8,14.33,6,5,0.159,0.739,26.4,mobile,Silver,Daejeon,electronics,sms,Bargain
CUST-001780,2022-07-26,51.0,9,22.0,5,3,0.087,0.361,3.7,mobile,Basic,Gyeonggi,electronics,email|sms,Explorer
CUST-001781,2025-03-23,33.0,4,25.37,3,3,0.104,0.71,13.1,desktop,Gold,Daejeon,electronics,sms,Loyal
CUST-001782,2026-07-26,54.0,9,22.45,12,4,0.193,0.492,6.4,mobile,Basic,Daegu,home,sms,Explorer
CUST-001783,2024-01-25,18.0,10,18.27,3,7,0.077,0.239,11.4,mobile,Basic,Gyeonggi,electronics,push,Bargain
CUST-001784,2024-04-06,38.0,7,8.63,6,6,0.046,0.539,7.3,desktop,Basic,Daegu,electronics,push|sms,Loyal
CUST-001785,2022-08-03,43.0,14,18.15,6,4,0.087,0.571,7.6,desktop,Gold,Daegu,home,email|push,Explorer
CUST-001786,2024-11-14,30.0,8,6.91,8,2,0.191,0.777,5.4,tablet,Basic,Gyeonggi,electronics,email,Bargain
CUST-001787,2023-11-11,37.0,10,30.64,6,7,0.184,0.582,6.4,desktop,Basic,Gyeonggi,fashion,email|sms,Explorer
CUST-001788,2026-04-05,30.0,6,24.03,6,1,0.134,0.162,14.9,mobile,Silver,Daejeon,beauty,email|sms,Explorer
CUST-001789,2025-03-31,58.0,10,4.53,5,7,0.033,0.311,15.2,desktop,Basic,Gyeonggi,fashion,email|push,Loyal
CUST-001790,2023-10-09,47.0,11,24.65,11,6,0.041,0.572,14.4,desktop,Basic,Gyeonggi,home,push,Bargain
CUST-001791,2023-10-04,44.0,13,31.14,9,5,0.111,0.64,12.0,desktop,Silver,Daejeon,home,push,Bargain
CUST-001792,2026-06-18,45.0,14,46.4,5,7,0.272,0.589,2.1,tablet,Silver,Seoul,electronics,push|sms,Explorer
CUST-001793,2024-02-18,47.0,13,23.66,2,5,0.237,0.226,4.5,mobile,Silver,Seoul,fashion,sms,Explorer
CUST-001794,2025-07-10,54.0,12,15.42,2,6,0.03,0.59,27.3,mobile,Silver,Daegu,home,push,Bargain
CUST-001795,2024-09-29,31.0,9,12.5,5,4,0.538,0.606,2.6,desktop,Basic,Seoul,beauty,sms,Explorer
CUST-001796,2025-12-26,26.0,7,8.32,4,2,0.092,0.431,4.0,mobile,Silver,Busan,beauty,email|push,Bargain
CUST-001797,2024-06-15,29.0,7,17.19,4,3,0.026,0.188,10.5,mobile,Basic,Seoul,fashion,email,Loyal
CUST-001798,2023-06-30,46.0,5,14.7,9,2,0.2,0.606,4.6,mobile,Basic,Daejeon,fashion,email,Bargain
CUST-001799,2024-11-27,36.0,10,11.77,10,11,0.047,0.745,8.8,mobile,Basic,Seoul,sports,push,Loyal
CUST-001800,2025-03-27,18.0,10,21.83,5,5,0.149,0.755,4.8,desktop,Silver,Daegu,electronics,push,Bargain
CUST-001801,2025-01-13,54.0,17,32.81,6,2,0.127,0.855,15.5,mobile,Basic,Daegu,home,email|push|sms,Explorer
CUST-001802,2024-12-03,45.0,7,6.03,2,4,0.176,0.274,0.3,mobile,Silver,Busan,fashion,push,Loyal
CUST-001803,2025-11-21,28.0,7,19.93,6,4,0.222,0.43,38.7,mobile,Silver,Gyeonggi,beauty,email,Bargain
CUST-001804,2024-09-22,37.0,5,26.45,8,5,0.142,0.532,1.6,tablet,Silver,Seoul,fashion,push,Bargain
CUST-001805,2024-09-11,34.0,12,20.98,9,4,0.346,0.835,5.8,desktop,Basic,Seoul,sports,email,Explorer
CUST-001806,2022-10-27,50.0,8,24.11,4,1,0.251,0.704,13.7,mobile,Basic,Seoul,home,push|sms,Bargain
CUST-001807,2023-04-01,30.0,10,27.78,8,7,0.11,0.327,38.1,desktop,Basic,Gyeonggi,fashion,sms,Explorer
CUST-001808,2022-07-09,32.0,8,13.28,6,3,0.113,0.668,6.6,desktop,Gold,Gyeonggi,sports,email|push,Bargain
CUST-001809,2022-12-24,39.0,7,26.65,8,1,0.078,0.552,14.5,desktop,Basic,Seoul,sports,email|push|sms,Bargain
CUST-001810,2026-04-24,39.0,7,51.96,4,2,0.166,0.261,2.9,mobile,Silver,Seoul,fashion,email|push|sms,Explorer
CUST-001811,2026-04-03,33.0,15,22.59,3,2,0.268,0.527,21.2,mobile,Basic,Gyeonggi,home,push,Bargain
CUST-001812,2023-02-23,41.0,12,2.24,6,4,0.186,0.325,3.1,mobile,Basic,Daejeon,electronics,email|push,Bargain
CUST-001813,2025-06-16,33.0,9,21.16,6,2,0.174,0.285,4.5,mobile,Gold,Seoul,electronics,email,Loyal
CUST-001814,2022-07-11,53.0,6,17.0,6,5,0.221,0.35,14.8,mobile,Basic,Seoul,beauty,push,Bargain
CUST-001815,2025-10-04,18.0,6,18.78,4,2,0.258,0.648,8.8,mobile,Gold,Busan,fashion,email|push,Bargain
CUST-001816,2023-02-11,45.0,8,23.24,5,3,0.147,0.504,18.2,mobile,Basic,Daejeon,beauty,push,Explorer
CUST-001817,2026-03-01,50.0,9,8.54,9,6,0.067,0.714,18.2,mobile,Gold,Gyeonggi,home,email|sms,Loyal
CUST-001818,2022-03-12,48.0,8,18.01,2,3,0.208,0.232,18.7,mobile,Gold,Seoul,fashion,sms,Explorer
CUST-001819,2024-02-26,41.0,15,18.83,6,4,0.163,0.109,26.0,mobile,Gold,Busan,electronics,push|sms,Explorer
CUST-001820,2023-02-24,37.0,11,27.01,5,2,0.316,0.535,8.8,mobile,Basic,Seoul,fashion,push,Explorer
CUST-001821,2022-12-21,44.0,4,15.24,3,6,0.148,0.618,15.4,desktop,Basic,Seoul,sports,push,Explorer
CUST-001822,2022-11-01,39.0,5,17.57,8,2,0.298,0.248,10.8,desktop,Silver,Seoul,home,email|push|sms,Loyal
CUST-001823,2025-05-26,18.0,8,19.56,0,6,0.074,0.48,22.8,mobile,Basic,Seoul,beauty,email|push,Loyal
CUST-001824,2022-04-15,26.0,6,23.83,3,3,0.099,0.847,10.2,desktop,Basic,Gyeonggi,electronics,email,Bargain
CUST-001825,2023-12-16,61.0,9,10.51,8,4,0.188,0.272,15.1,mobile,Basic,Daejeon,fashion,push,Bargain
CUST-001826,2023-02-16,38.0,8,18.75,8,5,0.031,0.313,19.9,mobile,Basic,Seoul,sports,email|push,Loyal
CUST-001827,2026-02-15,43.0,11,11.93,6,6,0.171,0.578,8.2,mobile,Silver,Gyeonggi,home,email|push|sms,Loyal
CUST-001828,2025-05-19,59.0,6,5.34,7,2,0.078,0.445,1.3,mobile,Basic,Seoul,sports,push,Bargain
CUST-001829,2025-05-18,41.0,11,20.86,6,5,0.226,0.297,10.7,desktop,Basic,Gyeonggi,fashion,push,Explorer
CUST-001830,2022-08-17,54.0,5,14.93,7,2,0.092,0.795,11.2,mobile,Silver,Seoul,sports,sms,Bargain
CUST-001831,2023-12-17,29.0,14,5.69,10,3,0.276,0.337,12.2,mobile,Basic,Daegu,fashion,email,Explorer
CUST-001832,2024-02-20,56.0,10,9.9,8,5,0.127,0.382,3.8,desktop,Silver,Daegu,sports,push|sms,Bargain
CUST-001833,2022-01-21,54.0,9,7.47,4,7,0.045,0.635,33.0,desktop,Basic,Busan,beauty,push,Loyal
CUST-001834,2025-01-06,44.0,10,10.89,3,6,0.134,0.529,3.4,tablet,Silver,Daejeon,beauty,email,Loyal
CUST-001835,2025-11-09,44.0,7,18.87,7,4,0.283,0.13,6.3,mobile,Silver,Seoul,beauty,email|push|sms,Explorer
CUST-001836,2025-03-03,23.0,10,16.73,6,3,0.098,0.247,18.5,desktop,Basic,Daegu,beauty,email|push|sms,Bargain
CUST-001837,2024-07-06,28.0,11,11.28,6,2,0.074,0.693,13.0,mobile,Basic,Gyeonggi,home,email,Bargain
CUST-001838,2023-05-11,41.0,11,9.42,9,4,0.242,0.117,27.6,mobile,Basic,Gyeonggi,sports,email|sms,Explorer
CUST-001839,2023-11-13,23.0,11,3.6,8,5,0.225,0.362,18.5,mobile,Basic,Seoul,fashion,push,Bargain
CUST-001840,2023-01-29,45.0,10,18.48,5,5,0.399,0.352,8.5,mobile,Silver,Daegu,fashion,email|sms,Bargain
CUST-001841,2026-01-16,46.0,9,8.54,12,1,0.442,0.035,2.1,mobile,Basic,Daejeon,beauty,email,Bargain
CUST-001842,2023-04-17,40.0,8,13.74,5,5,0.286,0.261,14.8,desktop,Silver,Seoul,fashion,push,Loyal
CUST-001843,2022-11-12,40.0,10,19.73,4,2,0.105,0.484,1.9,desktop,Basic,Gyeonggi,sports,email,Explorer
CUST-001844,2022-04-16,38.0,9,4.15,6,4,0.228,0.68,4.5,tablet,Silver,Seoul,electronics,sms,Bargain
CUST-001845,2024-11-07,40.0,5,11.0,1,3,0.416,0.643,3.6,desktop,Gold,Seoul,beauty,email,Explorer
CUST-001846,2025-12-11,40.0,6,14.05,9,0,0.149,0.189,9.1,mobile,Basic,Gyeonggi,fashion,email|sms,Explorer
CUST-001847,2022-01-11,52.0,11,23.36,7,3,0.485,0.443,10.6,desktop,Basic,Seoul,beauty,sms,Bargain
CUST-001848,2023-09-23,46.0,10,19.59,6,3,0.177,0.571,16.7,desktop,Silver,Seoul,electronics,email|push|sms,Bargain
CUST-001849,2024-05-06,36.0,9,21.49,8,3,0.017,0.105,11.4,desktop,Silver,Daegu,sports,push|sms,Explorer
CUST-001850,2022-08-26,32.0,10,13.06,8,2,0.17,0.885,12.0,mobile,Basic,Seoul,beauty,email,Bargain
CUST-001851,2023-10-17,43.0,11,11.43,7,4,0.06,0.431,7.5,mobile,Basic,Daegu,fashion,push,Bargain
CUST-001852,2023-07-18,25.0,10,15.6,7,3,0.355,0.565,25.8,mobile,Basic,Seoul,beauty,push|sms,Bargain
CUST-001853,2026-01-10,40.0,9,9.63,2,2,0.298,0.689,18.0,mobile,Basic,Seoul,home,email,Bargain
CUST-001854,2026-02-27,40.0,9,13.92,2,2,0.037,0.204,8.3,mobile,Silver,Seoul,beauty,email|sms,Explorer
CUST-001855,2024-11-11,58.0,12,21.05,6,7,0.14,0.113,1.4,desktop,Basic,Daejeon,sports,sms,Loyal
CUST-001856,2022-10-15,35.0,17,40.42,5,2,0.165,0.856,25.4,mobile,Basic,Daegu,home,sms,Bargain
CUST-001857,2026-03-20,44.0,6,19.07,6,7,0.113,0.727,20.3,mobile,Basic,Gyeonggi,sports,push,Bargain
CUST-001858,2023-12-10,26.0,11,12.43,6,4,0.134,0.081,14.8,tablet,Basic,Busan,beauty,email,Loyal
CUST-001859,2025-10-30,43.0,9,6.33,6,5,0.258,0.106,7.5,mobile,Basic,Daegu,home,sms,Explorer
CUST-001860,2025-12-14,38.0,9,19.42,7,6,0.294,0.358,0.8,mobile,Basic,Gyeonggi,sports,email,Bargain
CUST-001861,2023-04-21,24.0,10,17.83,5,2,0.272,0.585,3.9,mobile,Gold,Daejeon,beauty,email|push,Bargain
CUST-001862,2025-02-28,23.0,6,24.64,6,2,0.125,0.491,1.6,mobile,Basic,Seoul,home,push,Explorer
CUST-001863,2024-05-15,29.0,5,23.0,4,2,0.151,0.822,8.5,mobile,Basic,Daegu,fashion,email,Bargain
CUST-001864,2023-06-13,46.0,8,27.58,5,4,0.194,0.466,0.3,desktop,Basic,Seoul,beauty,email|push,Bargain
CUST-001865,2025-04-08,39.0,6,4.51,3,4,0.18,0.641,14.7,mobile,Gold,Gyeonggi,home,push,Bargain
CUST-001866,2022-05-01,43.0,4,23.06,4,7,0.029,0.483,2.7,tablet,Gold,Seoul,beauty,push,Loyal
CUST-001867,2024-11-17,36.0,12,35.18,12,8,0.29,0.694,11.3,mobile,Silver,Seoul,fashion,sms,Explorer
CUST-001868,2025-01-15,20.0,6,10.94,8,2,0.073,0.236,17.8,mobile,Silver,Daegu,beauty,push,Bargain
CUST-001869,2025-08-06,29.0,6,22.42,5,1,0.122,0.399,6.4,mobile,Basic,Seoul,beauty,sms,Bargain
CUST-001870,2023-11-29,45.0,8,21.0,3,4,0.219,0.266,11.8,mobile,Basic,Seoul,beauty,push,Explorer
CUST-001871,2025-06-16,43.0,12,26.77,5,5,0.031,0.116,13.2,mobile,Basic,Gyeonggi,home,email|sms,Explorer
CUST-001872,2025-11-23,37.0,4,24.98,5,3,0.398,0.201,12.9,mobile,Gold,Seoul,beauty,push,Bargain
CUST-001873,2023-09-20,29.0,8,8.15,8,3,0.109,0.826,19.1,mobile,Basic,Daegu,beauty,email|push,Bargain
CUST-001874,2024-11-30,52.0,5,13.83,4,3,0.065,0.28,17.8,desktop,Basic,Seoul,fashion,email|push,Loyal
CUST-001875,2022-01-01,54.0,14,31.55,4,0,0.174,0.432,6.9,mobile,Silver,Seoul,electronics,email|push,Explorer
CUST-001876,2024-01-28,23.0,11,21.81,7,4,0.477,0.093,8.3,mobile,Basic,Seoul,fashion,email,Bargain
CUST-001877,2025-03-18,42.0,8,14.77,8,3,0.152,0.516,45.5,mobile,Gold,Gyeonggi,electronics,email|push|sms,Bargain
CUST-001878,2025-10-18,33.0,16,9.13,10,2,0.351,0.104,18.0,desktop,Basic,Daegu,electronics,push,Explorer
CUST-001879,2023-04-24,25.0,16,35.6,9,6,0.128,0.509,7.1,desktop,Silver,Gyeonggi,electronics,email|sms,Explorer
CUST-001880,2022-12-20,56.0,16,14.59,4,0,0.089,0.532,6.1,desktop,Silver,Gyeonggi,fashion,email|push|sms,Explorer
CUST-001881,2025-07-04,47.0,13,9.78,4,1,0.029,0.362,32.3,mobile,Basic,Gyeonggi,electronics,email,Bargain
CUST-001882,2024-03-12,36.0,11,5.78,5,4,0.206,0.277,9.2,mobile,Basic,Seoul,electronics,email,Bargain
CUST-001883,2024-02-02,36.0,9,21.36,6,2,0.292,0.349,11.2,tablet,Gold,Seoul,home,email|sms,Loyal
CUST-001884,2023-02-16,27.0,8,43.4,6,5,0.07,0.224,10.9,mobile,Gold,Seoul,sports,sms,Explorer
CUST-001885,2023-11-03,38.0,13,20.61,5,7,0.179,0.64,5.2,desktop,Gold,Seoul,electronics,email,Loyal
CUST-001886,2026-03-23,61.0,5,8.66,2,4,0.226,0.515,1.6,mobile,Basic,Gyeonggi,beauty,email,Bargain
CUST-001887,2022-04-21,33.0,15,21.26,6,2,0.091,0.262,9.5,mobile,Basic,Gyeonggi,home,push,Explorer
CUST-001888,2024-06-08,46.0,11,10.8,4,2,0.133,0.326,18.2,mobile,Silver,Daejeon,sports,push|sms,Bargain
CUST-001889,2026-02-24,41.0,13,16.6,7,3,0.349,0.238,8.8,mobile,Silver,Seoul,electronics,email|push|sms,Explorer
CUST-001890,2025-07-21,47.0,7,5.67,7,3,0.2,0.753,8.5,mobile,Basic,Seoul,beauty,sms,Bargain
CUST-001891,2026-05-14,35.0,8,15.42,6,5,0.043,0.332,13.8,desktop,Basic,Busan,sports,sms,Bargain
CUST-001892,2026-05-26,40.0,11,32.85,7,1,0.221,0.344,5.5,mobile,Silver,Seoul,beauty,push,Explorer
CUST-001893,2026-05-08,31.0,9,15.74,8,4,0.067,0.269,25.3,desktop,Basic,Busan,fashion,push|sms,Explorer
CUST-001894,2023-06-21,50.0,7,39.13,7,6,0.118,0.088,10.2,mobile,Silver,Busan,sports,push,Explorer
CUST-001895,2023-11-18,34.0,5,18.3,3,5,0.276,0.509,3.8,tablet,Silver,Gyeonggi,beauty,push,Bargain
CUST-001896,2023-04-23,57.0,6,26.47,3,4,0.204,0.27,11.3,mobile,Basic,Seoul,home,email,Explorer
CUST-001897,2025-05-12,52.0,7,48.75,2,5,0.129,0.722,17.6,mobile,Basic,Seoul,home,email,Explorer
CUST-001898,2024-02-25,34.0,9,44.01,8,6,0.277,0.571,17.6,mobile,Basic,Gyeonggi,fashion,sms,Explorer
CUST-001899,2025-10-08,26.0,8,6.21,7,2,0.294,0.379,5.4,mobile,Silver,Seoul,beauty,sms,Bargain
CUST-001900,2024-05-27,36.0,8,20.46,5,3,0.309,0.385,0.6,mobile,Basic,Daegu,beauty,push,Bargain
CUST-001901,2024-09-14,55.0,11,29.56,6,3,0.051,0.792,16.3,mobile,Basic,Busan,beauty,email|push,Bargain
CUST-001902,2025-02-15,43.0,7,21.55,7,6,0.119,0.689,12.5,mobile,Silver,Daejeon,sports,email,Bargain
CUST-001903,2022-09-09,31.0,6,29.8,9,3,0.068,0.848,4.5,mobile,Silver,Seoul,home,sms,Bargain
CUST-001904,2024-08-28,47.0,10,13.25,7,3,0.027,0.32,3.5,desktop,Silver,Seoul,fashion,email|sms,Bargain
CUST-001905,2024-02-10,37.0,7,15.51,4,5,0.07,0.557,8.7,desktop,Silver,Gyeonggi,beauty,email,Loyal
CUST-001906,2024-01-18,47.0,6,5.42,9,1,0.223,0.387,10.6,tablet,Basic,Gyeonggi,fashion,email,Bargain
CUST-001907,2026-07-20,34.0,9,22.05,4,3,0.195,0.445,27.7,mobile,,Gyeonggi,sports,email|push,Explorer
CUST-001908,2025-11-06,21.0,9,6.14,11,8,0.048,0.231,21.2,mobile,Basic,Gyeonggi,sports,email|sms,Bargain
CUST-001909,2025-07-14,21.0,10,13.43,5,5,0.256,0.285,4.7,mobile,Gold,Seoul,sports,email,Bargain
CUST-001910,2025-05-25,46.0,10,26.32,6,2,0.225,0.478,4.0,mobile,Basic,Gyeonggi,home,email,Loyal
CUST-001911,2023-03-23,53.0,8,14.84,6,4,0.059,0.331,15.0,mobile,Silver,Seoul,beauty,email,Explorer
CUST-001912,2022-05-09,49.0,5,8.91,11,6,0.217,0.218,5.8,desktop,Basic,Gyeonggi,electronics,push,Loyal
CUST-001913,2022-05-31,49.0,7,25.51,6,2,0.089,0.647,10.0,desktop,Silver,Seoul,beauty,push,Explorer
CUST-001914,2022-02-11,45.0,5,24.11,2,3,0.329,0.606,26.5,mobile,Gold,Seoul,electronics,email|push,Explorer
CUST-001915,2025-08-14,52.0,10,23.44,7,3,0.097,0.616,19.1,desktop,Basic,Gyeonggi,electronics,sms,Loyal
CUST-001916,2023-08-13,39.0,10,18.17,3,6,0.037,0.683,17.5,mobile,Silver,Daegu,home,sms,Explorer
CUST-001917,2023-12-09,54.0,10,23.14,6,2,0.133,0.116,16.2,desktop,Silver,Seoul,electronics,email,Explorer
CUST-001918,2022-08-22,31.0,9,20.03,7,4,0.289,0.787,12.4,desktop,Basic,Busan,beauty,email|push,Bargain
CUST-001919,2024-12-30,50.0,18,38.85,6,5,0.154,0.475,4.3,tablet,Silver,Daejeon,sports,push,Bargain
CUST-001920,2024-12-28,32.0,7,5.58,6,2,0.432,0.637,6.1,mobile,Basic,Gyeonggi,home,push,Bargain
CUST-001921,2023-10-23,39.0,4,6.8,5,1,0.374,0.535,27.6,mobile,Gold,Busan,home,email|sms,At_Risk
CUST-001922,2023-10-24,29.0,6,8.69,6,4,0.203,0.253,19.4,mobile,Silver,Seoul,electronics,sms,Bargain
CUST-001923,2024-09-04,58.0,8,31.3,2,2,0.147,0.268,9.1,desktop,Basic,Busan,fashion,email|sms,Explorer
CUST-001924,2022-01-23,43.0,5,11.54,2,7,0.341,0.186,17.0,mobile,Basic,Daegu,fashion,push,Loyal
CUST-001925,2026-03-08,24.0,8,19.84,6,2,0.104,0.273,7.5,mobile,Silver,Seoul,electronics,email|push,Explorer
CUST-001926,2025-02-05,56.0,12,11.51,3,4,0.191,0.438,10.6,mobile,Silver,Daegu,fashion,email|sms,Explorer
CUST-001927,2026-07-12,45.0,15,26.93,4,4,0.213,0.405,4.0,mobile,Silver,Gyeonggi,beauty,push|sms,Loyal
CUST-001928,2022-07-16,40.0,10,11.91,4,4,0.165,0.591,26.0,mobile,Silver,Gyeonggi,fashion,email,Bargain
CUST-001929,2025-05-18,37.0,7,9.76,10,4,0.093,0.458,1.9,mobile,Silver,Busan,beauty,email,Bargain
CUST-001930,2025-06-08,33.0,8,6.05,3,2,0.285,0.415,26.8,mobile,Silver,Gyeonggi,beauty,sms,Explorer
CUST-001931,2022-03-28,18.0,7,14.22,6,7,0.36,0.311,3.2,desktop,Silver,Daejeon,electronics,email|push|sms,Bargain
CUST-001932,2022-09-25,47.0,6,11.12,7,1,0.125,0.189,7.1,mobile,Basic,Gyeonggi,beauty,push,Explorer
CUST-001933,2022-07-25,25.0,7,11.19,6,5,0.043,0.336,10.0,mobile,Basic,Daegu,sports,sms,Loyal
CUST-001934,2022-05-13,48.0,9,26.91,11,2,0.24,0.363,7.2,desktop,Basic,Daejeon,home,push|sms,Bargain
CUST-001935,2023-03-20,50.0,7,26.22,3,4,0.195,0.466,11.6,desktop,Basic,Gyeonggi,electronics,email|push,Explorer
CUST-001936,2023-09-18,23.0,5,33.74,9,6,0.446,0.075,17.9,desktop,Basic,Daegu,fashion,push|sms,Explorer
CUST-001937,2026-01-18,43.0,4,14.7,7,6,0.146,0.492,3.0,mobile,Basic,Busan,beauty,push,Bargain
CUST-001938,2026-05-28,24.0,9,19.09,10,3,0.301,0.107,5.6,desktop,Basic,Daegu,beauty,email,Bargain
CUST-001939,2024-05-17,48.0,3,36.84,5,2,0.323,0.292,14.1,tablet,Basic,Busan,beauty,email|push,Explorer
CUST-001940,2025-02-06,42.0,12,6.53,10,0,0.094,0.739,1.7,mobile,Basic,Daegu,home,email,Bargain
CUST-001941,2025-11-06,45.0,16,18.32,4,1,0.508,0.368,16.3,mobile,Silver,Gyeonggi,fashion,email|push|sms,Bargain
CUST-001942,2023-01-19,49.0,6,17.07,4,4,0.458,0.267,20.6,mobile,Basic,Busan,electronics,push,Loyal
CUST-001943,2024-04-03,46.0,12,5.82,6,5,0.241,0.408,10.0,desktop,Basic,Daegu,fashion,email|push|sms,Bargain
CUST-001944,2023-05-20,43.0,8,9.75,6,1,0.325,0.389,40.1,mobile,Basic,Seoul,beauty,email|push,Bargain
CUST-001945,2024-01-26,,10,6.23,4,5,0.186,0.354,10.9,desktop,Basic,Busan,fashion,push,Loyal
CUST-001946,2022-10-10,48.0,11,33.13,6,4,0.113,0.425,10.0,mobile,Gold,Daegu,fashion,email,Explorer
CUST-001947,2022-02-28,40.0,11,26.39,7,4,0.086,0.332,16.0,mobile,Basic,Daegu,sports,push,Bargain
CUST-001948,2022-02-23,51.0,13,10.86,6,4,0.081,0.502,0.8,mobile,Gold,Seoul,electronics,email,Loyal
CUST-001949,2024-09-07,47.0,8,31.08,7,3,0.372,0.457,0.5,tablet,Basic,Daejeon,home,email|push,Explorer
CUST-001950,2026-02-22,48.0,6,11.12,8,3,0.232,0.773,21.6,desktop,Basic,Gyeonggi,home,push,Bargain
CUST-001951,2022-07-21,34.0,8,50.62,4,7,0.123,0.448,11.4,mobile,Basic,Seoul,beauty,push,Explorer
CUST-001952,2024-02-16,30.0,8,13.93,5,5,0.071,0.387,1.3,mobile,Basic,Daejeon,electronics,email,Bargain
CUST-001953,2022-09-08,61.0,10,32.9,7,3,0.228,0.525,9.8,desktop,Silver,Gyeonggi,sports,email|sms,Explorer
CUST-001954,2025-06-27,32.0,7,10.11,8,8,0.039,0.595,30.8,mobile,Silver,Daejeon,electronics,email|push,Loyal
CUST-001955,2022-02-16,36.0,6,35.17,9,2,0.459,0.588,12.0,desktop,Basic,Gyeonggi,electronics,push,Bargain
CUST-001956,2022-05-18,39.0,12,21.19,3,3,0.155,0.796,8.0,desktop,Gold,Seoul,home,push,Explorer
CUST-001957,2025-11-13,43.0,12,25.0,3,8,0.032,0.086,10.3,desktop,Silver,Seoul,fashion,email|push|sms,Loyal
CUST-001958,2025-09-04,40.0,10,13.77,5,7,0.04,0.32,7.3,mobile,Basic,Gyeonggi,beauty,push,Bargain
CUST-001959,2023-08-22,24.0,8,11.32,6,3,0.104,0.634,9.9,mobile,Gold,Daejeon,home,email,Bargain
CUST-001960,2023-05-24,48.0,7,4.34,4,7,0.1,0.071,8.7,mobile,Silver,Seoul,sports,sms,Loyal
CUST-001961,2024-09-14,30.0,7,21.61,2,4,0.127,0.763,2.0,mobile,Basic,Daejeon,fashion,sms,Bargain
CUST-001962,2024-08-27,35.0,7,25.01,6,5,0.241,0.695,22.8,desktop,Silver,Seoul,electronics,push,Bargain
CUST-001963,2023-01-05,20.0,12,16.53,3,3,0.262,0.107,18.4,desktop,Silver,Gyeonggi,home,sms,Explorer
CUST-001964,2026-01-19,45.0,14,6.46,10,3,0.19,0.532,18.6,mobile,Silver,Daegu,home,email,Bargain
CUST-001965,2026-04-17,42.0,7,26.94,6,2,0.025,0.232,8.3,tablet,Basic,Daegu,fashion,push,Explorer
CUST-001966,2025-08-13,47.0,10,18.96,6,3,0.015,0.169,14.5,desktop,Basic,Gyeonggi,fashion,push,Bargain
CUST-001967,2023-10-24,36.0,8,4.19,11,4,0.093,0.063,15.7,mobile,Gold,Seoul,home,email,Bargain
CUST-001968,2025-06-18,46.0,12,52.6,2,5,0.178,0.322,4.0,mobile,Gold,Busan,beauty,push,Explorer
CUST-001969,2022-12-17,32.0,11,19.34,10,0,0.124,0.699,9.9,mobile,Silver,Daejeon,fashion,email|sms,Bargain
CUST-001970,2023-10-03,26.0,11,50.62,2,4,0.206,0.503,8.9,mobile,Silver,Daejeon,home,email|push|sms,Bargain
CUST-001971,2025-05-06,55.0,6,7.4,7,5,0.075,0.704,8.4,desktop,Basic,Busan,fashion,sms,Bargain
CUST-001972,2025-09-07,24.0,8,4.18,6,6,0.085,0.321,7.3,mobile,Basic,Seoul,sports,email|push,Bargain
CUST-001973,2026-01-05,48.0,11,32.89,9,6,0.292,0.296,18.0,desktop,Basic,Gyeonggi,fashion,email|push,Explorer
CUST-001974,2025-11-05,48.0,9,6.88,8,2,0.285,0.425,48.7,tablet,Basic,Busan,fashion,push,Bargain
CUST-001975,2022-07-29,54.0,14,14.45,13,5,0.248,0.243,13.3,tablet,Basic,Seoul,fashion,sms,Explorer
CUST-001976,2022-02-09,38.0,7,35.49,10,4,0.118,0.614,13.8,desktop,Basic,Daegu,home,sms,Bargain
CUST-001977,2024-10-18,38.0,11,16.81,6,3,0.015,0.893,23.9,mobile,Silver,Daegu,sports,email|push,Bargain
CUST-001978,2025-12-04,51.0,18,50.18,8,4,0.127,0.207,3.0,desktop,Silver,Daegu,beauty,email,Explorer
CUST-001979,2024-01-11,31.0,18,41.82,13,4,0.246,0.352,10.7,tablet,Silver,Seoul,home,email|push|sms,Explorer
CUST-001980,2025-02-20,46.0,8,6.72,12,4,0.091,0.112,10.9,mobile,Silver,Seoul,beauty,email|push,Loyal
CUST-001981,2023-11-12,42.0,7,10.53,8,3,0.215,0.66,14.2,mobile,Silver,Seoul,fashion,push,Bargain
CUST-001982,2024-03-22,44.0,11,24.02,7,5,0.306,0.471,7.2,mobile,Basic,Gyeonggi,beauty,email,Explorer
CUST-001983,2022-10-04,49.0,10,25.54,5,7,0.287,0.618,14.4,mobile,Silver,Daegu,home,push,Bargain
CUST-001984,2024-06-10,42.0,10,22.62,9,5,0.224,0.799,24.6,mobile,Silver,Gyeonggi,home,push,Bargain
CUST-001985,2024-09-12,42.0,10,32.48,4,5,0.121,0.785,24.3,mobile,Silver,Busan,electronics,email,Bargain
CUST-001986,2025-12-15,25.0,4,14.03,5,2,0.061,0.781,14.0,desktop,Gold,Busan,home,email,Bargain
CUST-001987,2022-01-31,38.0,7,16.45,5,0,0.185,0.558,31.6,desktop,Basic,Seoul,fashion,email|push,Bargain
CUST-001988,2023-07-25,48.0,11,5.72,6,3,0.063,0.501,11.8,desktop,Gold,Daegu,fashion,email,Bargain
CUST-001989,2023-02-20,51.0,14,13.2,6,7,0.116,0.329,6.5,mobile,Gold,Seoul,beauty,email|sms,Loyal
CUST-001990,2024-03-30,46.0,10,13.8,10,0,0.214,0.438,18.9,mobile,Silver,Busan,electronics,sms,Bargain
CUST-001991,2023-02-04,41.0,8,9.19,5,2,0.269,0.595,7.9,desktop,Basic,Gyeonggi,beauty,email,Bargain
CUST-001992,2026-03-27,19.0,10,32.17,5,3,0.048,0.656,29.1,desktop,Gold,Seoul,electronics,email,Explorer
CUST-001993,2022-04-05,18.0,10,26.59,7,3,0.42,0.551,14.8,desktop,Silver,Gyeonggi,fashion,push,Bargain
CUST-001994,2023-04-23,57.0,7,31.95,5,2,0.037,0.33,6.9,mobile,Basic,Busan,beauty,push,Explorer
CUST-001995,2025-11-25,43.0,15,9.76,9,2,0.125,0.539,27.1,desktop,Silver,Busan,sports,push,Bargain
CUST-001996,2024-05-21,31.0,12,22.92,4,4,0.128,0.588,16.1,desktop,Basic,Seoul,beauty,push|sms,Explorer
CUST-001997,2025-07-25,43.0,13,8.72,8,4,0.276,0.624,8.9,mobile,Basic,Busan,sports,sms,Bargain
CUST-001998,2025-07-24,35.0,5,45.28,8,0,0.064,0.224,17.9,mobile,Basic,Seoul,fashion,email|push|sms,Explorer
CUST-001999,2024-12-24,47.0,5,18.64,9,4,0.124,0.532,4.4,tablet,Basic,Busan,home,email|push,Bargain
CUST-002000,2025-11-01,26.0,12,23.54,9,3,0.12,0.589,1.0,desktop,Basic,Daegu,beauty,push,Bargain
CUST-002001,2022-06-01,49.0,8,20.24,7,4,0.018,0.523,25.6,desktop,Basic,Seoul,electronics,email|push|sms,Explorer
CUST-002002,2025-11-13,28.0,8,23.3,5,0,0.077,0.601,10.0,mobile,Basic,Seoul,electronics,email|push|sms,Bargain
CUST-002003,2023-12-05,48.0,12,51.92,4,5,0.117,0.21,2.7,desktop,Gold,Seoul,fashion,push,Explorer
CUST-002004,2023-04-14,45.0,9,5.62,6,7,0.102,0.265,11.0,mobile,Silver,Seoul,fashion,push,Loyal
CUST-002005,2022-01-12,49.0,8,13.14,5,0,0.329,0.567,12.1,desktop,Gold,Seoul,fashion,email,Explorer
CUST-002006,2024-12-27,33.0,10,3.29,7,4,0.145,0.756,14.1,mobile,Basic,Gyeonggi,electronics,email,Bargain
CUST-002007,2023-03-08,40.0,9,41.67,2,4,0.071,0.296,4.3,desktop,Silver,Gyeonggi,home,sms,Explorer
CUST-002008,2022-10-23,33.0,11,23.15,6,4,0.183,0.317,10.3,desktop,Silver,Busan,home,push,Bargain
CUST-002009,2022-06-14,43.0,5,38.24,4,5,0.301,0.399,21.4,mobile,Silver,Gyeonggi,sports,email|sms,Explorer
CUST-002010,2025-08-17,43.0,8,280.72,7,4,0.405,0.286,14.7,desktop,Gold,Daejeon,electronics,email|sms,Bargain
CUST-002011,2024-07-20,48.0,7,22.08,5,6,0.229,0.401,5.9,mobile,Silver,Daejeon,electronics,push|sms,Explorer
CUST-002012,2022-01-02,43.0,16,32.34,8,2,0.134,0.457,6.7,desktop,Basic,Busan,electronics,push,Explorer
CUST-002013,2024-04-04,18.0,7,11.19,6,7,0.229,0.446,8.5,mobile,Basic,Seoul,electronics,push,Loyal
CUST-002014,2023-11-11,41.0,11,24.61,5,5,0.159,0.369,7.5,mobile,Silver,Seoul,home,email|push|sms,Loyal
CUST-002015,2025-07-13,33.0,5,41.23,4,5,0.09,0.395,14.5,desktop,Basic,Gyeonggi,home,push,Explorer
CUST-002016,2023-01-30,26.0,6,13.76,0,2,0.487,0.326,4.1,mobile,Basic,Seoul,beauty,email|push,At_Risk
CUST-002017,2023-06-08,39.0,12,37.65,4,5,0.307,0.141,8.8,tablet,Silver,Gyeonggi,fashion,email,Explorer
CUST-002018,2026-06-11,39.0,7,5.35,13,1,0.098,0.66,12.7,mobile,Basic,Seoul,electronics,email|sms,Bargain
CUST-002019,2024-11-16,36.0,16,13.77,5,4,0.125,0.251,0.8,mobile,Gold,Seoul,home,email|push|sms,Loyal
CUST-002020,2024-05-20,47.0,5,30.63,4,6,0.184,0.61,17.7,mobile,Silver,Seoul,electronics,push|sms,Loyal
CUST-002021,2023-08-05,33.0,13,15.88,6,3,0.097,0.398,7.2,mobile,Silver,Seoul,sports,email|push,Bargain
CUST-002022,2022-04-10,55.0,7,19.08,7,3,0.104,0.45,22.6,mobile,Silver,Gyeonggi,home,email,Bargain
CUST-002023,2022-08-20,33.0,9,14.69,4,2,0.403,0.468,21.7,desktop,Silver,Gyeonggi,beauty,email,Explorer
CUST-002024,2023-11-24,18.0,8,35.36,5,4,0.367,0.709,9.1,mobile,Silver,Daejeon,electronics,email|push|sms,Explorer
CUST-002025,2024-07-27,25.0,5,15.49,7,2,0.187,0.32,6.5,mobile,Gold,Busan,fashion,email,Bargain
CUST-002026,2024-12-07,26.0,7,12.27,7,5,0.141,0.319,35.1,desktop,Silver,Seoul,electronics,push,Explorer
CUST-002027,2022-05-31,42.0,7,19.23,9,3,0.106,0.52,19.2,mobile,Basic,Busan,beauty,push|sms,Bargain
CUST-002028,2026-05-22,36.0,9,27.43,4,7,0.105,0.298,11.6,desktop,Basic,Busan,beauty,email|sms,Bargain
CUST-002029,2026-01-22,55.0,9,23.89,3,5,0.229,0.55,12.0,tablet,Silver,Seoul,electronics,email|push,Explorer
CUST-002030,2025-02-24,38.0,9,19.06,6,4,0.094,0.495,6.1,tablet,Basic,Daegu,fashion,email,Bargain
CUST-002031,2026-03-09,53.0,3,22.61,11,4,0.381,0.164,6.8,mobile,Silver,Seoul,electronics,email|push|sms,Bargain
CUST-002032,2022-12-03,53.0,9,10.15,6,4,0.06,0.444,11.1,desktop,Basic,Daegu,beauty,email|sms,Bargain
CUST-002033,2025-05-11,49.0,7,20.95,4,8,0.044,0.706,15.7,mobile,Silver,Seoul,sports,email|push,Bargain
CUST-002034,2025-05-20,40.0,9,14.15,10,3,0.04,0.246,21.1,mobile,Silver,Seoul,home,push|sms,Bargain
CUST-002035,2022-06-21,46.0,8,23.25,9,4,0.076,0.607,19.9,mobile,Basic,Seoul,fashion,push,Bargain
CUST-002036,2025-04-02,69.0,8,11.24,9,3,0.026,0.298,6.2,mobile,Basic,Daegu,fashion,sms,Bargain
CUST-002037,2025-08-30,54.0,9,20.38,3,1,0.163,0.684,8.9,mobile,Silver,Seoul,sports,sms,Bargain
CUST-002038,2024-05-10,37.0,11,8.93,7,3,0.217,0.444,34.9,mobile,Basic,Gyeonggi,beauty,email,Explorer
CUST-002039,2024-05-21,26.0,10,19.55,4,3,0.509,0.42,20.9,mobile,Silver,Seoul,electronics,email,Explorer
CUST-002040,2024-05-12,44.0,8,14.95,9,5,0.092,0.425,21.3,desktop,Basic,Seoul,sports,sms,Explorer
CUST-002041,2026-05-11,38.0,9,10.0,10,6,0.273,0.435,11.4,desktop,Silver,Gyeonggi,home,push,Loyal
CUST-002042,2023-01-26,29.0,5,2.26,7,4,0.031,0.29,2.5,mobile,Silver,Seoul,fashion,push|sms,Loyal
CUST-002043,2024-10-17,32.0,11,29.69,6,7,0.112,0.598,6.9,mobile,Basic,Daegu,home,push,Bargain
CUST-002044,2024-06-01,38.0,10,42.58,5,8,0.154,0.572,27.4,desktop,Basic,Seoul,fashion,email|sms,Bargain
CUST-002045,2022-03-21,33.0,7,12.36,7,3,0.021,0.496,8.4,mobile,Silver,Busan,fashion,email,Bargain
CUST-002046,2022-05-24,39.0,14,31.98,8,5,0.064,0.673,12.7,mobile,Silver,Busan,home,push,Explorer
CUST-002047,2022-05-16,34.0,8,24.06,4,5,0.122,0.261,27.5,mobile,Basic,Gyeonggi,fashion,email,Loyal
CUST-002048,2022-07-25,39.0,5,24.48,4,1,0.058,0.769,3.2,mobile,Gold,Daegu,fashion,push|sms,Bargain
CUST-002049,2026-04-10,44.0,9,20.45,5,3,0.064,0.646,1.9,desktop,Basic,Busan,sports,push,Loyal
CUST-002050,2024-04-19,63.0,10,36.55,8,4,0.154,0.685,15.9,mobile,Basic,Seoul,beauty,email|push,Bargain
CUST-002051,2023-05-22,54.0,7,4.61,5,6,0.155,0.394,5.6,mobile,Silver,Busan,fashion,push,Loyal
CUST-002052,2025-05-01,27.0,8,8.17,8,5,0.227,0.648,4.2,desktop,Gold,Busan,home,sms,Loyal
CUST-002053,2022-04-19,33.0,8,26.85,6,2,0.025,0.3,1.7,desktop,Silver,Gyeonggi,fashion,email,Explorer
CUST-002054,2022-08-24,30.0,10,20.37,2,5,0.039,0.757,12.1,desktop,Silver,Gyeonggi,electronics,email|push|sms,Explorer
CUST-002055,2023-09-14,41.0,10,6.93,5,5,0.086,0.411,13.6,mobile,Gold,Gyeonggi,beauty,push,Bargain
CUST-002056,2022-03-20,42.0,12,5.55,4,3,0.229,0.248,29.4,mobile,Basic,Busan,home,push|sms,Bargain
CUST-002057,2023-11-01,31.0,13,38.42,5,10,0.264,0.621,4.4,mobile,,Seoul,fashion,sms,Loyal
CUST-002058,2024-07-03,48.0,7,24.25,4,5,0.074,0.27,9.8,tablet,Basic,Seoul,fashion,email,Loyal
CUST-002059,2024-06-15,31.0,6,36.89,6,2,0.008,0.428,7.6,tablet,Gold,Seoul,home,email,Explorer
CUST-002060,2024-06-11,,6,13.47,7,8,0.267,0.397,8.3,mobile,Silver,Gyeonggi,fashion,sms,Loyal
CUST-002061,2024-08-28,47.0,5,14.41,10,7,0.143,0.41,8.1,tablet,Silver,Gyeonggi,fashion,push|sms,Loyal
CUST-002062,2024-05-23,41.0,5,11.03,6,2,0.242,0.83,5.3,mobile,Silver,Daegu,fashion,push,Bargain
CUST-002063,2025-08-08,23.0,14,23.19,7,3,0.099,0.704,8.4,mobile,Basic,Gyeonggi,fashion,email|push,Bargain
CUST-002064,2024-04-29,42.0,4,6.72,4,2,0.089,0.248,14.4,desktop,Basic,Seoul,sports,sms,Bargain
CUST-002065,2022-02-15,52.0,7,27.19,7,4,0.372,0.249,2.9,mobile,Gold,Daegu,home,sms,Explorer
CUST-002066,2025-02-02,30.0,6,17.04,9,3,0.154,0.399,29.5,desktop,Gold,Busan,sports,push,Bargain
CUST-002067,2024-02-26,45.0,12,19.52,7,3,0.143,0.259,17.2,desktop,Basic,Busan,fashion,push,Bargain
CUST-002068,2025-12-11,24.0,7,9.93,9,3,0.147,0.521,6.3,desktop,Basic,Seoul,fashion,email|push,Bargain
CUST-002069,2025-01-30,36.0,12,37.79,9,3,0.054,0.172,23.7,mobile,Basic,Gyeonggi,fashion,email,Explorer
CUST-002070,2024-05-13,59.0,10,15.15,6,6,0.191,0.405,10.6,desktop,Basic,Seoul,fashion,email|push,Bargain
CUST-002071,2025-11-09,51.0,11,7.93,6,3,0.236,0.355,7.7,mobile,Silver,Gyeonggi,electronics,email,Bargain
CUST-002072,2024-05-14,56.0,10,18.93,4,2,0.25,0.338,19.9,mobile,Silver,Daejeon,electronics,sms,Explorer
CUST-002073,2024-07-28,47.0,9,30.56,6,3,0.032,0.588,2.9,mobile,Silver,Daegu,sports,push,Bargain
CUST-002074,2023-02-07,23.0,13,15.77,7,8,0.207,0.329,17.5,mobile,Silver,Busan,beauty,push,Explorer
CUST-002075,2024-06-07,51.0,7,25.73,7,5,0.097,0.2,26.6,mobile,Basic,Seoul,sports,email,Explorer
CUST-002076,2022-12-24,40.0,12,12.5,6,3,0.094,0.243,14.3,mobile,Gold,Busan,beauty,email,Loyal
CUST-002077,2026-04-02,42.0,12,30.99,10,1,0.235,0.303,8.7,mobile,Gold,Seoul,home,push,Bargain
CUST-002078,2023-08-23,65.0,10,26.88,7,1,0.172,0.423,23.1,desktop,Basic,Daegu,electronics,push,Explorer
CUST-002079,2024-10-04,55.0,11,26.06,5,5,0.173,0.479,11.3,mobile,Basic,Daegu,fashion,push|sms,Explorer
CUST-002080,2022-03-02,45.0,12,7.21,9,5,0.075,0.556,5.7,mobile,Basic,Busan,fashion,email,Bargain
CUST-002081,2022-08-13,32.0,6,47.39,12,5,0.059,0.725,18.3,mobile,Basic,Gyeonggi,sports,push|sms,Explorer
CUST-002082,2022-04-27,42.0,16,62.48,8,5,0.203,0.356,3.9,mobile,Silver,Busan,home,email|push,Explorer
CUST-002083,2023-12-03,36.0,13,39.14,1,4,0.097,0.611,3.5,desktop,Basic,Seoul,electronics,push,Explorer
CUST-002084,2025-11-21,48.0,9,12.29,8,5,0.289,0.751,10.6,desktop,Basic,Gyeonggi,electronics,push,Bargain
CUST-002085,2022-05-24,59.0,8,9.67,7,5,0.051,0.34,4.6,mobile,Basic,Gyeonggi,beauty,email|push,Bargain
CUST-002086,2025-09-04,42.0,9,42.89,6,0,0.175,0.521,17.9,mobile,Basic,Gyeonggi,sports,email|push,Explorer
CUST-002087,2026-06-05,36.0,8,12.49,8,4,0.091,0.231,24.1,mobile,Gold,Seoul,home,sms,Explorer
CUST-002088,2022-08-20,27.0,7,22.14,5,3,0.184,0.266,16.4,mobile,Gold,Seoul,beauty,push,Loyal
CUST-002089,2025-07-21,45.0,7,12.63,6,2,0.117,0.279,7.2,mobile,Silver,Seoul,electronics,sms,Explorer
CUST-002090,2022-08-27,28.0,6,19.31,3,1,0.028,0.165,26.6,desktop,Basic,Gyeonggi,fashion,sms,Bargain
CUST-002091,2022-01-11,36.0,16,14.1,3,3,0.12,0.183,8.0,mobile,Silver,Seoul,electronics,email|push,Explorer
CUST-002092,2025-10-13,41.0,5,4.14,3,4,0.193,0.813,20.8,mobile,Gold,Gyeonggi,home,sms,Bargain
CUST-002093,2022-12-19,20.0,8,12.08,6,3,0.31,0.376,3.5,mobile,Basic,Seoul,home,sms,Bargain
CUST-002094,2023-02-12,37.0,7,51.74,9,6,0.194,0.274,0.6,desktop,Silver,Daegu,fashion,email|sms,Explorer
CUST-002095,2025-06-02,33.0,11,26.78,5,4,0.187,0.279,23.6,mobile,Basic,Seoul,fashion,push|sms,Loyal
CUST-002096,2024-06-16,46.0,6,10.41,8,4,0.225,0.471,23.6,mobile,Silver,Gyeonggi,beauty,push,Bargain
CUST-002097,2024-08-11,63.0,12,26.63,7,2,0.041,0.457,7.5,desktop,Silver,Gyeonggi,home,email|push|sms,Explorer
CUST-002098,2023-06-29,36.0,6,14.06,7,1,0.085,0.232,8.6,mobile,Silver,Seoul,sports,push,Explorer
CUST-002099,2025-11-06,46.0,12,28.27,7,2,0.217,0.156,5.3,mobile,Silver,Seoul,beauty,push|sms,Explorer
CUST-002100,2023-08-05,52.0,13,23.45,5,3,0.248,0.272,9.1,desktop,Basic,Gyeonggi,home,sms,Explorer
CUST-002101,2023-08-21,34.0,11,25.41,3,4,0.065,0.614,45.6,mobile,Basic,Gyeonggi,electronics,email,Bargain
CUST-002102,2022-05-03,42.0,11,24.27,5,1,0.289,0.616,16.6,tablet,Silver,Daegu,electronics,email,Explorer
CUST-002103,2025-09-17,70.0,6,3.85,4,5,0.183,0.341,7.5,mobile,Basic,Seoul,beauty,email,Bargain
CUST-002104,2026-03-27,22.0,6,9.81,6,6,0.158,0.481,5.8,desktop,Silver,Seoul,beauty,sms,Bargain
CUST-002105,2024-08-28,42.0,12,9.96,3,4,0.144,0.802,9.6,mobile,Gold,Busan,fashion,email,Loyal
CUST-002106,2024-04-27,33.0,13,8.51,10,5,0.164,0.154,11.7,mobile,Basic,Seoul,home,email,Bargain
CUST-002107,2025-10-08,19.0,14,24.59,6,1,0.108,0.691,1.5,mobile,Basic,Seoul,fashion,email|sms,Bargain
CUST-002108,2023-04-12,32.0,12,9.74,6,2,0.133,0.86,2.7,desktop,Basic,Gyeonggi,fashion,push|sms,Bargain
CUST-002109,2023-10-21,38.0,13,13.34,4,4,0.134,0.398,0.9,mobile,Silver,Seoul,fashion,sms,Explorer
CUST-002110,2025-07-02,33.0,13,5.4,1,4,0.017,0.829,27.2,desktop,Silver,Busan,beauty,email|sms,Bargain
CUST-002111,2026-02-17,36.0,9,15.12,5,5,0.243,0.696,19.1,desktop,Basic,Seoul,fashion,push,Bargain
CUST-002112,2024-03-26,50.0,10,35.7,3,5,0.112,0.351,12.5,desktop,Silver,Busan,home,email,Loyal
CUST-002113,2025-01-10,44.0,18,2.0,5,3,0.172,0.601,10.4,mobile,Basic,Gyeonggi,electronics,email,Bargain
CUST-002114,2024-03-03,52.0,11,20.56,5,7,0.479,0.232,2.4,desktop,Basic,Seoul,sports,email,Explorer
CUST-002115,2026-07-29,62.0,6,13.92,7,4,0.1,0.134,9.9,mobile,Gold,Daejeon,fashion,email|sms,Explorer
CUST-002116,2024-07-14,49.0,13,7.92,6,2,0.429,0.645,20.5,mobile,Silver,Gyeonggi,electronics,push,Explorer
CUST-002117,2022-05-24,51.0,11,6.29,5,4,0.259,0.102,4.7,mobile,Basic,Seoul,sports,push,Explorer
CUST-002118,2022-10-05,30.0,13,15.49,4,6,0.057,0.241,11.3,tablet,Gold,Seoul,electronics,sms,Loyal
CUST-002119,2023-04-21,36.0,14,13.69,3,3,0.067,0.15,4.3,desktop,Basic,Busan,home,email,Explorer
CUST-002120,2022-05-25,45.0,6,18.67,7,0,0.295,0.456,35.0,mobile,Silver,Daegu,beauty,push,Bargain
CUST-002121,2025-01-30,21.0,6,31.61,4,3,0.302,0.29,15.7,desktop,Silver,Daegu,fashion,email,Explorer
CUST-002122,2024-03-22,40.0,11,24.76,5,6,0.104,0.45,21.8,desktop,Basic,Seoul,electronics,email|push,Explorer
CUST-002123,2022-05-18,54.0,14,39.09,9,5,0.28,0.347,11.0,mobile,Basic,Daegu,home,email|push|sms,Bargain
CUST-002124,2023-12-22,38.0,9,16.18,9,3,0.104,0.05,8.6,mobile,Basic,Seoul,sports,sms,Explorer
CUST-002125,2024-04-11,62.0,11,10.08,9,7,0.311,0.122,10.7,mobile,Gold,Busan,beauty,email,Loyal
CUST-002126,2023-06-04,33.0,8,18.86,5,4,0.411,0.178,6.1,desktop,Gold,Daegu,sports,sms,Explorer
CUST-002127,2024-09-23,33.0,8,10.46,7,2,0.153,0.216,4.6,mobile,Basic,Gyeonggi,sports,email|push,Bargain
CUST-002128,2024-05-11,38.0,9,19.79,6,5,0.013,0.419,16.9,desktop,Silver,Busan,fashion,email,Loyal
CUST-002129,2025-10-07,57.0,7,19.02,4,5,0.073,0.573,30.1,mobile,Silver,Seoul,fashion,email,Explorer
CUST-002130,2023-05-06,39.0,7,9.21,1,7,0.362,0.263,11.8,mobile,Gold,Seoul,sports,push,Loyal
CUST-002131,2026-02-12,52.0,7,4.83,1,6,0.447,0.071,14.6,mobile,Basic,Gyeonggi,sports,push,Loyal
CUST-002132,2024-02-12,34.0,11,7.64,8,3,0.214,0.734,8.2,mobile,Silver,Busan,beauty,email,Bargain
CUST-002133,2024-07-28,45.0,8,12.07,7,6,0.265,0.078,16.6,mobile,Silver,Seoul,beauty,email|push,Bargain
CUST-002134,2026-07-10,18.0,13,31.28,7,5,0.314,0.588,20.6,mobile,Basic,Gyeonggi,home,push,Explorer
CUST-002135,2026-07-19,51.0,7,25.97,4,1,0.187,0.195,8.5,desktop,Silver,Busan,fashion,push,Explorer
CUST-002136,2024-11-30,33.0,8,11.44,4,0,0.069,0.608,9.4,mobile,Basic,Seoul,home,email,Explorer
CUST-002137,2026-04-02,56.0,7,8.97,4,2,0.026,0.624,9.1,desktop,Silver,Seoul,electronics,push,Bargain
CUST-002138,2024-07-21,39.0,11,29.78,4,2,0.382,0.272,6.8,desktop,Basic,Seoul,sports,push,Explorer
CUST-002139,2025-08-11,51.0,11,32.4,6,5,0.104,0.536,26.6,mobile,Basic,Daegu,electronics,email,Explorer
CUST-002140,2026-07-29,53.0,7,13.12,4,3,0.204,0.192,17.2,desktop,Silver,Busan,sports,push,Loyal
CUST-002141,2023-06-28,26.0,5,6.55,6,5,0.037,0.057,15.1,desktop,Basic,Busan,fashion,email|push,Explorer
CUST-002142,2023-11-03,56.0,6,25.05,4,1,0.096,0.288,11.2,mobile,Basic,Busan,sports,email,Bargain
CUST-002143,2023-04-20,27.0,11,22.76,7,4,0.061,0.518,16.2,mobile,Basic,Gyeonggi,fashion,sms,Explorer
CUST-002144,2026-04-24,44.0,12,23.43,5,2,0.131,0.166,10.6,desktop,Basic,Seoul,beauty,email|sms,Explorer
CUST-002145,2025-05-01,53.0,11,9.49,6,3,0.158,0.331,2.6,mobile,Gold,Gyeonggi,home,email|push,Bargain
CUST-002146,2024-02-22,58.0,8,14.76,8,7,0.077,0.596,18.0,mobile,Silver,Daejeon,fashion,sms,Bargain
CUST-002147,2023-12-12,27.0,13,16.44,7,7,0.261,0.736,19.0,mobile,Silver,Daejeon,beauty,email,Bargain
CUST-002148,2022-12-03,46.0,11,31.29,3,4,0.103,0.201,4.8,desktop,Silver,Seoul,sports,sms,Explorer
CUST-002149,2025-01-08,37.0,11,12.7,7,2,0.134,0.472,41.4,tablet,Basic,Seoul,electronics,push,Explorer
CUST-002150,2024-12-08,53.0,7,10.36,4,4,0.207,0.197,3.7,mobile,Silver,Seoul,fashion,email|sms,Bargain
CUST-002151,2026-03-16,39.0,6,24.95,8,2,0.079,0.499,10.6,mobile,Basic,Seoul,fashion,email|push,Explorer
CUST-002152,2026-04-15,48.0,6,23.84,5,2,0.153,0.414,4.7,mobile,Basic,Busan,home,email|sms,Bargain
CUST-002153,2023-08-04,40.0,12,13.5,10,1,0.171,0.498,18.0,mobile,Silver,Seoul,beauty,push|sms,Bargain
CUST-002154,2024-11-08,34.0,7,21.15,7,4,0.287,0.066,7.9,mobile,Basic,Busan,sports,sms,Bargain
CUST-002155,2023-05-10,38.0,9,15.31,4,8,0.249,0.349,0.7,desktop,Silver,Busan,home,sms,Loyal
CUST-002156,2022-06-29,31.0,9,12.85,5,4,0.151,0.683,11.8,mobile,Basic,Gyeonggi,fashion,push,Bargain
CUST-002157,2022-09-24,52.0,10,9.15,6,5,0.13,0.39,29.1,desktop,Basic,Busan,electronics,push,Explorer
CUST-002158,2025-04-13,32.0,7,29.87,8,4,0.075,0.135,20.6,desktop,Basic,Seoul,fashion,email|sms,Explorer
CUST-002159,2023-03-06,42.0,10,4.27,4,4,0.431,0.664,24.2,desktop,Basic,Busan,fashion,email|push,Bargain
CUST-002160,2022-03-25,37.0,4,8.02,13,4,0.056,0.877,15.1,desktop,Silver,Busan,fashion,push|sms,Bargain
CUST-002161,2026-03-14,56.0,4,47.17,6,2,0.219,0.337,7.1,mobile,Basic,Seoul,sports,push,Explorer
CUST-002162,2024-12-05,20.0,10,41.2,6,5,0.064,0.448,21.4,mobile,Basic,Seoul,fashion,email|push|sms,Bargain
CUST-002163,2025-05-17,23.0,13,32.25,3,7,0.408,0.304,17.5,desktop,Silver,Daejeon,sports,push|sms,Explorer
CUST-002164,2022-05-27,49.0,9,18.98,6,6,0.107,0.373,11.6,mobile,Basic,Gyeonggi,fashion,email|push,Bargain
CUST-002165,2023-05-11,57.0,7,16.08,3,2,0.093,0.233,6.5,desktop,Basic,Seoul,fashion,push,Bargain
CUST-002166,2023-05-16,41.0,5,22.43,6,4,0.321,0.442,7.7,desktop,Basic,Seoul,beauty,push,Explorer
CUST-002167,2023-08-27,44.0,7,18.68,7,4,0.275,0.291,22.6,desktop,Basic,Seoul,home,push,Explorer
CUST-002168,2022-01-30,36.0,9,25.65,9,6,0.017,0.497,4.2,tablet,Basic,Busan,fashion,sms,Bargain
CUST-002169,2025-03-28,33.0,8,11.92,8,4,0.136,0.548,8.7,mobile,Basic,Seoul,home,email,Bargain
CUST-002170,2025-12-13,29.0,11,12.61,12,3,0.197,0.682,28.5,tablet,Basic,Seoul,electronics,email,Bargain
CUST-002171,2025-01-16,46.0,11,4.88,4,4,0.339,0.191,42.9,mobile,Basic,Daegu,home,email,Bargain
CUST-002172,2022-07-13,43.0,7,28.95,4,5,0.206,0.391,4.8,desktop,Basic,Busan,fashion,email,Explorer
CUST-002173,2024-11-01,62.0,11,10.71,6,7,0.112,0.386,23.0,desktop,Silver,Seoul,sports,email,Bargain
CUST-002174,2022-08-22,29.0,8,7.88,2,2,0.473,0.132,12.9,desktop,Basic,Seoul,electronics,push,Explorer
CUST-002175,2025-09-01,41.0,5,6.65,10,3,0.131,0.633,36.5,mobile,Silver,Busan,sports,email|push,Bargain
CUST-002176,2022-06-15,38.0,8,16.77,7,4,0.226,0.541,3.7,mobile,Basic,Busan,sports,push,Bargain
CUST-002177,2025-10-14,29.0,11,13.41,7,8,0.375,0.197,5.2,mobile,Silver,Gyeonggi,electronics,email|push,Loyal
CUST-002178,2026-03-24,40.0,7,23.44,4,1,0.006,0.444,25.1,mobile,Silver,Gyeonggi,beauty,email,Bargain
CUST-002179,2025-01-14,27.0,5,9.67,6,2,0.226,0.695,6.7,mobile,Basic,Gyeonggi,sports,email,Bargain
CUST-002180,2025-02-18,44.0,7,21.96,7,5,0.153,0.296,12.4,mobile,Basic,Daegu,home,email|push|sms,Loyal
CUST-002181,2026-05-25,25.0,8,15.88,5,6,0.314,0.546,6.7,mobile,Basic,Gyeonggi,home,email,Explorer
CUST-002182,2023-05-19,38.0,5,24.47,11,5,0.15,0.689,18.5,desktop,Gold,Seoul,electronics,sms,Bargain
CUST-002183,2022-06-18,22.0,6,14.31,6,4,0.41,0.47,6.0,mobile,Gold,Daejeon,electronics,push|sms,Bargain
CUST-002184,2022-02-10,22.0,8,10.45,5,5,0.028,0.474,9.2,mobile,Silver,Busan,fashion,email,Loyal
CUST-002185,2025-01-05,34.0,9,19.2,7,3,0.28,0.222,21.0,mobile,Basic,Daegu,beauty,email|sms,Explorer
CUST-002186,2022-06-18,42.0,10,12.33,4,5,0.273,0.219,7.0,desktop,Silver,Seoul,home,push|sms,Loyal
CUST-002187,2023-11-21,56.0,7,42.63,3,6,0.18,0.642,11.4,desktop,Silver,Busan,electronics,email,Explorer
CUST-002188,2026-05-07,47.0,8,16.79,4,5,0.132,0.636,14.1,mobile,Basic,Gyeonggi,home,sms,Loyal
CUST-002189,2026-02-15,41.0,9,23.17,4,5,0.128,0.402,13.2,desktop,Basic,Seoul,beauty,sms,Explorer
CUST-002190,2023-11-23,34.0,7,14.95,6,6,0.093,0.509,14.8,mobile,Gold,Seoul,home,email,Loyal
CUST-002191,2024-05-20,54.0,10,19.15,7,4,0.311,0.462,13.8,mobile,Basic,Busan,fashion,push|sms,Bargain
CUST-002192,2022-03-12,42.0,10,22.18,5,6,0.047,0.36,7.1,mobile,Basic,Gyeonggi,beauty,push,Bargain
CUST-002193,2022-03-10,58.0,5,8.17,4,2,0.302,0.525,11.7,mobile,Basic,Seoul,beauty,sms,Bargain
CUST-002194,2023-03-01,32.0,9,17.8,10,2,0.18,0.674,13.4,mobile,Silver,Busan,sports,email|push,Bargain
CUST-002195,2023-08-27,22.0,7,18.27,10,3,0.259,0.461,11.8,mobile,Basic,Gyeonggi,fashion,email|push|sms,Explorer
CUST-002196,2024-01-30,20.0,9,31.86,4,4,0.062,0.665,18.7,tablet,Gold,Busan,fashion,email,Explorer
CUST-002197,2023-06-02,50.0,6,26.05,5,1,0.067,0.181,16.2,tablet,Basic,Seoul,electronics,email|push|sms,Explorer
CUST-002198,2026-01-13,37.0,7,16.44,4,6,0.164,0.198,34.3,tablet,Silver,Seoul,home,push,Explorer
CUST-002199,2023-03-12,35.0,6,17.89,7,3,0.305,0.425,18.9,desktop,Silver,Gyeonggi,beauty,email|sms,Explorer
CUST-002200,2026-03-28,64.0,10,25.67,6,5,0.258,0.333,24.5,desktop,Basic,Busan,sports,sms,Bargain
CUST-002201,2023-11-04,46.0,7,24.58,4,5,0.027,0.442,16.4,mobile,Basic,Seoul,home,push,Loyal
CUST-002202,2025-04-25,27.0,14,9.83,7,7,0.024,0.075,3.8,desktop,Basic,Gyeonggi,sports,email,Loyal
CUST-002203,2025-01-02,47.0,7,36.44,8,4,0.072,0.248,12.7,desktop,Basic,Seoul,fashion,email|sms,Explorer
CUST-002204,2025-11-01,28.0,2,33.89,5,4,0.07,0.43,5.7,mobile,Silver,Busan,electronics,sms,Explorer
CUST-002205,2023-01-05,34.0,10,19.3,12,6,0.183,0.53,18.9,tablet,Basic,Daejeon,fashion,email|sms,Explorer
CUST-002206,2023-03-11,42.0,8,33.95,3,5,0.105,0.742,14.2,mobile,Basic,Seoul,electronics,push,Explorer
CUST-002207,2024-05-13,52.0,8,8.56,14,2,0.176,0.507,11.8,mobile,Basic,Seoul,home,email|push,Bargain
CUST-002208,2025-10-21,23.0,7,18.14,4,3,0.009,0.61,11.0,mobile,Basic,Gyeonggi,home,push|sms,Loyal
CUST-002209,2023-03-01,43.0,13,19.22,2,5,0.022,0.269,19.0,desktop,Basic,Seoul,electronics,email|sms,Loyal
CUST-002210,2025-05-07,56.0,10,13.72,5,6,0.171,0.569,26.2,desktop,Silver,Busan,sports,email,Explorer
CUST-002211,2025-05-06,58.0,8,47.1,3,6,0.091,0.433,9.0,mobile,Basic,Busan,sports,email|push,Bargain
CUST-002212,2025-12-04,30.0,6,8.53,7,2,0.256,0.482,5.7,desktop,Basic,Busan,electronics,push|sms,Explorer
CUST-002213,2025-07-30,18.0,8,7.35,6,3,0.017,0.382,1.5,mobile,Basic,Busan,home,email,Bargain
CUST-002214,2026-02-08,26.0,5,14.43,11,5,0.153,0.116,10.2,mobile,Gold,Seoul,home,push,Loyal
CUST-002215,2024-04-12,36.0,6,15.53,8,2,0.326,0.543,3.6,desktop,Silver,Busan,electronics,push,Explorer
CUST-002216,2025-12-06,43.0,12,16.9,4,9,0.064,0.504,19.8,mobile,Silver,Daegu,sports,email,Loyal
CUST-002217,2024-07-20,42.0,4,11.59,9,6,0.314,0.429,4.2,mobile,Basic,Gyeonggi,beauty,push,Loyal
CUST-002218,2022-05-01,70.0,8,38.41,12,2,0.172,0.394,13.6,mobile,Basic,Daegu,sports,push,Explorer
CUST-002219,2024-04-08,44.0,4,38.18,5,9,0.368,0.422,2.5,mobile,Silver,Gyeonggi,fashion,push,Loyal
CUST-002220,2023-04-06,48.0,4,9.12,4,4,0.169,0.281,27.6,desktop,Gold,Gyeonggi,home,email|sms,Bargain
CUST-002221,2024-01-01,37.0,6,6.9,6,4,0.109,0.264,13.0,mobile,Silver,Seoul,beauty,email,Bargain
CUST-002222,2023-06-30,52.0,12,39.34,4,3,0.17,0.315,6.3,desktop,Basic,Gyeonggi,home,push,Explorer
CUST-002223,2022-03-24,59.0,10,9.09,3,6,0.122,0.845,16.8,mobile,Basic,Daejeon,home,push,Bargain
CUST-002224,2022-08-22,43.0,14,12.15,5,4,0.092,0.468,3.5,desktop,Basic,Daegu,electronics,email|sms,Loyal
CUST-002225,2023-05-24,41.0,13,20.12,6,2,0.19,0.591,33.1,desktop,Silver,Daejeon,fashion,email|push|sms,Bargain
CUST-002226,2023-09-09,51.0,9,20.7,6,2,0.023,0.482,8.0,mobile,Basic,Busan,beauty,push,Bargain
CUST-002227,2024-02-04,42.0,5,43.07,8,3,0.073,0.552,11.8,mobile,Gold,Seoul,electronics,sms,Explorer
CUST-002228,2023-01-03,43.0,8,20.56,7,8,0.009,0.204,12.8,desktop,Basic,Seoul,sports,sms,Loyal
CUST-002229,2022-04-24,18.0,7,14.66,8,3,0.247,0.568,24.7,mobile,Silver,Busan,beauty,email,Bargain
CUST-002230,2025-11-10,40.0,13,2.83,5,4,0.035,0.311,29.2,tablet,Basic,Seoul,home,sms,Loyal
CUST-002231,2025-01-21,34.0,8,37.64,6,2,0.136,0.271,14.6,desktop,Silver,Gyeonggi,beauty,push,Explorer
CUST-002232,2023-04-21,40.0,9,40.5,10,3,0.049,0.395,8.9,tablet,Silver,Seoul,electronics,email|push,Explorer
CUST-002233,2023-05-05,32.0,6,3.96,5,4,0.109,0.344,21.3,mobile,Basic,Daejeon,electronics,push,Bargain
CUST-002234,2023-09-01,59.0,7,7.14,4,5,0.167,0.472,7.5,mobile,Gold,Gyeonggi,fashion,email,Loyal
CUST-002235,2025-10-17,41.0,12,40.74,2,5,0.14,0.376,30.8,mobile,Silver,Gyeonggi,electronics,email|sms,Explorer
CUST-002236,2024-01-27,22.0,8,24.84,5,4,0.03,0.24,3.1,mobile,Basic,Busan,home,email|push,Loyal
CUST-002237,2026-01-10,49.0,8,6.04,9,4,0.208,0.351,23.5,mobile,Basic,Seoul,home,push,Bargain
CUST-002238,2024-04-06,30.0,8,7.69,4,3,0.04,0.071,17.4,mobile,Silver,Gyeonggi,electronics,email,Loyal
CUST-002239,2023-02-13,29.0,9,32.98,3,4,0.212,0.304,6.7,mobile,Gold,Busan,fashion,email|push,Explorer
CUST-002240,2022-03-01,47.0,11,18.69,6,6,0.116,0.418,20.6,mobile,Basic,Gyeonggi,electronics,email|push|sms,Bargain
CUST-002241,2025-09-06,36.0,4,22.26,5,5,0.202,0.281,2.1,mobile,Gold,Daegu,sports,email|push|sms,Loyal
CUST-002242,2025-09-20,63.0,12,55.17,6,6,0.047,0.595,12.7,mobile,Silver,Busan,electronics,email,Explorer
CUST-002243,2023-06-21,29.0,10,15.55,7,5,0.378,0.535,11.9,mobile,Silver,Seoul,beauty,email,Bargain
CUST-002244,2023-12-03,65.0,9,10.53,5,3,0.042,0.734,16.6,mobile,Gold,Gyeonggi,home,sms,Explorer
CUST-002245,2024-05-27,44.0,3,7.74,5,2,0.164,0.729,15.2,mobile,Silver,Gyeonggi,electronics,push,Bargain
CUST-002246,2022-12-23,40.0,10,25.4,6,2,0.231,0.212,20.7,desktop,Silver,Busan,electronics,email|sms,Explorer
CUST-002247,2023-05-29,35.0,7,24.71,6,5,0.128,0.167,13.4,mobile,Gold,Seoul,electronics,email,Loyal
CUST-002248,2022-02-02,48.0,14,11.0,11,2,0.043,0.17,1.7,tablet,Basic,Busan,electronics,push,Loyal
CUST-002249,2022-12-06,33.0,5,31.19,4,1,0.211,0.481,26.1,mobile,Basic,Seoul,beauty,email|sms,Explorer
CUST-002250,2025-08-16,48.0,8,8.79,4,5,0.051,0.502,11.5,mobile,Gold,Gyeonggi,sports,push|sms,Loyal
CUST-002251,2022-03-01,36.0,2,9.25,8,7,0.152,0.482,28.3,mobile,Basic,Busan,electronics,push,Bargain
CUST-002252,2026-03-03,31.0,8,27.3,7,2,0.223,0.798,9.2,mobile,Gold,Busan,sports,email|push,Bargain
CUST-002253,2022-06-06,32.0,10,8.52,9,3,0.083,0.457,3.5,tablet,Gold,Busan,beauty,push,Bargain
CUST-002254,2024-06-20,33.0,10,15.53,6,5,0.256,0.617,8.1,desktop,Basic,Busan,electronics,email,Explorer
CUST-002255,2026-01-27,58.0,8,35.98,14,5,0.133,0.758,23.8,mobile,Basic,Seoul,fashion,email,Bargain
CUST-002256,2024-07-15,65.0,10,22.02,6,1,0.213,0.561,6.6,mobile,Basic,Busan,electronics,push,Bargain
CUST-002257,2025-01-11,56.0,12,10.47,8,1,0.048,0.354,24.9,mobile,Basic,Busan,fashion,email|sms,Bargain
CUST-002258,2026-04-02,36.0,15,9.6,6,4,0.18,0.357,25.8,mobile,Basic,Seoul,beauty,email|push,Bargain
CUST-002259,2024-05-26,46.0,10,14.1,2,2,0.254,0.625,16.5,tablet,Basic,Seoul,home,push,Explorer
CUST-002260,2025-05-02,30.0,5,10.36,7,3,0.22,0.769,8.5,desktop,Basic,Seoul,beauty,email,Bargain
CUST-002261,2025-09-19,31.0,9,8.8,11,2,0.097,0.508,9.7,tablet,Basic,Seoul,beauty,push|sms,Bargain
CUST-002262,2023-08-20,50.0,8,30.13,7,3,0.311,0.412,6.6,mobile,Basic,Busan,beauty,email,Bargain
CUST-002263,2022-09-28,41.0,13,25.17,8,4,0.131,0.477,16.2,desktop,Silver,Busan,sports,email|push|sms,Explorer
CUST-002264,2025-07-17,49.0,8,4.13,2,3,0.444,0.331,5.3,tablet,Basic,Busan,electronics,push,Explorer
CUST-002265,2024-06-05,30.0,9,9.25,10,0,0.105,0.281,7.3,mobile,Basic,Busan,home,email|sms,Bargain
CUST-002266,2024-01-22,23.0,9,35.27,4,1,0.17,0.087,19.4,mobile,Basic,Seoul,beauty,email|sms,Explorer
CUST-002267,2025-11-11,27.0,10,24.26,3,2,0.25,0.33,7.1,mobile,Silver,Daejeon,home,email|sms,Loyal
CUST-002268,2022-05-21,36.0,6,24.6,9,6,0.143,0.531,18.9,mobile,Basic,Gyeonggi,fashion,sms,Bargain
CUST-002269,2025-10-16,22.0,2,19.16,4,1,0.08,0.785,9.0,mobile,Basic,Gyeonggi,fashion,email,Explorer
CUST-002270,2022-06-14,43.0,10,10.1,7,0,0.369,0.656,3.2,mobile,Basic,Busan,fashion,email,Bargain
CUST-002271,2024-05-10,40.0,13,15.09,6,6,0.107,0.517,36.1,desktop,Gold,Gyeonggi,fashion,email,Loyal
CUST-002272,2022-06-10,42.0,14,19.44,5,6,0.072,0.678,20.5,desktop,Silver,Busan,sports,email|push|sms,Loyal
CUST-002273,2023-06-18,42.0,10,12.12,5,7,0.01,0.22,19.4,desktop,Basic,Gyeonggi,fashion,email|push,Explorer
CUST-002274,2023-02-14,37.0,9,6.83,8,3,0.039,0.688,20.9,desktop,Basic,Daegu,home,email,Bargain
CUST-002275,2023-08-18,55.0,7,36.3,4,4,0.131,0.613,63.8,desktop,Gold,Gyeonggi,home,email,Explorer
CUST-002276,2025-08-06,42.0,9,9.36,8,6,0.102,0.378,2.2,mobile,Silver,Seoul,home,email,Loyal
CUST-002277,2023-01-11,29.0,12,8.68,6,2,0.057,0.337,4.1,mobile,Basic,Gyeonggi,home,email|push|sms,Bargain
CUST-002278,2022-10-24,35.0,11,9.73,3,5,0.094,0.341,12.7,mobile,Basic,Daejeon,home,sms,Explorer
CUST-002279,2025-05-19,48.0,11,28.39,6,4,0.114,0.159,19.2,mobile,Basic,Seoul,home,email,Explorer
CUST-002280,2023-11-22,29.0,6,14.89,11,2,0.048,0.175,28.3,mobile,Basic,Busan,fashion,push,Bargain
CUST-002281,2023-08-09,35.0,15,2.71,5,7,0.065,0.61,2.8,mobile,Basic,Gyeonggi,sports,email,Loyal
CUST-002282,2025-01-11,35.0,6,12.52,5,2,0.017,0.496,10.2,mobile,Gold,Daegu,electronics,email|push|sms,Explorer
CUST-002283,2024-07-11,41.0,9,29.43,5,2,0.079,0.526,11.9,mobile,Silver,Gyeonggi,home,sms,Bargain
CUST-002284,2022-11-18,46.0,7,9.4,4,2,0.249,0.052,28.9,desktop,Gold,Gyeonggi,electronics,push,Bargain
CUST-002285,2026-04-02,37.0,6,17.78,8,7,0.156,0.55,15.5,desktop,Basic,Daegu,fashion,push,Bargain
CUST-002286,2023-01-20,53.0,7,36.16,6,3,0.247,0.173,41.7,mobile,Basic,Seoul,fashion,email,Bargain
CUST-002287,2023-02-22,37.0,5,50.27,4,5,0.538,0.15,10.8,mobile,Basic,Seoul,fashion,email,Explorer
CUST-002288,2023-03-01,58.0,5,22.02,4,7,0.273,0.457,23.7,mobile,Basic,Gyeonggi,electronics,push,Bargain
CUST-002289,2024-08-11,33.0,10,15.76,8,2,0.109,0.759,14.4,mobile,Basic,Seoul,electronics,email|push,Bargain
CUST-002290,2026-07-28,34.0,13,24.96,12,0,0.051,0.633,6.1,mobile,Basic,Busan,fashion,push,Bargain
CUST-002291,2022-04-06,40.0,16,17.48,5,4,0.256,0.871,6.8,tablet,Basic,Busan,fashion,email|push,Bargain
CUST-002292,2022-07-26,48.0,9,2.57,6,4,0.023,0.39,5.6,mobile,Basic,Gyeonggi,electronics,sms,Explorer
CUST-002293,2022-04-28,32.0,15,30.59,8,1,0.288,0.256,22.9,desktop,Basic,Seoul,electronics,email|sms,Explorer
CUST-002294,2023-02-23,46.0,9,15.45,5,6,0.012,0.39,20.1,desktop,Basic,Daejeon,fashion,sms,Bargain
CUST-002295,2024-01-12,44.0,6,9.43,6,5,0.074,0.257,3.8,mobile,Basic,Daejeon,fashion,email|push|sms,Explorer
CUST-002296,2023-12-18,34.0,6,17.95,8,3,0.097,0.321,15.0,desktop,Basic,Seoul,home,email|push,Explorer
CUST-002297,2024-10-23,30.0,2,14.29,6,2,0.371,0.371,37.0,tablet,Basic,Seoul,home,email|sms,At_Risk
CUST-002298,2025-01-21,33.0,12,15.04,9,4,0.417,0.33,10.8,desktop,Gold,Seoul,fashion,email,Loyal
CUST-002299,2024-06-14,49.0,7,16.39,8,8,0.119,0.434,9.8,mobile,Basic,Seoul,fashion,push,Explorer
CUST-002300,2022-08-13,40.0,12,21.44,4,4,0.078,0.185,11.9,tablet,Basic,Gyeonggi,home,sms,Explorer
CUST-002301,2026-03-26,24.0,13,16.74,2,4,0.152,0.588,14.2,desktop,Basic,Gyeonggi,electronics,sms,Bargain
CUST-002302,2022-05-13,50.0,11,16.94,2,5,0.075,0.782,22.4,desktop,Gold,Seoul,fashion,sms,Bargain
CUST-002303,2026-01-31,34.0,14,9.59,3,5,0.183,0.513,7.7,desktop,Basic,Busan,electronics,sms,Loyal
CUST-002304,2022-01-11,41.0,8,17.6,4,5,0.251,0.686,8.2,mobile,Gold,Gyeonggi,electronics,push,Bargain
CUST-002305,2022-05-16,54.0,6,9.18,9,6,0.242,0.196,1.7,mobile,Basic,Gyeonggi,beauty,push,Loyal
CUST-002306,2026-05-07,39.0,12,13.91,6,4,0.173,0.44,16.7,desktop,Silver,Gyeonggi,sports,sms,Bargain
CUST-002307,2022-05-17,49.0,13,10.67,4,5,0.232,0.42,14.3,desktop,Basic,Seoul,beauty,email|push,Bargain
CUST-002308,2024-06-30,53.0,6,9.14,7,3,0.181,0.443,3.2,desktop,Basic,Seoul,fashion,email,Bargain
CUST-002309,2025-09-06,35.0,8,18.52,9,4,0.356,0.431,11.1,mobile,Basic,Gyeonggi,electronics,email,Bargain
CUST-002310,2022-11-07,18.0,7,3.91,14,6,0.394,0.35,10.1,mobile,Basic,Gyeonggi,electronics,email,Loyal
CUST-002311,2025-01-10,21.0,11,9.34,4,8,0.061,0.238,25.6,desktop,Basic,Gyeonggi,fashion,email,Explorer
CUST-002312,2024-11-05,53.0,6,7.73,8,2,0.194,0.435,8.1,mobile,Gold,Busan,beauty,push,Bargain
CUST-002313,2022-01-23,44.0,8,22.37,1,2,0.227,0.831,6.3,desktop,Silver,Busan,sports,sms,Bargain
CUST-002314,2023-02-10,39.0,8,2.0,8,4,0.147,0.704,18.6,tablet,Gold,Seoul,fashion,email|push,Loyal
CUST-002315,2022-09-06,38.0,11,21.07,6,5,0.229,0.463,32.4,desktop,Silver,Seoul,beauty,sms,Explorer
CUST-002316,2022-12-02,45.0,9,14.32,6,5,0.056,0.736,9.3,mobile,Silver,Daegu,fashion,push|sms,Bargain
CUST-002317,2023-04-24,52.0,11,18.57,1,4,0.12,0.684,16.4,desktop,Gold,Seoul,fashion,email|push|sms,Bargain
CUST-002318,2026-02-26,,8,18.33,8,2,0.059,0.68,2.3,desktop,Silver,Daejeon,home,email|push,Loyal
CUST-002319,2022-03-20,52.0,8,28.2,4,5,0.091,0.401,20.5,mobile,Basic,Daegu,electronics,email,Loyal
CUST-002320,2022-12-31,42.0,7,20.56,7,5,0.207,0.308,10.8,mobile,Silver,Seoul,beauty,push,Explorer
CUST-002321,2022-05-09,23.0,6,10.63,11,4,0.033,0.498,11.5,desktop,Silver,Daegu,fashion,email,Loyal
CUST-002322,2025-09-20,,9,45.89,6,5,0.086,0.775,46.2,mobile,Basic,Gyeonggi,fashion,email,Explorer
CUST-002323,2022-08-28,35.0,9,12.96,7,3,0.218,0.272,28.9,tablet,Silver,Gyeonggi,fashion,push,Bargain
CUST-002324,2023-04-12,26.0,11,27.34,9,5,0.049,0.314,10.3,desktop,Gold,Gyeonggi,electronics,email,Explorer
CUST-002325,2024-11-14,43.0,9,17.95,9,4,0.225,0.464,15.9,mobile,Basic,Daejeon,fashion,email|push|sms,Explorer
CUST-002326,2026-07-06,35.0,8,13.43,13,4,0.075,0.211,8.7,mobile,Basic,Gyeonggi,beauty,sms,Bargain
CUST-002327,2023-07-18,43.0,6,24.54,6,7,0.125,0.147,5.3,mobile,Basic,Daegu,home,email|push,Loyal
CUST-002328,2026-04-26,40.0,9,26.9,9,2,0.169,0.199,6.9,tablet,Basic,Daegu,fashion,push|sms,Explorer
CUST-002329,2022-09-26,34.0,5,34.46,5,2,0.117,0.764,9.7,mobile,Basic,Busan,sports,sms,Explorer
CUST-002330,2025-09-02,42.0,7,30.6,8,3,0.157,0.227,35.0,mobile,Basic,Daejeon,home,push,Bargain
CUST-002331,2025-04-02,40.0,7,53.84,10,5,0.152,0.334,14.3,desktop,Basic,Gyeonggi,electronics,push,Explorer
CUST-002332,2023-08-13,40.0,9,10.64,5,5,0.135,0.63,7.7,mobile,Silver,Seoul,electronics,email,Loyal
CUST-002333,2025-08-24,32.0,12,17.91,8,5,0.146,0.177,8.5,mobile,Basic,Busan,sports,sms,Bargain
CUST-002334,2024-04-17,55.0,14,11.86,7,2,0.225,0.264,3.6,desktop,Silver,Gyeonggi,home,email|sms,Explorer
CUST-002335,2024-07-20,54.0,7,21.88,7,4,0.156,0.236,5.1,mobile,Basic,Daegu,beauty,email,Explorer
CUST-002336,2023-08-22,48.0,9,12.04,5,6,0.126,0.235,24.1,desktop,Basic,Daejeon,fashion,sms,Explorer
CUST-002337,2024-04-13,43.0,10,16.96,8,0,0.105,0.169,1.9,desktop,Silver,Seoul,beauty,email,Explorer
CUST-002338,2025-12-07,50.0,5,19.09,11,5,0.439,0.422,7.6,mobile,Gold,Gyeonggi,fashion,email|sms,Bargain
CUST-002339,2025-05-02,50.0,5,8.14,8,2,0.185,0.738,12.8,mobile,Basic,Busan,beauty,email|sms,Bargain
CUST-002340,2024-05-31,18.0,7,51.87,5,3,0.062,0.386,14.3,mobile,Basic,Busan,beauty,email,Explorer
CUST-002341,2025-09-09,34.0,6,47.75,10,5,0.037,0.729,3.5,desktop,Silver,Busan,beauty,email|push|sms,Bargain
CUST-002342,2026-03-06,42.0,12,11.61,3,7,0.23,0.241,23.9,mobile,Gold,Busan,fashion,push|sms,Loyal
CUST-002343,2026-05-16,34.0,12,10.77,2,5,0.313,0.399,1.8,mobile,Silver,Seoul,fashion,push,Loyal
CUST-002344,2024-05-04,21.0,9,14.14,13,2,0.069,0.857,3.8,mobile,Silver,Gyeonggi,electronics,push,Bargain
CUST-002345,2025-12-04,47.0,7,19.48,8,5,0.228,0.345,16.4,mobile,Basic,Daejeon,sports,email,Explorer
CUST-002346,2024-04-02,41.0,10,5.71,8,6,0.044,0.688,8.2,mobile,Silver,Busan,fashion,email,Loyal
CUST-002347,2023-11-10,70.0,14,7.97,5,0,0.039,0.528,12.7,mobile,Basic,Seoul,fashion,email|sms,Bargain
CUST-002348,2022-03-31,51.0,9,10.9,14,7,0.082,0.43,9.5,mobile,Basic,Gyeonggi,beauty,email,Bargain
CUST-002349,2022-01-30,51.0,10,7.48,3,5,0.093,0.474,22.1,desktop,Basic,Gyeonggi,electronics,email|sms,Explorer
CUST-002350,2024-01-12,26.0,6,12.33,3,4,0.154,0.551,10.4,mobile,Basic,Seoul,beauty,push,Loyal
CUST-002351,2022-02-04,48.0,9,18.69,9,3,0.192,0.646,10.3,mobile,Basic,Seoul,fashion,sms,Bargain
CUST-002352,2024-01-31,39.0,11,54.33,2,3,0.048,0.367,5.0,tablet,Silver,Daegu,fashion,email,Explorer
CUST-002353,2024-09-16,27.0,15,32.27,4,3,0.047,0.769,18.2,mobile,Basic,Seoul,sports,email,Explorer
CUST-002354,2023-10-20,51.0,6,14.45,6,4,0.2,0.671,5.5,desktop,Basic,Gyeonggi,electronics,push|sms,Bargain
CUST-002355,2023-12-19,38.0,10,9.82,3,6,0.182,0.026,18.2,desktop,Basic,Busan,home,sms,Bargain
CUST-002356,2022-02-04,18.0,9,23.4,1,5,0.057,0.2,13.8,tablet,Silver,Busan,home,push|sms,Explorer
CUST-002357,2024-02-27,49.0,11,26.23,7,7,0.081,0.283,8.0,mobile,Basic,Gyeonggi,sports,email|push,Explorer
CUST-002358,2025-04-30,33.0,11,40.37,6,4,0.259,0.301,23.4,mobile,Basic,Daegu,fashion,push,Explorer
CUST-002359,2024-08-29,48.0,12,11.6,5,5,0.055,0.695,12.7,mobile,Basic,Daejeon,electronics,push,Explorer
CUST-002360,2022-09-29,51.0,11,9.31,9,5,0.111,0.137,8.7,desktop,Basic,Seoul,electronics,email,Explorer
CUST-002361,2026-01-21,53.0,15,17.15,5,4,0.171,0.511,16.2,mobile,Basic,Daegu,beauty,push,Bargain
CUST-002362,2023-04-09,28.0,10,18.87,1,5,0.079,0.4,3.4,mobile,Basic,Gyeonggi,fashion,email|push|sms,Explorer
CUST-002363,2025-05-22,55.0,9,18.29,6,5,0.163,0.648,26.0,tablet,Silver,Daegu,electronics,email|sms,Explorer
CUST-002364,2022-01-25,28.0,4,21.08,6,2,0.358,0.622,4.5,mobile,Basic,Gyeonggi,home,email|push|sms,Bargain
CUST-002365,2022-06-14,37.0,12,13.94,5,4,0.451,0.766,6.5,mobile,Basic,Seoul,sports,email,Bargain
CUST-002366,2023-12-10,48.0,11,5.22,12,4,0.1,0.299,13.0,mobile,Basic,Daegu,home,push|sms,Loyal
CUST-002367,2025-12-14,40.0,12,18.83,6,4,0.248,0.875,9.0,mobile,Silver,Seoul,beauty,email|sms,Bargain
CUST-002368,2022-05-16,56.0,16,49.26,5,6,0.028,0.452,8.7,mobile,Gold,Busan,home,sms,Explorer
CUST-002369,2022-01-26,52.0,5,21.84,8,6,0.065,0.565,6.5,desktop,Silver,Seoul,sports,email|sms,Bargain
CUST-002370,2025-01-25,36.0,6,11.74,6,3,0.236,0.735,10.7,desktop,Basic,Gyeonggi,home,email,Bargain
CUST-002371,2024-08-18,42.0,7,16.35,6,3,0.001,0.228,47.6,desktop,Basic,Seoul,beauty,push,At_Risk
CUST-002372,2025-04-12,28.0,10,19.47,6,1,0.324,0.617,21.1,tablet,Silver,Busan,home,sms,Bargain
CUST-002373,2022-02-02,22.0,8,27.01,8,6,0.448,0.21,4.8,mobile,Silver,Seoul,sports,email|push|sms,Explorer
CUST-002374,2024-02-12,42.0,8,20.36,7,0,0.075,0.252,8.1,desktop,Gold,Seoul,fashion,sms,Explorer
CUST-002375,2023-07-30,45.0,9,11.06,3,5,0.141,0.402,8.3,desktop,Silver,Seoul,fashion,push,Loyal
CUST-002376,2025-10-06,18.0,10,51.27,8,5,0.043,0.168,8.7,desktop,Basic,Busan,fashion,push,Explorer
CUST-002377,2025-01-04,28.0,11,7.42,4,7,0.25,0.076,19.0,mobile,Basic,Seoul,sports,sms,Loyal
CUST-002378,2022-10-08,32.0,7,19.04,4,4,0.106,0.085,24.3,mobile,Gold,Busan,sports,push,Loyal
CUST-002379,2025-01-04,40.0,10,39.43,7,6,0.076,0.555,2.2,desktop,Basic,Daejeon,beauty,email,Explorer
CUST-002380,2026-02-25,35.0,3,12.17,4,6,0.247,0.66,33.7,mobile,Basic,Seoul,electronics,sms,Bargain
CUST-002381,2023-08-21,34.0,12,15.07,5,4,0.123,0.318,2.0,desktop,Basic,Daejeon,fashion,email,Explorer
CUST-002382,2022-02-21,55.0,6,18.03,6,2,0.084,0.436,20.7,mobile,Gold,Gyeonggi,beauty,email|push|sms,Explorer
CUST-002383,2024-09-30,44.0,8,13.35,4,1,0.22,0.665,11.4,mobile,Silver,Daegu,electronics,email,Bargain
CUST-002384,2024-04-08,40.0,8,29.41,4,2,0.117,0.38,23.9,mobile,Basic,Busan,home,email,Explorer
CUST-002385,2026-04-05,38.0,12,15.64,6,4,0.28,0.23,11.8,mobile,Silver,Daejeon,electronics,email|push|sms,Explorer
CUST-002386,2025-12-03,37.0,3,30.74,10,4,0.198,0.266,12.9,desktop,Basic,Seoul,fashion,push,Explorer
CUST-002387,2022-03-14,52.0,9,20.48,3,2,0.149,0.774,14.9,mobile,Basic,Seoul,fashion,push,Bargain
CUST-002388,2023-02-10,40.0,10,12.73,6,5,0.128,0.309,12.5,desktop,Gold,Seoul,sports,push,Loyal
CUST-002389,2025-12-09,18.0,6,29.01,7,4,0.148,0.048,23.9,mobile,Silver,Busan,home,email,Explorer
CUST-002390,2025-12-15,47.0,9,6.56,6,4,0.278,0.654,3.6,mobile,Silver,Gyeonggi,fashion,push,Bargain
CUST-002391,2022-12-22,52.0,6,22.68,4,7,0.025,0.909,23.7,mobile,Silver,Gyeonggi,fashion,email|push,Bargain
CUST-002392,2023-01-05,32.0,8,13.73,2,1,0.425,0.4,11.8,mobile,Silver,Gyeonggi,electronics,sms,Explorer
CUST-002393,2023-07-15,38.0,11,19.8,6,6,0.164,0.602,16.3,desktop,Silver,Gyeonggi,fashion,sms,Bargain
CUST-002394,2025-09-19,22.0,9,25.84,8,2,0.113,0.434,8.2,mobile,Silver,Gyeonggi,fashion,sms,Bargain
CUST-002395,2025-11-27,46.0,10,20.91,4,3,0.195,0.349,20.0,mobile,Basic,Daejeon,home,push,Bargain
CUST-002396,2023-08-17,39.0,3,21.41,6,5,0.345,0.808,12.7,desktop,Basic,Daejeon,beauty,push,Bargain
CUST-002397,2022-02-24,56.0,8,51.94,5,5,0.468,0.071,4.1,mobile,Basic,Busan,electronics,email,Explorer
CUST-002398,2024-01-31,62.0,10,21.29,3,9,0.057,0.362,4.2,desktop,Basic,Daegu,home,email|push,Loyal
CUST-002399,2023-07-24,29.0,3,29.54,1,1,0.27,0.502,24.6,mobile,Gold,Busan,beauty,email|push,Bargain
CUST-002400,2026-01-20,45.0,9,39.27,3,3,0.354,0.675,13.7,desktop,Basic,Daegu,fashion,push|sms,Explorer
CUST-002401,2025-08-31,48.0,11,25.08,9,1,0.486,0.419,16.7,desktop,Basic,Gyeonggi,sports,sms,Bargain
CUST-002402,2026-03-22,40.0,7,14.04,7,4,0.062,0.226,1.5,mobile,Basic,Gyeonggi,beauty,push,Explorer
CUST-002403,2023-04-27,44.0,7,15.58,5,3,0.11,0.278,10.5,desktop,Silver,Seoul,electronics,sms,Loyal
CUST-002404,2022-07-07,31.0,10,17.81,9,3,0.127,0.819,10.1,desktop,Basic,Gyeonggi,electronics,email|push,Bargain
CUST-002405,2025-04-08,30.0,9,56.33,1,3,0.059,0.085,7.8,desktop,Silver,Daegu,home,email,Explorer
CUST-002406,2025-07-21,47.0,8,14.53,2,5,0.103,0.488,7.2,mobile,Basic,Busan,fashion,sms,Explorer
CUST-002407,2024-06-21,36.0,9,16.01,6,5,0.198,0.263,11.7,desktop,Silver,Busan,fashion,email,Loyal
CUST-002408,2022-06-24,45.0,11,11.2,10,3,0.236,0.382,4.7,mobile,Basic,Seoul,home,email,Bargain
CUST-002409,2023-02-19,31.0,7,5.59,6,7,0.071,0.243,47.0,mobile,Basic,Seoul,sports,push,Loyal
CUST-002410,2025-06-01,43.0,4,42.66,8,4,0.189,0.692,11.6,desktop,Basic,Daejeon,fashion,push,Bargain
CUST-002411,2026-03-18,62.0,13,26.76,8,1,0.369,0.602,17.9,mobile,Basic,Gyeonggi,fashion,email|sms,Explorer
CUST-002412,2025-01-26,35.0,7,23.98,7,6,0.181,0.382,3.5,mobile,Basic,Gyeonggi,fashion,email,Loyal
CUST-002413,2026-01-24,19.0,11,36.69,6,4,0.192,0.367,12.8,mobile,Basic,Seoul,home,email|push,Explorer
CUST-002414,2022-02-27,30.0,7,31.72,5,4,0.116,0.108,3.0,desktop,Basic,Gyeonggi,fashion,push,Explorer
CUST-002415,2024-11-10,39.0,9,43.75,4,4,0.21,0.615,17.0,mobile,Basic,Seoul,fashion,sms,Explorer
CUST-002416,2023-01-12,38.0,9,3.34,10,4,0.054,0.44,16.4,mobile,Basic,Seoul,beauty,push,Bargain
CUST-002417,2025-01-24,30.0,11,9.57,10,2,0.171,0.519,18.3,desktop,Basic,Seoul,home,push,Bargain
CUST-002418,2023-11-05,18.0,7,37.21,4,5,0.314,0.567,5.3,mobile,Basic,Gyeonggi,beauty,email,Bargain
CUST-002419,2022-10-29,42.0,12,11.68,6,3,0.053,0.057,9.2,desktop,Gold,Gyeonggi,fashion,push,Loyal
CUST-002420,2024-12-11,26.0,10,41.39,10,4,0.098,0.262,27.3,desktop,Basic,Gyeonggi,home,email|push,Explorer
CUST-002421,2022-08-25,21.0,6,19.82,4,3,0.304,0.931,11.3,mobile,Basic,Seoul,home,email|push,Explorer
CUST-002422,2025-03-11,41.0,11,36.14,4,4,0.165,0.725,2.3,desktop,Silver,Gyeonggi,beauty,email,Explorer
CUST-002423,2022-11-14,48.0,7,20.96,5,3,0.45,0.086,8.0,mobile,Basic,Seoul,sports,email,Explorer
CUST-002424,2025-09-25,46.0,15,24.34,2,8,0.077,0.668,6.3,mobile,Gold,Busan,sports,push,Loyal
CUST-002425,2023-08-16,27.0,12,29.45,11,3,0.294,0.433,7.0,mobile,Basic,Daegu,electronics,sms,Bargain
CUST-002426,2023-07-04,44.0,9,14.75,9,1,0.283,0.206,10.4,mobile,Basic,Daegu,beauty,email,Bargain
CUST-002427,2022-01-25,43.0,11,8.4,5,1,0.343,0.241,4.2,desktop,Silver,Gyeonggi,electronics,email,Explorer
CUST-002428,2026-05-26,47.0,8,19.05,2,2,0.003,0.812,11.1,mobile,Silver,Busan,beauty,push,Bargain
CUST-002429,2026-01-16,46.0,15,20.4,6,2,0.067,0.472,13.3,mobile,Silver,Seoul,fashion,sms,Bargain
CUST-002430,2025-12-19,37.0,9,14.59,9,2,0.054,0.704,8.2,tablet,Basic,Busan,sports,email,Bargain
CUST-002431,2024-10-21,,7,10.29,4,3,0.133,0.211,2.1,mobile,Gold,Seoul,fashion,email|push,Bargain
CUST-002432,2025-12-31,24.0,10,11.49,4,3,0.192,0.403,2.2,mobile,Basic,Busan,fashion,email|sms,Bargain
CUST-002433,2026-01-17,26.0,10,27.81,8,3,0.329,0.376,13.5,desktop,Silver,Gyeonggi,electronics,email,Explorer
CUST-002434,2024-11-12,53.0,7,33.29,6,5,0.167,0.623,6.6,mobile,Basic,Seoul,home,sms,Bargain
CUST-002435,2023-01-17,35.0,11,12.84,8,6,0.015,0.193,5.3,mobile,Silver,Daejeon,sports,push,Bargain
CUST-002436,2025-06-28,36.0,10,16.82,1,3,0.1,0.375,48.1,mobile,Silver,Seoul,home,sms,Explorer
CUST-002437,2022-05-06,61.0,7,19.26,10,4,0.181,0.067,55.3,desktop,Basic,Seoul,sports,push,Explorer
CUST-002438,2024-08-27,34.0,7,33.48,2,3,0.198,0.416,3.4,mobile,Gold,Seoul,electronics,email,Loyal
CUST-002439,2025-02-20,36.0,11,13.89,3,3,0.128,0.156,24.8,desktop,Basic,Daejeon,fashion,email|push|sms,Loyal
CUST-002440,2022-12-07,48.0,8,10.29,3,4,0.106,0.174,20.8,tablet,Basic,Daejeon,beauty,push,Bargain
CUST-002441,2023-12-15,34.0,2,10.23,5,4,0.264,0.217,4.6,mobile,Basic,Seoul,electronics,push|sms,Bargain
CUST-002442,2022-03-16,47.0,5,18.99,3,6,0.03,0.324,15.3,mobile,Gold,Daegu,fashion,email|sms,Loyal
CUST-002443,2023-08-09,29.0,9,14.23,6,4,0.065,0.248,6.7,mobile,Gold,Seoul,beauty,email|push,Loyal
CUST-002444,2022-02-21,57.0,6,9.34,10,6,0.063,0.125,39.9,mobile,Basic,Daegu,sports,sms,Loyal
CUST-002445,2025-11-08,20.0,6,12.34,3,4,0.137,0.384,2.2,desktop,Basic,Daegu,electronics,push|sms,Explorer
CUST-002446,2024-11-23,50.0,10,28.1,5,6,0.13,0.496,28.4,mobile,Silver,Seoul,home,email,Explorer
CUST-002447,2022-08-04,49.0,13,6.9,8,4,0.373,0.246,16.1,mobile,Silver,Seoul,electronics,sms,Explorer
CUST-002448,2022-06-22,38.0,6,49.9,6,4,0.035,0.611,3.2,mobile,Silver,Seoul,electronics,email,Explorer
CUST-002449,2023-09-19,27.0,6,32.62,7,4,0.173,0.472,33.3,mobile,Basic,Gyeonggi,home,email|sms,Explorer
CUST-002450,2022-10-22,43.0,10,41.61,6,4,0.24,0.577,10.4,desktop,Gold,Daegu,fashion,sms,Explorer
CUST-002451,2026-07-14,18.0,2,17.6,5,3,0.451,0.436,6.6,mobile,Silver,Daegu,sports,sms,Bargain
CUST-002452,2022-11-10,59.0,6,36.08,7,5,0.299,0.386,20.8,mobile,Basic,Busan,electronics,email|push,Explorer
CUST-002453,2022-09-24,43.0,13,14.76,5,8,0.133,0.285,5.5,desktop,Basic,Seoul,electronics,email,Loyal
CUST-002454,2023-10-12,46.0,13,9.1,3,4,0.133,0.641,14.1,desktop,Basic,Seoul,fashion,push,Explorer
CUST-002455,2025-12-22,36.0,13,19.55,4,4,0.352,0.425,39.3,mobile,Basic,Gyeonggi,home,push,Bargain
CUST-002456,2024-06-06,41.0,12,52.46,5,2,0.091,0.773,4.0,desktop,Basic,Gyeonggi,home,email|push|sms,Explorer
CUST-002457,2025-07-29,41.0,15,16.18,2,3,0.014,0.678,11.9,tablet,Gold,Seoul,fashion,push,Loyal
CUST-002458,2026-05-25,24.0,7,17.01,9,3,0.228,0.702,12.6,mobile,Gold,Seoul,sports,email|push,Bargain
CUST-002459,2025-03-14,38.0,8,29.47,5,2,0.154,0.597,5.6,mobile,Basic,Daegu,home,email|push|sms,Bargain
CUST-002460,2024-05-26,50.0,9,11.54,6,1,0.296,0.257,12.5,mobile,Basic,Daegu,fashion,email|push,Bargain
CUST-002461,2024-04-05,40.0,14,39.19,4,3,0.164,0.526,6.4,mobile,Basic,Gyeonggi,beauty,email|push,Explorer
CUST-002462,2025-10-08,,14,5.92,2,5,0.343,0.484,10.8,mobile,Basic,Seoul,home,email,Loyal
CUST-002463,2022-11-21,31.0,7,16.78,5,3,0.101,0.252,17.2,mobile,Basic,Seoul,fashion,push,Explorer
CUST-002464,2022-07-21,40.0,11,11.79,5,3,0.124,0.234,24.6,desktop,Basic,Seoul,home,email|sms,Explorer
CUST-002465,2026-04-12,45.0,8,10.7,2,2,0.067,0.658,9.0,desktop,Basic,Gyeonggi,home,sms,Bargain
CUST-002466,2022-08-12,18.0,15,12.49,8,5,0.043,0.621,5.5,mobile,Gold,Seoul,beauty,email,Bargain
CUST-002467,2024-02-23,44.0,9,46.3,11,7,0.229,0.258,10.9,mobile,Basic,Daegu,fashion,push,Explorer
CUST-002468,2025-03-03,63.0,11,19.9,8,4,0.389,0.45,35.9,mobile,Silver,Daejeon,fashion,push,Bargain
CUST-002469,2022-07-15,34.0,11,11.71,6,7,0.083,0.475,5.9,mobile,Silver,Gyeonggi,beauty,push,Loyal
CUST-002470,2025-12-01,33.0,10,13.11,6,5,0.083,0.015,25.3,mobile,Silver,Daejeon,home,sms,Loyal
CUST-002471,2023-01-19,35.0,9,35.41,3,5,0.286,0.392,7.7,mobile,,Seoul,home,push|sms,Loyal
CUST-002472,2022-02-24,46.0,10,24.22,5,2,0.059,0.605,7.6,mobile,Basic,Daejeon,fashion,push,Bargain
CUST-002473,2026-06-22,18.0,8,8.11,2,3,0.075,0.691,11.6,desktop,Basic,Seoul,fashion,email,Bargain
CUST-002474,2025-09-18,22.0,9,12.49,8,6,0.077,0.769,17.1,mobile,Basic,Daejeon,beauty,email|push,Bargain
CUST-002475,2022-04-05,40.0,11,10.6,4,2,0.365,0.533,5.3,desktop,Basic,Daejeon,fashion,push,Bargain
CUST-002476,2024-05-17,36.0,6,16.46,3,5,0.053,0.291,11.8,mobile,Silver,Busan,beauty,push,Bargain
CUST-002477,2023-12-19,42.0,10,10.07,2,2,0.565,0.648,14.6,desktop,Silver,Seoul,sports,push,Bargain
CUST-002478,2023-02-04,39.0,6,35.46,7,5,0.243,0.582,6.9,mobile,Silver,Seoul,fashion,email|push|sms,Explorer
CUST-002479,2025-02-11,29.0,9,30.88,6,1,0.113,0.294,6.6,mobile,Basic,Gyeonggi,fashion,email|push,Explorer
CUST-002480,2026-04-13,34.0,7,29.86,7,5,0.092,0.699,17.0,mobile,Silver,Seoul,sports,sms,Explorer
CUST-002481,2026-01-17,31.0,7,3.08,8,8,0.09,0.15,11.2,desktop,Gold,Seoul,beauty,email|sms,Bargain
CUST-002482,2022-06-25,30.0,13,13.05,7,3,0.14,0.521,14.9,desktop,Basic,Seoul,fashion,sms,Bargain
CUST-002483,2023-12-09,36.0,10,7.27,5,4,0.091,0.253,2.3,desktop,Basic,Seoul,electronics,email|push|sms,Explorer
CUST-002484,2026-02-16,26.0,9,7.82,4,7,0.033,0.89,1.0,mobile,Silver,Seoul,fashion,push|sms,Loyal
CUST-002485,2024-12-11,25.0,7,14.35,4,3,0.322,0.434,10.9,mobile,Gold,Seoul,home,push,Loyal
CUST-002486,2023-01-11,31.0,9,15.27,5,7,0.241,0.41,16.4,mobile,Basic,Seoul,beauty,email|push|sms,Bargain
CUST-002487,2023-10-18,70.0,5,22.56,4,3,0.055,0.152,12.3,desktop,Silver,Seoul,fashion,email,Explorer
CUST-002488,2022-04-02,18.0,11,42.97,10,2,0.177,0.329,5.6,desktop,Gold,Daegu,sports,sms,Explorer
CUST-002489,2024-02-22,24.0,4,16.95,5,8,0.192,0.266,17.8,desktop,Silver,Gyeonggi,beauty,email|push,Loyal
CUST-002490,2023-07-09,54.0,3,21.72,11,6,0.486,0.32,25.3,mobile,Basic,Daejeon,sports,email,Bargain
CUST-002491,2025-07-29,18.0,5,3.7,7,7,0.078,0.604,29.3,desktop,Gold,Seoul,fashion,push,Loyal
CUST-002492,2026-05-06,33.0,9,17.91,4,5,0.091,0.645,13.3,mobile,Gold,Gyeonggi,fashion,sms,Bargain
CUST-002493,2026-04-19,45.0,6,16.17,8,2,0.305,0.269,17.8,desktop,Gold,Daegu,fashion,email,Loyal
CUST-002494,2026-06-04,59.0,8,26.53,5,5,0.227,0.664,20.0,desktop,Gold,Seoul,beauty,push,Bargain
CUST-002495,2022-06-17,28.0,7,25.71,7,4,0.239,0.542,14.5,mobile,Basic,Seoul,sports,email,Bargain
CUST-002496,2025-02-28,20.0,7,27.3,6,5,0.021,0.247,29.8,mobile,Gold,Seoul,sports,push,Explorer
CUST-002497,2024-10-27,38.0,5,27.44,7,2,0.144,0.102,45.7,mobile,Basic,Seoul,fashion,push,Explorer
CUST-002498,2024-08-23,46.0,8,17.43,4,3,0.208,0.477,14.3,mobile,Gold,Seoul,sports,push|sms,Bargain
CUST-002499,2023-02-04,42.0,5,10.93,5,0,0.088,0.882,9.1,desktop,Silver,Busan,home,push,Bargain
CUST-002500,2025-06-10,37.0,13,15.71,0,5,0.01,0.593,9.7,mobile,Basic,Seoul,fashion,email,Bargain
CUST-002501,2025-06-09,54.0,7,21.37,3,3,0.101,0.277,20.6,desktop,Basic,Busan,sports,email,Bargain
CUST-002502,2022-02-01,52.0,7,4.72,9,4,0.144,0.387,21.1,desktop,Basic,Gyeonggi,sports,email|push|sms,Bargain
CUST-002503,2025-04-02,40.0,18,11.57,10,4,0.081,0.14,21.4,mobile,Basic,Busan,sports,push,Bargain
CUST-002504,2025-06-14,43.0,6,10.98,6,5,0.151,0.506,11.0,mobile,Basic,Daejeon,fashion,sms,Explorer
CUST-002505,2023-07-05,20.0,7,14.46,2,4,0.185,0.554,27.2,mobile,Basic,Daegu,fashion,email|push|sms,Loyal
CUST-002506,2026-07-05,35.0,6,20.8,5,4,0.214,0.304,21.8,mobile,Basic,Gyeonggi,beauty,email|sms,Bargain
CUST-002507,2023-08-27,52.0,4,9.28,8,2,0.11,0.256,5.0,mobile,Basic,Daegu,beauty,push,Bargain
CUST-002508,2024-07-25,47.0,7,28.7,2,2,0.068,0.698,26.3,mobile,Basic,Seoul,home,sms,Bargain
CUST-002509,2024-08-21,40.0,8,20.98,4,4,0.032,0.292,18.0,desktop,Basic,Seoul,home,push,Loyal
CUST-002510,2025-11-21,32.0,10,34.89,4,5,0.151,0.453,7.1,mobile,Basic,Daejeon,home,sms,Explorer
CUST-002511,2023-02-04,44.0,7,20.87,5,0,0.092,0.454,15.7,tablet,Silver,Seoul,home,email|push,Bargain
CUST-002512,2022-04-30,48.0,9,24.89,6,4,0.131,0.283,16.1,desktop,Basic,Busan,fashion,email,Bargain
CUST-002513,2025-02-20,44.0,15,21.12,7,2,0.092,0.34,22.1,desktop,Basic,Busan,home,email|push,Bargain
CUST-002514,2022-02-16,24.0,12,16.99,5,3,0.07,0.34,7.5,mobile,Silver,Gyeonggi,electronics,email,Bargain
CUST-002515,2023-03-11,28.0,12,38.04,4,4,0.302,0.663,29.3,mobile,Basic,Gyeonggi,home,email,Explorer
CUST-002516,2024-06-01,44.0,8,26.5,5,6,0.207,0.487,39.1,mobile,Basic,Daegu,beauty,email|push,Explorer
CUST-002517,2022-03-16,55.0,9,20.8,10,7,0.27,0.12,2.8,desktop,Silver,Gyeonggi,beauty,push,Explorer
CUST-002518,2023-05-22,27.0,10,13.04,6,4,0.01,0.385,8.5,mobile,Silver,Daejeon,home,email|push|sms,Bargain
CUST-002519,2024-02-13,27.0,7,7.05,5,3,0.113,0.454,4.8,desktop,Basic,Gyeonggi,electronics,push,Bargain
CUST-002520,2023-01-25,48.0,12,35.52,7,5,0.034,0.335,26.7,mobile,Basic,Seoul,beauty,email|push,Explorer
CUST-002521,2024-01-09,29.0,9,11.19,9,2,0.109,0.392,7.5,mobile,Basic,Busan,fashion,push,Bargain
CUST-002522,2023-06-27,51.0,4,5.94,6,3,0.182,0.308,13.9,mobile,Gold,Daegu,fashion,push,Bargain
CUST-002523,2022-01-03,25.0,11,11.69,5,6,0.17,0.564,27.9,mobile,Basic,Seoul,beauty,push|sms,Loyal
CUST-002524,2023-09-09,38.0,13,12.42,7,2,0.057,0.517,22.8,desktop,Basic,Gyeonggi,fashion,push|sms,Bargain
CUST-002525,2024-03-15,49.0,5,11.09,6,5,0.38,0.266,8.6,mobile,Basic,Seoul,fashion,sms,Explorer
CUST-002526,2023-06-14,43.0,10,26.87,5,6,0.175,0.677,8.4,mobile,Gold,Busan,sports,email,Loyal
CUST-002527,2022-06-11,40.0,8,16.48,8,8,0.082,0.325,22.8,mobile,Gold,Seoul,beauty,email,Loyal
CUST-002528,2025-02-16,38.0,9,35.47,12,5,0.181,0.793,37.0,mobile,Basic,Seoul,home,email,Bargain
CUST-002529,2023-05-13,57.0,7,32.16,4,4,0.096,0.49,2.7,desktop,Basic,Gyeonggi,home,email,Loyal
CUST-002530,2024-01-12,35.0,12,26.33,6,2,0.113,0.761,25.2,mobile,Basic,Busan,electronics,push,Explorer
CUST-002531,2024-02-25,39.0,11,19.85,6,8,0.283,0.486,21.2,mobile,Basic,Busan,electronics,email|sms,Bargain
CUST-002532,2024-12-15,35.0,11,25.17,7,3,0.148,0.686,8.2,desktop,Silver,Seoul,fashion,email|push|sms,Explorer
CUST-002533,2025-03-23,42.0,8,31.4,7,4,0.062,0.576,4.2,mobile,Silver,Gyeonggi,home,email,Explorer
CUST-002534,2022-04-18,48.0,11,12.81,2,4,0.161,0.196,27.6,mobile,Gold,Seoul,beauty,email,Explorer
CUST-002535,2026-03-01,29.0,10,5.88,6,1,0.052,0.202,12.4,desktop,Gold,Daejeon,home,sms,Bargain
CUST-002536,2026-04-17,33.0,10,12.32,6,1,0.427,0.472,12.5,mobile,Basic,Daegu,home,email,Explorer
CUST-002537,2024-11-29,49.0,5,14.12,4,6,0.118,0.454,16.9,mobile,Basic,Daejeon,sports,push,Loyal
CUST-002538,2026-02-23,44.0,4,13.88,1,4,0.379,0.62,8.3,mobile,Silver,Seoul,electronics,sms,Bargain
CUST-002539,2023-04-09,36.0,7,14.63,4,4,0.35,0.5,8.9,mobile,Silver,Seoul,beauty,email,Bargain
CUST-002540,2024-01-10,23.0,6,16.75,6,4,0.255,0.357,13.1,desktop,Silver,Seoul,beauty,email,Explorer
CUST-002541,2026-05-09,51.0,8,6.7,3,1,0.149,0.193,20.9,desktop,Basic,Daejeon,beauty,push,Explorer
CUST-002542,2022-11-09,56.0,7,19.26,5,1,0.223,0.579,14.9,desktop,Silver,Busan,electronics,email,Explorer
CUST-002543,2024-03-18,43.0,10,28.23,4,3,0.247,0.74,12.7,desktop,Basic,Seoul,beauty,sms,Bargain
CUST-002544,2022-03-15,47.0,11,20.07,7,4,0.178,0.901,4.5,mobile,Gold,Gyeonggi,home,sms,Loyal
CUST-002545,2023-09-27,18.0,10,5.43,6,6,0.416,0.753,28.0,desktop,Gold,Seoul,fashion,push,Bargain
CUST-002546,2022-10-24,31.0,7,40.4,4,3,0.017,0.597,6.3,desktop,Gold,Seoul,electronics,email,Explorer
CUST-002547,2025-06-27,30.0,12,5.64,7,3,0.257,0.297,2.9,desktop,Basic,Daegu,home,email,Loyal
CUST-002548,2024-07-03,41.0,6,24.54,2,4,0.097,0.384,18.0,desktop,Basic,Busan,beauty,email|push,Explorer
CUST-002549,2024-12-24,29.0,14,31.68,5,2,0.482,0.673,8.1,desktop,Basic,Seoul,home,email,Explorer
CUST-002550,2025-10-18,40.0,4,38.72,6,4,0.318,0.544,23.6,desktop,Basic,Seoul,beauty,sms,Explorer
CUST-002551,2023-01-01,23.0,8,9.41,7,3,0.036,0.317,17.6,desktop,Basic,Seoul,home,email,Loyal
CUST-002552,2024-11-11,39.0,8,14.84,6,4,0.035,0.447,30.7,desktop,Basic,Busan,home,email,Bargain
CUST-002553,2026-02-20,43.0,11,15.01,2,3,0.074,0.441,4.3,mobile,Basic,Daejeon,fashion,push|sms,Bargain
CUST-002554,2023-08-16,19.0,17,11.9,4,7,0.263,0.419,20.4,desktop,Basic,Busan,sports,email,Explorer
CUST-002555,2025-10-03,45.0,12,31.49,6,6,0.123,0.555,22.2,mobile,Silver,Seoul,sports,email|push,Bargain
CUST-002556,2025-06-28,23.0,7,17.58,6,3,0.283,0.007,16.6,mobile,Silver,Daejeon,fashion,push,Explorer
CUST-002557,2024-04-01,48.0,5,7.4,8,5,0.065,0.57,8.0,mobile,Basic,Seoul,electronics,sms,Bargain
CUST-002558,2022-03-24,49.0,12,10.91,5,3,0.107,0.614,6.6,mobile,Basic,Seoul,fashion,email,Bargain
CUST-002559,2026-06-30,21.0,8,5.5,4,3,0.033,0.45,3.7,desktop,Gold,Seoul,electronics,email,Bargain
CUST-002560,2025-01-16,34.0,7,13.61,3,6,0.068,0.451,4.5,mobile,Gold,Seoul,electronics,sms,Loyal
CUST-002561,2024-03-13,24.0,7,11.82,3,3,0.284,0.684,8.7,tablet,Basic,Seoul,home,email,Explorer
CUST-002562,2022-07-26,22.0,10,49.05,4,1,0.189,0.355,36.4,desktop,Basic,Busan,fashion,email,Explorer
CUST-002563,2022-09-22,38.0,9,13.41,7,7,0.172,0.489,8.5,mobile,Basic,Gyeonggi,fashion,push|sms,Loyal
CUST-002564,2025-05-06,27.0,12,30.6,3,2,0.116,0.194,12.9,desktop,Basic,Seoul,electronics,sms,Explorer
CUST-002565,2023-08-23,49.0,13,11.45,3,4,0.199,0.604,1.9,mobile,Gold,Gyeonggi,fashion,push|sms,Loyal
CUST-002566,2022-05-11,18.0,3,21.92,5,3,0.159,0.436,3.5,mobile,Basic,Seoul,fashion,email,Explorer
CUST-002567,2023-07-14,35.0,2,30.15,4,4,0.433,0.938,8.3,mobile,Silver,Seoul,sports,email|push,Bargain
CUST-002568,2025-08-01,50.0,6,30.1,13,8,0.048,0.353,19.6,tablet,Basic,Gyeonggi,beauty,push,Bargain
CUST-002569,2022-07-05,26.0,9,6.78,4,4,0.33,0.186,26.2,mobile,Basic,Daegu,home,email,Explorer
CUST-002570,2024-02-09,18.0,7,15.35,5,5,0.137,0.529,14.9,mobile,Basic,Gyeonggi,sports,sms,Loyal
CUST-002571,2024-09-21,45.0,8,20.59,7,7,0.087,0.293,17.1,mobile,Silver,Busan,fashion,email|sms,Explorer
CUST-002572,2023-02-17,54.0,7,43.11,5,1,0.038,0.449,15.5,mobile,Basic,Busan,electronics,email,Explorer
CUST-002573,2026-02-21,50.0,8,25.92,4,5,0.148,0.294,13.3,desktop,Basic,Busan,electronics,email|push|sms,Explorer
CUST-002574,2025-09-29,47.0,9,40.09,2,4,0.182,0.249,14.2,desktop,Silver,Busan,sports,push|sms,Explorer
CUST-002575,2023-06-09,47.0,11,20.06,4,8,0.035,0.079,2.1,tablet,Basic,Seoul,electronics,sms,Loyal
CUST-002576,2025-03-20,39.0,7,28.02,5,5,0.184,0.189,10.5,mobile,Basic,Seoul,electronics,email,Explorer
CUST-002577,2024-07-03,48.0,5,17.25,7,3,0.071,0.691,5.0,desktop,Basic,Daejeon,fashion,sms,Bargain
CUST-002578,2025-09-13,45.0,8,18.29,5,1,0.011,0.79,9.3,mobile,Basic,Daegu,beauty,push|sms,Bargain
CUST-002579,2025-06-11,56.0,8,26.62,5,9,0.254,0.256,23.3,mobile,Basic,Gyeonggi,fashion,sms,Loyal
CUST-002580,2025-01-17,33.0,11,9.39,9,3,0.173,0.439,23.2,mobile,Silver,Busan,home,push,Explorer
CUST-002581,2026-07-25,27.0,6,23.21,4,1,0.1,0.677,8.6,mobile,Basic,Gyeonggi,home,push,Bargain
CUST-002582,2026-03-20,59.0,13,10.77,7,3,0.137,0.547,32.6,mobile,Silver,Seoul,home,push,Explorer
CUST-002583,2025-09-17,39.0,8,30.15,2,3,0.143,0.227,5.1,mobile,Silver,Seoul,home,email|push|sms,Explorer
CUST-002584,2022-08-24,45.0,11,20.95,5,8,0.133,0.639,9.0,tablet,Basic,Seoul,fashion,sms,Bargain
CUST-002585,2025-02-06,18.0,10,35.97,10,2,0.141,0.317,18.9,mobile,Gold,Seoul,sports,email,Explorer
CUST-002586,2022-03-30,46.0,6,15.75,3,6,0.161,0.727,12.9,mobile,Basic,Gyeonggi,fashion,push,Bargain
CUST-002587,2026-02-22,45.0,11,21.08,4,6,0.007,0.729,39.7,desktop,Silver,Daejeon,home,email,Explorer
CUST-002588,2023-08-07,56.0,7,21.42,11,2,0.224,0.709,6.0,mobile,Gold,Seoul,electronics,email|push,Explorer
CUST-002589,2026-07-30,50.0,12,8.61,10,1,0.083,0.457,9.2,mobile,Basic,Gyeonggi,home,email|push|sms,Bargain
CUST-002590,2024-01-20,32.0,12,23.85,14,0,0.03,0.108,8.3,mobile,Silver,Daegu,home,email|push|sms,Bargain
CUST-002591,2022-05-30,43.0,7,8.61,5,2,0.091,0.369,4.9,mobile,Basic,Gyeonggi,electronics,push|sms,Bargain
CUST-002592,2023-01-21,57.0,6,14.73,11,6,0.126,0.503,7.0,mobile,Basic,Gyeonggi,beauty,email|sms,Loyal
CUST-002593,2024-05-24,35.0,6,8.85,7,5,0.037,0.592,11.6,mobile,Basic,Seoul,electronics,push,Bargain
CUST-002594,2023-12-19,51.0,11,32.31,4,5,0.267,0.149,11.8,desktop,Silver,Seoul,electronics,push,Explorer
CUST-002595,2022-02-02,52.0,11,28.8,5,4,0.227,0.656,16.1,mobile,Gold,Seoul,electronics,sms,Explorer
CUST-002596,2025-08-06,18.0,9,27.76,4,2,0.065,0.25,10.4,mobile,Basic,Seoul,fashion,sms,Explorer
CUST-002597,2024-12-23,41.0,7,15.58,4,5,0.407,0.374,21.7,mobile,Silver,Busan,electronics,push|sms,Explorer
CUST-002598,2023-09-05,35.0,11,10.08,7,3,0.177,0.889,4.0,mobile,Basic,Seoul,home,sms,Bargain
CUST-002599,2022-05-16,38.0,17,20.63,7,8,0.28,0.515,4.3,mobile,Basic,Daejeon,electronics,sms,Bargain
CUST-002600,2026-05-11,47.0,11,12.02,4,4,0.072,0.082,12.5,mobile,Basic,Seoul,beauty,email|push|sms,Explorer
CUST-002601,2022-06-21,31.0,8,17.86,7,3,0.107,0.595,23.8,mobile,Basic,Daegu,fashion,email,Bargain
CUST-002602,2022-10-19,60.0,7,28.14,4,4,0.05,0.485,10.0,desktop,Basic,Seoul,electronics,push|sms,Bargain
CUST-002603,2024-11-03,35.0,10,4.65,4,4,0.286,0.525,3.7,desktop,Basic,Gyeonggi,electronics,push,Bargain
CUST-002604,2025-12-21,56.0,8,22.49,8,8,0.276,0.468,6.5,mobile,Basic,Daegu,fashion,email,Loyal
CUST-002605,2023-09-11,42.0,10,10.18,9,5,0.163,0.361,6.6,mobile,Basic,Busan,fashion,sms,Bargain
CUST-002606,2025-01-05,18.0,8,29.91,7,4,0.162,0.388,35.6,desktop,Basic,Daegu,home,email|push,Bargain
CUST-002607,2024-03-16,42.0,1,18.99,11,3,0.135,0.549,17.1,mobile,Basic,Seoul,sports,sms,Bargain
CUST-002608,2023-01-27,37.0,15,6.86,11,4,0.061,0.454,4.3,tablet,Silver,Daegu,fashion,email,Bargain
CUST-002609,2026-05-10,35.0,13,12.76,6,3,0.12,0.592,35.6,desktop,Basic,Seoul,beauty,email,Explorer
CUST-002610,2024-03-09,27.0,10,10.22,3,1,0.308,0.701,14.5,mobile,Silver,Busan,electronics,email,Explorer
CUST-002611,2023-03-05,41.0,7,16.94,6,4,0.043,0.49,11.6,desktop,Basic,Seoul,electronics,sms,Bargain
CUST-002612,2025-11-30,,6,10.09,6,0,0.142,0.618,7.5,mobile,Silver,Seoul,electronics,sms,Explorer
CUST-002613,2026-07-01,26.0,12,15.0,4,3,0.114,0.375,15.4,desktop,Basic,Gyeonggi,sports,email,Loyal
CUST-002614,2025-08-21,41.0,15,26.64,4,4,0.069,0.173,7.8,mobile,Silver,Busan,home,sms,Explorer
CUST-002615,2022-09-14,41.0,12,28.83,5,6,0.17,0.373,9.1,desktop,Silver,Seoul,beauty,sms,Loyal
CUST-002616,2024-04-03,21.0,7,3.41,8,3,0.061,0.276,3.2,mobile,Silver,Seoul,beauty,email,Bargain
CUST-002617,2026-01-05,31.0,6,5.78,12,4,0.331,0.165,10.7,mobile,Silver,Seoul,electronics,push,Explorer
CUST-002618,2025-07-11,45.0,5,12.89,11,3,0.207,0.351,19.6,desktop,Basic,Gyeonggi,sports,email,Explorer
CUST-002619,2022-03-11,51.0,5,10.72,7,0,0.163,0.261,7.4,desktop,Basic,Gyeonggi,electronics,email,Explorer
CUST-002620,2025-02-17,54.0,7,40.3,5,4,0.156,0.573,31.5,desktop,Basic,Daegu,home,push,Explorer
CUST-002621,2025-09-29,25.0,9,20.11,7,2,0.392,0.206,9.0,desktop,Silver,Seoul,beauty,sms,Bargain
CUST-002622,2022-08-13,51.0,7,39.83,6,4,0.027,0.107,14.1,tablet,Basic,Daegu,home,email|push,Explorer
CUST-002623,2024-09-22,49.0,9,30.97,6,2,0.215,0.486,15.6,mobile,Basic,Gyeonggi,home,sms,Explorer
CUST-002624,2022-04-24,37.0,9,9.94,7,4,0.32,0.867,9.0,mobile,Gold,Busan,beauty,email|push,Bargain
CUST-002625,2023-08-22,35.0,14,35.53,6,8,0.261,0.289,10.2,desktop,Basic,Seoul,home,email|push|sms,Explorer
CUST-002626,2022-03-09,37.0,10,26.24,6,5,0.06,0.321,26.8,mobile,Basic,Busan,beauty,email,Loyal
CUST-002627,2024-04-04,43.0,12,5.1,5,3,0.05,0.442,17.6,mobile,Gold,Daejeon,home,email|push,Loyal
CUST-002628,2025-02-18,70.0,13,18.69,7,5,0.05,0.211,9.6,mobile,Gold,Daejeon,fashion,email,Explorer
CUST-002629,2024-03-17,50.0,9,25.97,7,2,0.183,0.324,28.6,desktop,Basic,Seoul,fashion,push,Explorer
CUST-002630,2022-03-08,36.0,9,10.63,6,3,0.253,0.283,23.4,mobile,Silver,Gyeonggi,electronics,email,Bargain
CUST-002631,2023-12-11,59.0,8,18.48,3,4,0.116,0.916,23.2,mobile,Basic,Seoul,sports,email|sms,Bargain
CUST-002632,2022-03-03,31.0,7,11.71,3,3,0.117,0.586,8.1,desktop,Silver,Gyeonggi,sports,email|sms,Bargain
CUST-002633,2024-09-14,40.0,9,15.93,5,3,0.133,0.37,18.6,tablet,Basic,Busan,sports,email,Bargain
CUST-002634,2025-07-24,30.0,10,6.82,4,0,0.114,0.52,14.2,tablet,Basic,Busan,electronics,push,Explorer
CUST-002635,2025-06-10,43.0,8,20.09,6,6,0.158,0.606,15.5,mobile,Silver,Seoul,beauty,email|push,Bargain
CUST-002636,2023-08-23,38.0,10,13.87,7,1,0.159,0.818,1.7,desktop,Basic,Daejeon,electronics,email|push|sms,Explorer
CUST-002637,2023-04-21,39.0,8,7.24,8,2,0.192,0.568,11.9,desktop,Basic,Daegu,fashion,sms,Bargain
CUST-002638,2024-08-23,44.0,8,14.79,5,2,0.199,0.571,8.9,mobile,Gold,Daegu,beauty,sms,Bargain
CUST-002639,2025-04-22,32.0,9,20.02,7,1,0.155,0.7,11.5,mobile,Basic,Seoul,home,email,Explorer
CUST-002640,2025-11-05,28.0,7,20.16,5,3,0.166,0.353,37.1,mobile,Basic,Seoul,home,email|sms,Bargain
CUST-002641,2022-06-11,19.0,6,14.42,3,8,0.16,0.678,28.5,desktop,Silver,Gyeonggi,home,push|sms,Loyal
CUST-002642,2026-04-03,21.0,7,78.02,5,1,0.118,0.521,21.2,tablet,Basic,Gyeonggi,fashion,push,Explorer
CUST-002643,2023-02-08,63.0,10,22.91,6,3,0.118,0.168,6.0,mobile,Basic,Gyeonggi,electronics,push|sms,Explorer
CUST-002644,2023-11-15,35.0,9,38.21,6,1,0.251,0.346,30.2,mobile,Basic,Daegu,fashion,sms,Explorer
CUST-002645,2023-10-17,40.0,9,33.71,11,5,0.125,0.489,11.3,mobile,Basic,Seoul,home,push,Explorer
CUST-002646,2026-01-24,27.0,10,24.29,10,1,0.186,0.255,8.5,mobile,Silver,Gyeonggi,fashion,push,Explorer
CUST-002647,2022-02-03,60.0,11,22.35,10,2,0.078,0.061,13.0,desktop,Basic,Gyeonggi,electronics,email,Bargain
CUST-002648,2025-03-20,42.0,11,7.29,5,2,0.306,0.398,3.4,desktop,,Daegu,fashion,push,Bargain
CUST-002649,2025-02-27,27.0,15,29.87,6,4,0.105,0.721,45.7,desktop,Basic,Gyeonggi,electronics,push,Explorer
CUST-002650,2024-06-01,43.0,15,16.06,11,7,0.217,0.51,22.0,mobile,Basic,Seoul,fashion,email|push,Bargain
CUST-002651,2025-03-09,53.0,12,6.83,4,5,0.205,0.351,13.9,mobile,Basic,Gyeonggi,beauty,sms,Bargain
CUST-002652,2026-02-20,30.0,8,23.57,5,1,0.129,0.625,22.9,mobile,Basic,Seoul,sports,push,Bargain
CUST-002653,2023-08-27,25.0,5,18.83,6,9,0.169,0.313,24.1,mobile,Basic,Daejeon,beauty,sms,Loyal
CUST-002654,2025-04-21,52.0,6,6.87,13,6,0.136,0.249,26.2,mobile,Silver,Gyeonggi,home,sms,Bargain
CUST-002655,2024-11-09,35.0,8,15.87,2,2,0.158,0.395,18.1,mobile,Basic,Gyeonggi,beauty,email|sms,Explorer
CUST-002656,2022-09-09,24.0,6,31.99,4,2,0.134,0.127,20.5,mobile,Basic,Gyeonggi,beauty,push,Bargain
CUST-002657,2026-07-20,43.0,9,7.21,5,4,0.311,0.221,19.9,mobile,Basic,Busan,beauty,email,Explorer
CUST-002658,2024-08-11,44.0,7,31.62,3,5,0.071,0.364,7.0,mobile,Basic,Gyeonggi,fashion,push,Explorer
CUST-002659,2026-07-07,28.0,10,7.63,7,5,0.234,0.334,7.5,mobile,Basic,Seoul,sports,sms,Bargain
CUST-002660,2025-08-30,54.0,3,26.58,6,1,0.083,0.532,19.6,mobile,Basic,Busan,home,email,Bargain
CUST-002661,2025-01-25,70.0,8,23.36,4,8,0.248,0.421,90.0,mobile,Basic,Seoul,fashion,sms,At_Risk
CUST-002662,2023-08-26,18.0,9,15.79,7,2,0.062,0.668,6.5,desktop,Basic,Daejeon,fashion,push,Bargain
CUST-002663,2025-12-04,49.0,8,16.87,1,4,0.276,0.728,2.0,mobile,Basic,Gyeonggi,fashion,email,Bargain
CUST-002664,2024-06-23,31.0,12,6.88,7,1,0.155,0.26,18.9,desktop,Silver,Seoul,sports,email|sms,Bargain
CUST-002665,2022-06-14,53.0,13,19.68,6,4,0.146,0.626,12.8,mobile,Basic,Seoul,beauty,email,Bargain
CUST-002666,2022-06-16,45.0,15,10.35,6,4,0.105,0.293,2.4,mobile,Silver,Seoul,fashion,email|push,Explorer
CUST-002667,2024-04-18,44.0,9,13.35,7,6,0.211,0.212,13.0,tablet,Basic,Daegu,fashion,email,Bargain
CUST-002668,2024-11-26,23.0,9,25.02,3,5,0.028,0.51,4.8,desktop,Basic,Seoul,home,push,Loyal
CUST-002669,2025-08-04,47.0,12,25.42,1,1,0.073,0.313,15.6,desktop,Basic,Gyeonggi,beauty,push,Explorer
CUST-002670,2023-08-20,51.0,10,29.83,15,6,0.227,0.359,13.4,tablet,Basic,Gyeonggi,beauty,email,Bargain
CUST-002671,2022-01-08,35.0,6,15.25,6,3,0.075,0.319,4.9,desktop,Silver,Gyeonggi,fashion,push,Explorer
CUST-002672,2026-01-17,44.0,8,12.73,9,2,0.037,0.259,3.3,desktop,Silver,Seoul,electronics,sms,Bargain
CUST-002673,2022-03-29,40.0,9,30.4,6,7,0.045,0.499,4.8,tablet,Basic,Busan,fashion,sms,Explorer
CUST-002674,2022-03-25,36.0,13,10.7,8,2,0.269,0.78,7.4,mobile,Silver,Seoul,fashion,email,Bargain
CUST-002675,2022-12-25,66.0,10,17.9,6,4,0.086,0.229,16.2,mobile,Silver,Seoul,electronics,email|push,Loyal
CUST-002676,2025-05-08,44.0,10,14.77,5,4,0.364,0.563,7.0,mobile,Basic,Daegu,home,email|sms,Bargain
CUST-002677,2025-07-29,23.0,7,13.51,7,7,0.144,0.422,29.7,mobile,Basic,Seoul,beauty,email|sms,Bargain
CUST-002678,2023-05-24,46.0,13,8.46,3,3,0.278,0.507,3.0,mobile,Gold,Gyeonggi,electronics,push,Loyal
CUST-002679,2023-05-04,28.0,9,46.57,9,4,0.327,0.38,40.3,mobile,Gold,Gyeonggi,home,email|push,Explorer
CUST-002680,2023-09-25,44.0,8,19.32,7,4,0.063,0.452,22.8,mobile,Silver,Seoul,beauty,push|sms,Bargain
CUST-002681,2024-07-16,35.0,13,22.43,7,3,0.183,0.516,21.5,desktop,Silver,Daejeon,fashion,email|sms,Bargain
CUST-002682,2026-01-08,25.0,4,23.23,4,2,0.208,0.415,2.8,mobile,Silver,Daegu,sports,email,Explorer
CUST-002683,2025-05-31,36.0,7,33.59,1,4,0.541,0.539,18.2,mobile,Basic,Seoul,beauty,sms,Explorer
CUST-002684,2026-01-02,24.0,10,28.62,8,4,0.059,0.592,9.9,desktop,Basic,Gyeonggi,beauty,email,Bargain
CUST-002685,2024-05-18,52.0,11,12.82,8,4,0.5,0.458,6.9,mobile,Silver,Daegu,sports,email|push,Bargain
CUST-002686,2023-05-01,33.0,4,29.56,9,2,0.277,0.176,18.7,mobile,Gold,Daegu,fashion,email,Explorer
CUST-002687,2024-10-02,66.0,11,17.41,3,5,0.123,0.371,16.7,mobile,Silver,Busan,home,push,Bargain
CUST-002688,2024-03-01,41.0,8,13.93,8,3,0.309,0.689,7.3,mobile,Basic,Gyeonggi,beauty,email|push|sms,Bargain
CUST-002689,2022-02-10,37.0,8,16.08,5,2,0.155,0.266,7.2,mobile,Basic,Gyeonggi,beauty,email,Explorer
CUST-002690,2023-10-17,30.0,6,20.22,8,7,0.226,0.463,9.2,mobile,Basic,Gyeonggi,home,email|push,Bargain
CUST-002691,2023-05-04,50.0,4,13.25,7,4,0.462,0.697,16.9,mobile,Basic,Gyeonggi,electronics,email,Bargain
CUST-002692,2024-06-20,43.0,13,15.76,5,1,0.054,0.506,13.9,mobile,Basic,Gyeonggi,home,push,Bargain
CUST-002693,2026-02-24,41.0,8,7.55,5,2,0.146,0.39,5.6,desktop,Gold,Seoul,beauty,push|sms,Bargain
CUST-002694,2024-06-02,32.0,11,21.09,6,5,0.439,0.608,4.0,desktop,Basic,Daejeon,beauty,email|sms,Explorer
CUST-002695,2022-12-08,33.0,10,33.85,10,4,0.386,0.737,18.8,mobile,Silver,Busan,home,push|sms,Bargain
CUST-002696,2025-05-29,32.0,7,17.51,6,6,0.078,0.39,22.3,mobile,Silver,Gyeonggi,sports,push|sms,Bargain
CUST-002697,2022-06-22,31.0,10,22.09,5,5,0.048,0.669,26.6,mobile,Gold,Seoul,fashion,sms,Bargain
CUST-002698,2022-08-24,39.0,13,12.65,8,3,0.167,0.454,8.7,mobile,Basic,Seoul,sports,email|sms,Explorer
CUST-002699,2026-06-25,43.0,8,20.08,7,2,0.28,0.912,18.3,desktop,Silver,Gyeonggi,fashion,email,Explorer
CUST-002700,2023-08-14,55.0,6,16.46,5,3,0.083,0.715,10.4,mobile,Basic,Seoul,electronics,email,Explorer
CUST-002701,2023-09-25,31.0,9,11.82,4,3,0.302,0.162,1.5,desktop,Silver,Daegu,beauty,email|sms,Loyal
CUST-002702,2024-08-17,25.0,10,6.39,7,5,0.167,0.317,7.3,mobile,Gold,Daejeon,sports,push|sms,Loyal
CUST-002703,2025-01-03,39.0,11,25.92,6,5,0.228,0.095,10.2,mobile,Basic,Seoul,beauty,sms,Explorer
CUST-002704,2022-02-12,48.0,10,18.66,7,4,0.398,0.602,8.2,desktop,Silver,Daegu,beauty,sms,Bargain
CUST-002705,2023-07-21,37.0,8,20.15,2,3,0.157,0.328,16.1,desktop,Basic,Seoul,beauty,email,Bargain
CUST-002706,2022-04-03,32.0,8,24.88,11,2,0.423,0.885,10.1,mobile,Silver,Gyeonggi,electronics,email,Bargain
CUST-002707,2025-02-15,41.0,10,24.11,5,5,0.082,0.191,13.4,mobile,Gold,Busan,fashion,email|push,Explorer
CUST-002708,2024-09-06,23.0,12,18.24,7,5,0.017,0.433,11.2,tablet,Basic,Daegu,beauty,email|push|sms,Explorer
CUST-002709,2025-11-07,47.0,9,26.69,5,4,0.158,0.251,8.9,desktop,Silver,Busan,electronics,email,Explorer
CUST-002710,2026-02-16,41.0,10,44.56,8,4,0.069,0.553,31.0,desktop,Basic,Gyeonggi,home,email|push,Bargain
CUST-002711,2025-02-05,36.0,13,10.63,3,5,0.087,0.36,11.5,mobile,Basic,Seoul,electronics,email|push|sms,Loyal
CUST-002712,2023-01-03,42.0,12,23.46,7,3,0.066,0.471,22.4,mobile,Basic,Busan,fashion,sms,Explorer
CUST-002713,2024-07-04,38.0,8,39.72,6,4,0.028,0.137,9.5,desktop,Gold,Seoul,sports,email,Loyal
CUST-002714,2024-08-27,57.0,10,8.14,5,4,0.049,0.643,10.3,mobile,Gold,Seoul,fashion,email|sms,Bargain
CUST-002715,2022-03-07,22.0,9,15.36,13,5,0.169,0.725,11.1,mobile,Gold,Gyeonggi,home,sms,Bargain
CUST-002716,2025-05-05,44.0,6,31.87,7,2,0.33,0.205,16.9,desktop,Silver,Busan,electronics,sms,Explorer
CUST-002717,2026-03-12,43.0,8,10.94,6,1,0.465,0.305,4.1,mobile,Silver,Gyeonggi,home,email|push|sms,Bargain
CUST-002718,2024-03-29,25.0,9,30.52,8,3,0.385,0.018,21.7,desktop,Silver,Gyeonggi,home,push,Explorer
CUST-002719,2025-05-25,18.0,8,16.14,5,6,0.171,0.275,1.2,mobile,Silver,Gyeonggi,beauty,sms,Explorer
CUST-002720,2023-09-24,45.0,6,25.42,6,3,0.068,0.496,3.8,mobile,Basic,Gyeonggi,fashion,email,Explorer
CUST-002721,2022-01-13,48.0,7,21.9,7,8,0.092,0.843,18.8,mobile,Basic,Seoul,home,email,Bargain
CUST-002722,2023-03-16,51.0,6,11.46,4,9,0.643,0.507,8.9,desktop,Basic,Gyeonggi,fashion,email|push,Explorer
CUST-002723,2024-10-24,51.0,13,33.16,8,1,0.208,0.851,6.8,mobile,Basic,Seoul,home,email,Bargain
CUST-002724,2024-05-10,42.0,7,11.3,8,5,0.545,0.24,23.5,mobile,Silver,Gyeonggi,electronics,email|sms,Bargain
CUST-002725,2024-04-20,36.0,17,5.7,6,5,0.097,0.325,13.3,mobile,Gold,Seoul,home,email|sms,Loyal
CUST-002726,2026-06-10,47.0,11,10.43,4,1,0.091,0.601,4.5,mobile,Basic,Gyeonggi,electronics,email,Bargain
CUST-002727,2024-08-11,47.0,8,11.53,6,3,0.262,0.365,7.1,tablet,Basic,Seoul,sports,sms,Explorer
CUST-002728,2023-05-04,31.0,4,13.76,7,5,0.196,0.543,10.5,mobile,Basic,Daegu,sports,email,Explorer
CUST-002729,2023-10-30,20.0,12,38.02,4,4,0.125,0.302,44.8,mobile,Basic,Seoul,fashion,sms,Explorer
CUST-002730,2024-04-18,46.0,13,11.25,4,4,0.221,0.294,24.9,desktop,Silver,Daegu,home,email|push|sms,Explorer
CUST-002731,2023-09-11,32.0,12,24.3,6,4,0.242,0.349,11.3,desktop,Basic,Seoul,beauty,sms,Explorer
CUST-002732,2026-07-05,41.0,5,15.07,4,4,0.105,0.646,8.7,mobile,Basic,Busan,beauty,sms,Bargain
CUST-002733,2024-01-03,,6,19.73,7,3,0.304,0.341,6.1,mobile,Silver,Seoul,fashion,email,Explorer
CUST-002734,2026-05-09,56.0,7,13.8,14,1,0.272,0.771,5.6,desktop,Basic,Gyeonggi,home,push,Bargain
CUST-002735,2022-08-18,48.0,10,32.88,4,5,0.217,0.525,14.7,desktop,Basic,Daejeon,beauty,push,Explorer
CUST-002736,2024-04-22,46.0,7,10.36,6,1,0.19,0.679,27.1,mobile,Silver,Gyeonggi,fashion,email|push|sms,Explorer
CUST-002737,2025-01-12,25.0,11,11.19,7,7,0.048,0.873,12.7,tablet,Basic,Daejeon,beauty,email|sms,Bargain
CUST-002738,2025-04-30,43.0,10,14.08,11,5,0.17,0.077,50.3,mobile,Silver,Gyeonggi,sports,email|push,Explorer
CUST-002739,2022-11-06,27.0,11,5.98,9,11,0.094,0.655,3.1,desktop,Basic,Daejeon,fashion,email,Loyal
CUST-002740,2026-01-23,47.0,8,33.94,3,9,0.074,0.789,19.7,desktop,Basic,Daejeon,sports,push|sms,Loyal
CUST-002741,2023-04-24,28.0,8,15.79,8,1,0.351,0.348,2.7,desktop,Silver,Busan,fashion,email,Bargain
CUST-002742,2024-11-18,32.0,10,25.04,6,4,0.163,0.301,1.3,desktop,Basic,Gyeonggi,beauty,sms,Loyal
CUST-002743,2026-06-24,32.0,9,22.8,9,1,0.127,0.545,26.4,desktop,Basic,Gyeonggi,fashion,push,Bargain
CUST-002744,2024-11-06,23.0,11,2.97,4,3,0.24,0.401,4.6,mobile,Basic,Busan,sports,push,Bargain
CUST-002745,2022-05-17,49.0,10,16.37,6,3,0.235,0.538,17.8,desktop,Basic,Gyeonggi,electronics,email|sms,Bargain
CUST-002746,2024-01-06,38.0,6,15.46,3,6,0.125,0.502,24.7,desktop,Basic,Seoul,sports,push,Explorer
CUST-002747,2022-06-07,45.0,9,10.95,10,5,0.104,0.26,28.3,desktop,Basic,Busan,fashion,email,Bargain
CUST-002748,2023-03-18,57.0,5,8.65,6,8,0.09,0.469,9.7,mobile,Basic,Gyeonggi,beauty,push,Loyal
CUST-002749,2025-08-13,35.0,7,6.54,5,1,0.132,0.762,31.6,desktop,Silver,Busan,home,email|push|sms,Bargain
CUST-002750,2023-01-10,30.0,7,19.07,3,3,0.245,0.368,9.5,mobile,Basic,Gyeonggi,home,push,Bargain
CUST-002751,2023-03-09,35.0,16,11.51,10,4,0.071,0.463,9.4,desktop,Silver,Busan,home,push,Bargain
CUST-002752,2024-10-24,58.0,5,5.65,7,9,0.29,0.343,18.2,mobile,Silver,Seoul,beauty,push,Loyal
CUST-002753,2025-08-25,59.0,11,9.54,6,5,0.37,0.151,7.4,mobile,Silver,Busan,electronics,sms,Explorer
CUST-002754,2023-06-11,49.0,9,9.66,6,3,0.107,0.515,9.3,mobile,Silver,Busan,beauty,push,Bargain
CUST-002755,2025-07-31,29.0,9,24.89,5,2,0.034,0.208,29.5,desktop,Silver,Seoul,fashion,email|push|sms,Explorer
CUST-002756,2026-04-03,38.0,7,21.16,4,3,0.165,0.514,5.3,desktop,Silver,Seoul,electronics,email,Loyal
CUST-002757,2026-06-25,22.0,13,37.07,7,2,0.052,0.588,20.9,mobile,Silver,Seoul,fashion,email|push|sms,Bargain
CUST-002758,2026-02-12,52.0,5,17.16,3,4,0.217,0.206,13.9,mobile,Gold,Daegu,beauty,push,Loyal
CUST-002759,2023-09-14,18.0,11,13.05,3,5,0.04,0.481,28.1,mobile,Silver,Seoul,fashion,push,Bargain
CUST-002760,2023-11-02,32.0,4,2.81,6,6,0.514,0.493,6.3,tablet,Silver,Seoul,beauty,sms,Loyal
CUST-002761,2025-06-15,36.0,12,45.34,7,5,0.268,0.156,12.3,mobile,Silver,Daegu,fashion,email|sms,Explorer
CUST-002762,2023-03-01,37.0,9,33.64,8,2,0.02,0.656,6.4,desktop,Basic,Seoul,beauty,push,Explorer
CUST-002763,2026-02-04,43.0,12,8.94,7,3,0.144,0.349,45.4,tablet,Silver,Daejeon,fashion,email,Explorer
CUST-002764,2024-08-05,46.0,8,6.98,7,4,0.466,0.066,6.2,mobile,Silver,Gyeonggi,electronics,email|push,Bargain
CUST-002765,2025-05-29,31.0,14,27.11,8,5,0.219,0.69,3.7,desktop,Basic,Seoul,fashion,email|push,Explorer
CUST-002766,2024-07-03,45.0,11,36.74,11,5,0.473,0.51,6.0,mobile,Basic,Gyeonggi,sports,email,Explorer
CUST-002767,2026-02-05,51.0,5,13.51,6,5,0.085,0.475,22.6,mobile,Basic,Daejeon,electronics,push,Bargain
CUST-002768,2022-03-12,48.0,8,13.21,2,1,0.083,0.182,10.0,mobile,Silver,Seoul,sports,push|sms,Loyal
CUST-002769,2023-09-19,35.0,15,16.34,3,4,0.058,0.553,11.4,mobile,Basic,Daejeon,fashion,push|sms,Bargain
CUST-002770,2024-01-09,29.0,8,24.1,6,4,0.085,0.726,27.2,desktop,Basic,Busan,electronics,email,Explorer
CUST-002771,2024-09-03,36.0,8,5.12,11,3,0.049,0.215,18.0,mobile,Basic,Daegu,sports,email|sms,Bargain
CUST-002772,2024-02-07,49.0,10,30.01,12,3,0.117,0.584,5.0,mobile,Gold,Gyeonggi,fashion,email|sms,Bargain
CUST-002773,2024-05-09,39.0,8,8.35,7,3,0.071,0.445,50.7,mobile,Silver,Gyeonggi,electronics,email,Bargain
CUST-002774,2022-01-25,46.0,11,14.18,9,3,0.351,0.506,19.3,mobile,Basic,Busan,fashion,sms,Explorer
CUST-002775,2023-04-09,19.0,3,42.03,5,7,0.061,0.464,3.5,mobile,Basic,Seoul,beauty,email,Explorer
CUST-002776,2024-07-12,36.0,8,29.16,4,2,0.155,0.315,7.2,mobile,Basic,Daejeon,sports,sms,Bargain
CUST-002777,2022-03-13,18.0,10,31.62,11,4,0.263,0.156,17.8,mobile,Basic,Gyeonggi,home,push,Explorer
CUST-002778,2025-09-14,33.0,10,21.6,5,8,0.115,0.671,11.9,mobile,Basic,Daejeon,home,push|sms,Loyal
CUST-002779,2026-01-18,35.0,10,29.81,3,4,0.088,0.49,29.0,mobile,Basic,Gyeonggi,fashion,push,Bargain
CUST-002780,2024-12-11,48.0,7,11.3,9,2,0.009,0.433,8.8,mobile,Silver,Gyeonggi,beauty,sms,Bargain
CUST-002781,2025-07-08,52.0,8,16.28,6,2,0.112,0.349,15.0,mobile,Gold,Busan,fashion,email|push|sms,Explorer
CUST-002782,2023-04-10,44.0,6,13.24,1,3,0.062,0.465,17.1,mobile,Basic,Daegu,sports,email|push|sms,Explorer
CUST-002783,2026-07-23,41.0,10,15.8,3,3,0.511,0.316,9.0,desktop,Basic,Gyeonggi,sports,email,Explorer
CUST-002784,2023-04-28,40.0,3,12.93,7,2,0.237,0.899,14.5,mobile,Silver,Gyeonggi,electronics,push,Bargain
CUST-002785,2025-08-04,50.0,10,22.5,5,8,0.027,0.381,20.9,desktop,Silver,Gyeonggi,electronics,push,Loyal
CUST-002786,2023-02-28,46.0,7,18.7,9,4,0.225,0.253,62.0,mobile,Gold,Daegu,electronics,sms,At_Risk
CUST-002787,2022-08-14,48.0,10,9.73,8,3,0.276,0.209,20.4,mobile,Basic,Seoul,fashion,push,Explorer
CUST-002788,2025-12-31,50.0,12,40.63,5,3,0.25,0.397,23.4,mobile,Basic,Daejeon,electronics,push,Explorer
CUST-002789,2023-04-22,33.0,6,8.57,7,3,0.113,0.592,8.0,tablet,Silver,Seoul,beauty,email|sms,Bargain
CUST-002790,2024-04-19,26.0,6,20.2,4,7,0.263,0.302,11.4,mobile,Silver,Daegu,home,email|push,Loyal
CUST-002791,2024-08-04,59.0,13,15.42,9,2,0.201,0.383,0.2,mobile,Silver,Daejeon,beauty,push|sms,Explorer
CUST-002792,2024-04-21,52.0,12,13.12,9,4,0.14,0.336,6.1,desktop,Gold,Busan,sports,email|push|sms,Loyal
CUST-002793,2022-04-22,20.0,5,20.11,8,3,0.048,0.174,1.1,mobile,Basic,Gyeonggi,fashion,push,Explorer
CUST-002794,2023-10-30,50.0,7,19.95,7,1,0.462,0.424,10.3,mobile,Basic,Daegu,fashion,email|push,Bargain
CUST-002795,2024-09-26,33.0,11,30.68,6,6,0.302,0.527,10.2,desktop,Basic,Gyeonggi,beauty,email,Explorer
CUST-002796,2025-04-04,35.0,8,8.76,7,3,0.16,0.568,5.9,desktop,Basic,Seoul,beauty,email,Explorer
CUST-002797,2024-01-21,32.0,2,22.12,6,4,0.118,0.477,17.7,desktop,Silver,Daegu,fashion,email|push|sms,At_Risk
CUST-002798,2025-11-17,35.0,11,12.49,7,3,0.309,0.573,17.3,mobile,Basic,Seoul,fashion,push|sms,Bargain
CUST-002799,2024-10-03,32.0,6,12.42,10,2,0.194,0.291,15.5,mobile,Basic,Seoul,sports,email|push,Explorer
CUST-002800,2025-01-20,18.0,10,31.09,4,4,0.187,0.519,10.0,mobile,Basic,Busan,beauty,email,Explorer
CUST-002801,2024-07-14,47.0,10,17.96,5,6,0.101,0.766,2.3,mobile,Silver,Gyeonggi,electronics,email|push,Bargain
CUST-002802,2026-01-20,24.0,10,10.32,7,4,0.064,0.574,1.4,desktop,Basic,Gyeonggi,fashion,email,Bargain
CUST-002803,2023-04-10,36.0,6,32.22,6,3,0.345,0.346,14.3,mobile,Basic,Daejeon,sports,sms,Bargain
CUST-002804,2022-03-28,41.0,9,11.2,2,6,0.179,0.71,24.8,desktop,Basic,Gyeonggi,beauty,push,Loyal
CUST-002805,2026-04-07,30.0,9,21.29,5,5,0.293,0.677,36.7,desktop,Basic,Daejeon,beauty,email,Loyal
CUST-002806,2026-03-17,32.0,9,4.83,4,9,0.246,0.59,2.0,mobile,Basic,Gyeonggi,beauty,email|push|sms,Bargain
CUST-002807,2022-06-13,57.0,7,17.99,3,5,0.085,0.538,14.2,tablet,Basic,Daegu,beauty,sms,Bargain
CUST-002808,2022-06-15,38.0,9,3.64,5,1,0.08,0.298,21.8,mobile,Basic,Gyeonggi,beauty,sms,Bargain
CUST-002809,2024-01-08,50.0,6,10.37,4,4,0.115,0.259,4.6,desktop,Basic,Gyeonggi,sports,sms,Explorer
CUST-002810,2024-01-05,32.0,11,12.64,12,1,0.13,0.463,10.0,mobile,Silver,Seoul,electronics,push|sms,Bargain
CUST-002811,2024-05-23,53.0,5,16.18,6,5,0.059,0.198,2.2,desktop,Basic,Gyeonggi,home,email|push|sms,Loyal
CUST-002812,2026-01-13,42.0,7,19.73,9,7,0.134,0.453,8.2,desktop,Basic,Daejeon,home,email|push,Loyal
CUST-002813,2022-08-02,18.0,12,17.73,8,4,0.256,0.195,20.6,desktop,Silver,Seoul,beauty,push,Explorer
CUST-002814,2022-05-26,54.0,16,23.94,7,2,0.373,0.702,31.9,mobile,Silver,Seoul,sports,email,Explorer
CUST-002815,2022-07-06,55.0,11,33.95,11,5,0.36,0.445,21.5,mobile,Basic,Gyeonggi,home,email,Explorer
CUST-002816,2025-12-12,53.0,12,2.7,6,3,0.499,0.343,35.4,desktop,Silver,Busan,fashion,sms,Bargain
CUST-002817,2023-09-17,56.0,6,35.87,8,2,0.17,0.158,10.8,mobile,Basic,Gyeonggi,electronics,email,Explorer
CUST-002818,2023-09-29,46.0,10,11.69,5,1,0.066,0.722,13.9,desktop,Gold,Gyeonggi,beauty,push|sms,Bargain
CUST-002819,2024-12-25,33.0,10,28.43,7,8,0.056,0.371,7.1,mobile,Silver,Seoul,electronics,email|sms,Loyal
CUST-002820,2025-12-20,21.0,8,20.63,8,4,0.144,0.527,15.4,desktop,Basic,Daejeon,home,email|sms,Bargain
CUST-002821,2023-12-28,36.0,6,15.75,4,7,0.307,0.548,18.0,mobile,Basic,Gyeonggi,fashion,email|sms,Explorer
CUST-002822,2023-05-28,49.0,10,23.68,6,3,0.23,0.723,1.7,mobile,Basic,Daegu,sports,email,Bargain
CUST-002823,2022-12-13,35.0,7,17.87,5,3,0.212,0.581,12.3,mobile,Basic,Daegu,fashion,push|sms,Bargain
CUST-002824,2026-06-09,38.0,8,6.36,9,3,0.09,0.083,15.8,mobile,Basic,Seoul,beauty,push,Bargain
CUST-002825,2026-04-21,45.0,9,15.63,5,3,0.041,0.159,16.1,mobile,Silver,Gyeonggi,sports,sms,Bargain
CUST-002826,2023-11-03,18.0,11,7.99,8,3,0.277,0.208,34.0,mobile,Silver,Daegu,sports,email|sms,Bargain
CUST-002827,2025-06-19,46.0,12,44.02,8,5,0.473,0.183,6.2,mobile,Gold,Gyeonggi,electronics,email,Explorer
CUST-002828,2025-02-18,41.0,10,14.76,2,2,0.235,0.215,10.8,mobile,Basic,Seoul,beauty,email,Explorer
CUST-002829,2023-12-08,41.0,11,17.14,4,5,0.325,0.134,6.1,mobile,Gold,Busan,electronics,push,Explorer
CUST-002830,2025-05-21,32.0,14,29.73,3,4,0.145,0.497,5.9,mobile,Basic,Gyeonggi,electronics,email|sms,Explorer
CUST-002831,2024-01-29,50.0,6,14.01,2,2,0.157,0.812,6.4,desktop,Silver,Busan,fashion,email,Explorer
CUST-002832,2023-03-26,29.0,14,43.45,14,7,0.049,0.355,7.8,desktop,Basic,Seoul,fashion,sms,Explorer
CUST-002833,2022-12-24,33.0,6,15.05,4,6,0.243,0.454,27.4,desktop,Basic,Seoul,fashion,push,Bargain
CUST-002834,2024-03-25,41.0,11,11.86,7,4,0.023,0.709,13.3,mobile,Basic,Daejeon,sports,email|sms,Explorer
CUST-002835,2024-01-24,36.0,8,30.64,13,3,0.123,0.537,23.5,mobile,Basic,Seoul,fashion,sms,Explorer
CUST-002836,2023-01-29,39.0,8,10.05,6,2,0.313,0.47,19.8,desktop,Gold,Seoul,electronics,push|sms,Explorer
CUST-002837,2024-05-20,51.0,11,11.17,5,3,0.174,0.15,13.2,desktop,Silver,Seoul,beauty,email,Loyal
CUST-002838,2026-01-14,55.0,7,20.07,3,3,0.011,0.149,12.6,desktop,Silver,Busan,sports,email|push,Loyal
CUST-002839,2022-06-26,57.0,4,14.52,5,6,0.204,0.223,21.6,mobile,Basic,Gyeonggi,fashion,sms,Loyal
CUST-002840,2023-04-16,31.0,9,24.56,12,1,0.159,0.195,10.8,desktop,Basic,Gyeonggi,sports,sms,Bargain
CUST-002841,2023-10-22,44.0,7,3.98,5,4,0.304,0.263,16.0,mobile,Silver,Seoul,fashion,sms,Explorer
CUST-002842,2023-04-09,18.0,6,15.75,6,3,0.204,0.601,8.5,mobile,Basic,Seoul,beauty,push|sms,Explorer
CUST-002843,2025-03-22,34.0,8,13.92,6,4,0.171,0.484,19.1,mobile,Silver,Busan,fashion,push,Explorer
CUST-002844,2025-03-17,33.0,4,8.03,6,2,0.51,0.663,26.3,mobile,Basic,Seoul,home,push,At_Risk
CUST-002845,2024-03-04,56.0,4,11.34,6,7,0.335,0.373,4.8,mobile,Basic,Gyeonggi,home,sms,Loyal
CUST-002846,2024-10-04,20.0,11,26.11,2,5,0.208,0.742,17.5,mobile,Basic,Daejeon,sports,email|push|sms,Bargain
CUST-002847,2024-12-23,37.0,11,22.73,6,4,0.116,0.455,1.6,mobile,Basic,Gyeonggi,fashion,push,Bargain
CUST-002848,2024-10-31,45.0,9,13.93,5,3,0.064,0.43,11.2,desktop,Basic,Gyeonggi,fashion,push|sms,Bargain
CUST-002849,2022-02-21,23.0,10,7.52,6,1,0.202,0.257,5.0,desktop,Basic,Seoul,electronics,push,Bargain
CUST-002850,2022-09-23,43.0,12,7.91,6,7,0.106,0.442,9.8,tablet,Basic,Seoul,home,push,Loyal
CUST-002851,2025-05-06,55.0,6,29.91,10,7,0.132,0.471,15.9,desktop,Basic,Daegu,home,push,Explorer
CUST-002852,2022-09-12,37.0,11,33.13,9,4,0.165,0.582,5.3,mobile,Silver,Seoul,sports,email|push,Bargain
CUST-002853,2025-07-14,25.0,13,10.44,7,4,0.407,0.75,8.5,desktop,Basic,Busan,fashion,email|push|sms,Bargain
CUST-002854,2026-07-06,48.0,3,15.87,7,3,0.089,0.189,8.6,desktop,Basic,Busan,fashion,sms,Explorer
CUST-002855,2022-03-01,21.0,5,39.29,8,4,0.085,0.481,4.8,mobile,Basic,Daegu,home,push,Explorer
CUST-002856,2024-10-27,46.0,10,31.07,9,0,0.26,0.53,20.2,mobile,Basic,Seoul,fashion,sms,Bargain
CUST-002857,2025-06-20,44.0,7,27.3,8,4,0.047,0.371,5.1,mobile,Basic,Busan,beauty,email,Explorer
CUST-002858,2025-07-08,47.0,7,9.75,7,4,0.077,0.442,14.1,mobile,Basic,Daegu,fashion,email,Bargain
CUST-002859,2023-01-03,34.0,10,13.94,10,2,0.209,0.311,23.4,desktop,Silver,Seoul,electronics,sms,Bargain
CUST-002860,2025-07-27,51.0,5,20.34,9,8,0.034,0.445,11.4,mobile,Basic,Gyeonggi,fashion,email|push|sms,Loyal
CUST-002861,2025-01-10,43.0,8,39.8,7,3,0.3,0.714,9.5,mobile,Basic,Daegu,beauty,push,Explorer
CUST-002862,2026-06-06,53.0,6,13.49,6,6,0.261,0.591,48.3,mobile,Basic,Gyeonggi,electronics,email,Bargain
CUST-002863,2024-05-31,43.0,9,43.74,9,1,0.129,0.353,21.5,desktop,Silver,Seoul,fashion,push|sms,Bargain
CUST-002864,2022-07-13,23.0,10,38.49,4,3,0.259,0.713,6.7,mobile,Basic,Gyeonggi,fashion,push,Bargain
CUST-002865,2024-04-21,44.0,8,12.19,7,6,0.133,0.274,16.7,tablet,Silver,Busan,home,email,Loyal
CUST-002866,2023-08-07,34.0,6,199.81,7,3,0.104,0.351,10.5,mobile,Basic,Seoul,home,email,Explorer
CUST-002867,2024-07-16,42.0,8,42.81,6,6,0.18,0.672,10.1,mobile,Silver,Busan,electronics,push|sms,Loyal
CUST-002868,2025-11-28,41.0,9,12.69,6,4,0.141,0.266,18.9,mobile,Silver,Daegu,electronics,email|push|sms,Explorer
CUST-002869,2023-10-28,32.0,5,22.69,5,4,0.215,0.529,11.4,desktop,Silver,Seoul,home,push,Bargain
CUST-002870,2024-09-15,35.0,12,13.12,9,3,0.211,0.529,11.8,desktop,Silver,Seoul,beauty,email,Explorer
CUST-002871,2024-01-18,37.0,11,2.93,7,3,0.373,0.594,12.2,mobile,Gold,Busan,sports,email,Bargain
CUST-002872,2022-03-31,50.0,13,16.4,9,4,0.262,0.841,27.2,mobile,Gold,Busan,sports,push,Bargain
CUST-002873,2024-01-25,51.0,10,13.42,7,5,0.256,0.574,11.1,mobile,Basic,Daejeon,fashion,email,Bargain
CUST-002874,2025-02-07,39.0,9,15.31,12,2,0.174,0.92,32.3,desktop,Silver,Seoul,beauty,email,Bargain
CUST-002875,2022-06-23,41.0,7,23.5,11,5,0.151,0.678,1.2,desktop,Silver,Busan,electronics,email|push|sms,Bargain
CUST-002876,2023-05-09,42.0,10,9.72,6,5,0.147,0.63,6.0,desktop,Silver,Gyeonggi,electronics,sms,Bargain
CUST-002877,2024-10-31,34.0,8,13.86,3,1,0.231,0.285,43.1,desktop,Gold,Seoul,fashion,email,Explorer
CUST-002878,2023-01-24,28.0,7,12.66,5,4,0.175,0.265,2.4,mobile,Basic,Daejeon,electronics,sms,Bargain
CUST-002879,2023-08-02,49.0,7,48.71,3,5,0.183,0.497,16.0,mobile,Gold,Seoul,fashion,email|push|sms,Explorer
CUST-002880,2024-06-28,40.0,12,37.04,8,5,0.128,0.542,13.6,mobile,Basic,Daegu,electronics,sms,Explorer
CUST-002881,2026-04-04,51.0,4,13.84,5,3,0.136,0.378,50.3,mobile,Silver,Seoul,beauty,email,At_Risk
CUST-002882,2024-03-29,36.0,7,8.59,5,8,0.204,0.472,5.0,mobile,Silver,Seoul,electronics,email|push,Loyal
CUST-002883,2024-01-17,24.0,11,14.9,10,4,0.071,0.658,5.5,mobile,Basic,Busan,beauty,sms,Bargain
CUST-002884,2025-07-01,41.0,9,6.7,4,2,0.342,0.333,5.4,mobile,Basic,Gyeonggi,sports,email,Bargain
CUST-002885,2025-02-21,31.0,7,13.1,3,4,0.08,0.401,2.1,desktop,Basic,Busan,beauty,email,Loyal
CUST-002886,2023-12-04,45.0,11,2.0,6,5,0.121,0.295,39.1,mobile,Silver,Daejeon,beauty,email,Bargain
CUST-002887,2022-12-28,42.0,7,13.13,6,3,0.243,0.283,23.8,desktop,Silver,Gyeonggi,fashion,push,Loyal
CUST-002888,2023-01-27,58.0,7,22.16,7,6,0.279,0.479,10.0,desktop,Basic,Busan,beauty,email|push,Explorer
CUST-002889,2025-07-08,31.0,1,37.3,2,7,0.03,0.587,1.5,tablet,Basic,Busan,home,email|sms,Loyal
CUST-002890,2023-07-19,63.0,8,11.59,5,9,0.061,0.646,12.9,mobile,Basic,Busan,home,sms,Loyal
CUST-002891,2024-01-24,33.0,7,19.8,4,6,0.126,0.246,9.4,mobile,Silver,Seoul,beauty,push,Loyal
CUST-002892,2022-12-25,50.0,10,16.18,8,6,0.341,0.3,14.1,mobile,Gold,Gyeonggi,fashion,push,Loyal
CUST-002893,2022-01-13,49.0,13,22.5,8,2,0.202,0.601,11.0,mobile,Basic,Gyeonggi,sports,email,Bargain
CUST-002894,2024-09-17,35.0,11,14.13,6,2,0.156,0.397,2.5,desktop,Basic,Daegu,beauty,push,Bargain
CUST-002895,2025-01-02,37.0,12,10.02,5,3,0.122,0.336,9.8,desktop,Silver,Daegu,fashion,email|push,Bargain
CUST-002896,2024-02-15,18.0,9,10.12,9,3,0.07,0.322,9.6,tablet,Basic,Seoul,sports,email|push|sms,Bargain
CUST-002897,2024-08-20,42.0,9,8.5,2,1,0.247,0.36,10.9,mobile,Silver,Daejeon,home,push,Bargain
CUST-002898,2022-03-13,41.0,10,28.91,10,0,0.05,0.71,8.8,mobile,Silver,Daegu,fashion,push,Bargain
CUST-002899,2023-03-19,37.0,9,25.56,5,5,0.102,0.447,3.8,desktop,Gold,Gyeonggi,electronics,push,Loyal
CUST-002900,2024-02-09,46.0,5,31.54,6,2,0.343,0.279,42.5,mobile,Silver,Daegu,sports,email,Explorer
CUST-002901,2022-07-06,49.0,7,13.7,5,2,0.207,0.298,24.9,mobile,Basic,Gyeonggi,electronics,email|push,Bargain
CUST-002902,2022-01-13,44.0,7,7.37,6,6,0.27,0.343,3.6,mobile,Silver,Daegu,fashion,email,Bargain
CUST-002903,2023-07-28,32.0,11,6.43,8,6,0.122,0.756,16.5,mobile,Basic,Busan,electronics,sms,Bargain
CUST-002904,2024-11-14,40.0,7,13.28,7,3,0.387,0.74,23.3,mobile,Gold,Busan,beauty,push,Bargain
CUST-002905,2025-09-22,37.0,7,10.97,13,2,0.105,0.474,7.9,mobile,Basic,Daejeon,home,email|sms,Bargain
CUST-002906,2024-11-30,29.0,10,31.19,7,5,0.075,0.726,2.3,desktop,Basic,Seoul,sports,sms,Bargain
CUST-002907,2024-09-02,24.0,8,12.68,8,4,0.183,0.693,7.1,mobile,Silver,Seoul,fashion,email,Bargain
CUST-002908,2024-09-24,34.0,6,33.99,4,3,0.163,0.531,4.6,mobile,Silver,Daegu,home,push,Explorer
CUST-002909,2023-12-01,40.0,9,5.94,7,4,0.586,0.615,3.8,mobile,Silver,Gyeonggi,beauty,email|push|sms,Bargain
CUST-002910,2025-08-16,52.0,5,13.48,10,4,0.037,0.273,15.6,mobile,Silver,Gyeonggi,beauty,push,Loyal
CUST-002911,2024-05-23,29.0,11,44.37,6,5,0.27,0.417,13.4,mobile,Basic,Gyeonggi,beauty,sms,Explorer
CUST-002912,2026-05-09,36.0,9,18.49,3,3,0.214,0.377,7.7,desktop,Silver,Busan,fashion,email|sms,Explorer
CUST-002913,2022-10-27,30.0,5,6.77,6,7,0.395,0.78,12.3,mobile,Basic,Gyeonggi,beauty,sms,Loyal
CUST-002914,2022-06-24,29.0,16,35.43,5,2,0.472,0.635,20.8,tablet,Gold,Seoul,fashion,push,Explorer
CUST-002915,2024-10-10,38.0,14,20.47,9,4,0.135,0.277,15.8,desktop,Basic,Seoul,sports,email,Bargain
CUST-002916,2023-10-05,28.0,8,25.8,7,4,0.068,0.02,12.9,mobile,Silver,Daegu,fashion,email|push|sms,Explorer
CUST-002917,2023-08-29,51.0,11,11.0,5,5,0.203,0.435,9.1,mobile,Silver,Daejeon,beauty,email|push|sms,Bargain
CUST-002918,2022-06-15,59.0,7,9.98,9,5,0.089,0.421,8.0,mobile,Basic,Seoul,beauty,email|sms,Loyal
CUST-002919,2024-12-21,26.0,17,23.97,5,7,0.333,0.224,8.2,mobile,Gold,Busan,fashion,push,Loyal
CUST-002920,2025-07-09,30.0,9,16.69,8,1,0.074,0.075,15.7,desktop,Basic,Daejeon,electronics,sms,Bargain
CUST-002921,2024-03-30,27.0,8,6.2,5,2,0.231,0.535,14.9,mobile,Basic,Busan,fashion,email,Bargain
CUST-002922,2022-04-30,23.0,13,27.63,4,6,0.522,0.601,4.1,mobile,Silver,Gyeonggi,fashion,email,Explorer
CUST-002923,2022-02-23,60.0,6,17.1,4,6,0.161,0.544,17.3,desktop,Basic,Daegu,home,email|push,Loyal
CUST-002924,2025-01-19,31.0,8,24.66,10,6,0.256,0.171,18.0,mobile,Silver,Daejeon,fashion,email,Bargain
CUST-002925,2024-03-20,30.0,5,28.69,4,4,0.179,0.392,27.4,mobile,Basic,Daejeon,fashion,email,Bargain
CUST-002926,2023-07-19,22.0,8,11.53,7,1,0.228,0.231,5.7,mobile,Gold,Gyeonggi,home,push,Bargain
CUST-002927,2022-08-29,48.0,9,12.14,4,5,0.236,0.549,26.3,desktop,Basic,Seoul,electronics,email,Bargain
CUST-002928,2025-10-28,41.0,5,6.86,5,2,0.415,0.429,13.3,desktop,Basic,Daegu,fashion,email|push,Explorer
CUST-002929,2023-07-30,52.0,10,6.62,3,3,0.038,0.608,5.8,desktop,Basic,Gyeonggi,sports,email|push,Bargain
CUST-002930,2025-10-01,52.0,8,15.06,7,4,0.162,0.488,3.3,mobile,Basic,Busan,sports,push,Bargain
CUST-002931,2026-07-11,42.0,11,35.03,6,1,0.149,0.122,10.5,mobile,Basic,Seoul,home,email,Explorer
CUST-002932,2025-10-13,44.0,8,30.99,5,4,0.1,0.642,8.1,mobile,Silver,Daejeon,fashion,email,Bargain
CUST-002933,2025-02-17,18.0,18,23.81,11,3,0.095,0.104,13.1,desktop,Silver,Busan,home,sms,Explorer
CUST-002934,2025-10-10,31.0,11,27.73,10,3,0.06,0.718,18.3,desktop,Silver,Daejeon,fashion,push,Bargain
CUST-002935,2023-05-09,51.0,4,31.95,7,2,0.137,0.237,5.2,mobile,Basic,Daegu,electronics,push,Explorer
CUST-002936,2023-09-17,41.0,10,13.58,8,5,0.261,0.465,15.0,mobile,Basic,Seoul,electronics,push|sms,Bargain
CUST-002937,2025-08-13,26.0,12,20.48,4,6,0.036,0.4,10.1,mobile,Basic,Busan,beauty,email|push,Explorer
CUST-002938,2025-03-14,39.0,10,11.0,7,4,0.073,0.352,7.9,tablet,Basic,Gyeonggi,beauty,sms,Bargain
CUST-002939,2022-02-19,24.0,9,12.92,6,5,0.05,0.706,6.5,desktop,Basic,Busan,sports,sms,Bargain
CUST-002940,2024-12-04,50.0,6,30.44,5,2,0.254,0.707,4.2,desktop,Basic,Busan,beauty,email|push,Explorer
CUST-002941,2022-02-25,60.0,14,9.19,6,4,0.208,0.485,5.6,mobile,Silver,Daejeon,electronics,email,Explorer
CUST-002942,2024-06-02,28.0,2,34.62,3,5,0.172,0.446,3.0,mobile,Basic,Daejeon,electronics,email|sms,Explorer
CUST-002943,2024-06-27,48.0,4,25.34,6,1,0.066,0.301,10.9,mobile,Silver,Seoul,sports,sms,Explorer
CUST-002944,2026-06-06,38.0,9,10.16,2,6,0.121,0.224,16.8,desktop,Silver,Gyeonggi,electronics,email|sms,Loyal
CUST-002945,2023-10-05,58.0,11,57.65,7,3,0.332,0.126,9.6,mobile,Basic,Gyeonggi,home,email,Explorer
CUST-002946,2023-07-15,46.0,10,25.32,7,3,0.045,0.492,10.6,desktop,Silver,Gyeonggi,electronics,email,Loyal
CUST-002947,2025-07-28,35.0,9,16.81,3,4,0.193,0.454,19.3,mobile,Basic,Seoul,home,email,Bargain
CUST-002948,2023-02-15,47.0,6,8.55,5,4,0.177,0.164,11.3,mobile,Basic,Seoul,fashion,push,Bargain
CUST-002949,2022-08-31,32.0,10,55.38,7,8,0.008,0.098,19.3,tablet,Basic,Gyeonggi,beauty,push,Explorer
CUST-002950,2023-05-21,25.0,11,20.15,8,4,0.024,0.688,13.1,desktop,Gold,Daegu,fashion,push,Bargain
CUST-002951,2026-03-16,23.0,4,29.47,3,4,0.262,0.801,2.9,mobile,Silver,Gyeonggi,electronics,push|sms,Explorer
CUST-002952,2024-09-29,36.0,9,13.42,6,2,0.125,0.135,3.1,mobile,Basic,Seoul,beauty,email|push,Explorer
CUST-002953,2025-04-26,31.0,12,18.72,1,5,0.24,0.508,0.9,desktop,Basic,Daegu,fashion,email|sms,Bargain
CUST-002954,2025-11-29,51.0,5,8.7,2,8,0.033,0.518,7.7,mobile,Basic,Seoul,beauty,email|push,Loyal
CUST-002955,2026-03-24,34.0,6,55.1,5,1,0.44,0.769,5.8,desktop,Basic,Seoul,beauty,push,Explorer
CUST-002956,2025-07-23,46.0,9,20.73,6,2,0.089,0.194,10.8,mobile,Gold,Gyeonggi,beauty,email|sms,Bargain
CUST-002957,2026-07-06,35.0,13,10.41,4,5,0.048,0.509,18.2,desktop,Basic,Seoul,home,email|push|sms,Loyal
CUST-002958,2024-12-18,35.0,9,42.48,5,4,0.072,0.712,8.6,desktop,Silver,Gyeonggi,fashion,email,Bargain
CUST-002959,2023-11-26,53.0,8,18.19,4,5,0.019,0.335,9.9,desktop,Basic,Daegu,electronics,push,Explorer
CUST-002960,2026-04-14,50.0,12,34.97,4,2,0.297,0.681,11.2,mobile,Gold,Daejeon,beauty,push,Explorer
CUST-002961,2024-02-25,37.0,13,28.88,4,4,0.361,0.722,13.2,tablet,Silver,Seoul,beauty,email|push,Explorer
CUST-002962,2025-09-21,41.0,11,16.92,3,3,0.268,0.522,7.5,desktop,Silver,Busan,electronics,email,Bargain
CUST-002963,2022-04-09,33.0,10,16.67,8,8,0.149,0.768,14.4,desktop,Basic,Daejeon,beauty,email,Bargain
CUST-002964,2023-08-05,48.0,7,21.08,10,7,0.438,0.652,8.4,mobile,Silver,Seoul,beauty,email,Explorer
CUST-002965,2024-11-09,46.0,16,21.19,8,6,0.229,0.63,3.5,mobile,Basic,Seoul,electronics,email,Explorer
CUST-002966,2025-04-27,30.0,9,27.38,7,5,0.151,0.348,13.7,mobile,Basic,Busan,electronics,push|sms,Explorer
CUST-002967,2024-02-18,31.0,14,22.44,2,4,0.022,0.779,10.0,desktop,Silver,Busan,beauty,email,Loyal
CUST-002968,2023-07-30,37.0,8,19.44,9,4,0.097,0.562,8.6,desktop,Silver,Daegu,fashion,email|push,Loyal
CUST-002969,2023-12-28,52.0,11,15.23,7,4,0.065,0.366,7.7,mobile,,Busan,fashion,email|push,Loyal
CUST-002970,2022-07-19,46.0,6,8.54,6,3,0.207,0.515,11.7,tablet,Gold,Gyeonggi,electronics,email|push,Loyal
CUST-002971,2025-09-16,62.0,7,14.08,4,2,0.077,0.311,8.0,mobile,Basic,Gyeonggi,electronics,email|push,Explorer
CUST-002972,2022-10-26,37.0,13,30.67,7,6,0.224,0.729,24.5,mobile,Basic,Gyeonggi,beauty,push,Explorer
CUST-002973,2026-07-22,36.0,5,41.0,6,4,0.049,0.274,7.1,desktop,Basic,Seoul,fashion,email,Loyal
CUST-002974,2025-04-06,37.0,13,15.38,6,6,0.102,0.515,1.6,mobile,Basic,Busan,fashion,email|push,Loyal
CUST-002975,2024-09-13,39.0,6,6.27,4,4,0.11,0.146,11.2,mobile,Silver,Seoul,beauty,email,Loyal
CUST-002976,2024-02-24,41.0,6,22.79,5,3,0.386,0.811,5.7,desktop,Silver,Gyeonggi,home,email,Bargain
CUST-002977,2025-10-23,32.0,12,10.93,6,2,0.023,0.534,9.1,mobile,Silver,Gyeonggi,beauty,push,Bargain
CUST-002978,2022-04-13,43.0,9,42.25,3,6,0.318,0.732,52.9,mobile,Basic,Seoul,home,push|sms,Explorer
CUST-002979,2022-02-09,51.0,6,22.75,4,3,0.084,0.301,6.8,mobile,Silver,Daegu,home,push|sms,Bargain
CUST-002980,2023-08-25,29.0,8,28.11,3,10,0.083,0.209,4.3,tablet,Silver,Seoul,beauty,sms,Loyal
CUST-002981,2022-06-20,20.0,8,24.68,5,5,0.058,0.25,30.6,mobile,Silver,Gyeonggi,beauty,push|sms,Bargain
CUST-002982,2023-05-20,28.0,4,28.44,5,4,0.121,0.692,5.3,mobile,Basic,Busan,sports,email,Bargain
CUST-002983,2025-11-18,39.0,13,34.4,4,6,0.181,0.559,2.8,mobile,Basic,Seoul,home,email|push|sms,Bargain
CUST-002984,2022-05-14,23.0,6,15.8,7,3,0.045,0.581,10.7,mobile,Basic,Seoul,beauty,email|push|sms,Bargain
CUST-002985,2023-11-02,33.0,5,20.23,1,2,0.299,0.767,10.0,desktop,Silver,Gyeonggi,electronics,email|push,Explorer
CUST-002986,2024-08-25,20.0,6,36.89,9,2,0.298,0.278,11.4,desktop,Silver,Gyeonggi,electronics,email,Explorer
CUST-002987,2026-04-30,34.0,15,15.03,5,3,0.267,0.444,8.3,mobile,Basic,Daegu,beauty,sms,Bargain
CUST-002988,2024-10-20,62.0,7,12.2,6,1,0.018,0.726,20.1,desktop,Basic,Gyeonggi,beauty,push,Bargain
CUST-002989,2024-01-26,45.0,11,35.26,5,6,0.182,0.649,25.7,mobile,Basic,Daejeon,beauty,push|sms,Explorer
CUST-002990,2023-07-24,43.0,5,7.44,8,5,0.277,0.627,6.2,mobile,Silver,Seoul,beauty,email,Bargain
CUST-002991,2022-07-22,27.0,8,14.85,6,3,0.301,0.328,10.4,desktop,Gold,Gyeonggi,home,push,Bargain
CUST-002992,2023-04-02,35.0,6,18.09,6,7,0.348,0.188,32.1,tablet,Gold,Seoul,fashion,email|push,Loyal
CUST-002993,2025-03-05,49.0,4,9.02,8,2,0.568,0.506,10.2,desktop,Basic,Gyeonggi,electronics,sms,Explorer
CUST-002994,2024-02-27,23.0,9,18.36,5,6,0.2,0.403,22.2,mobile,Basic,Gyeonggi,fashion,push,Bargain
CUST-002995,2025-12-09,55.0,14,15.69,7,5,0.21,0.696,9.2,tablet,Gold,Gyeonggi,beauty,push,Bargain
CUST-002996,2024-07-03,36.0,11,26.46,3,6,0.235,0.269,10.7,mobile,Basic,Daegu,sports,email,Loyal
CUST-002997,2025-08-17,27.0,8,27.69,4,3,0.155,0.386,6.5,desktop,Silver,Seoul,beauty,push,Bargain
CUST-002998,2024-02-26,21.0,10,28.64,7,7,0.066,0.543,5.8,tablet,Basic,Daejeon,home,push,Loyal
CUST-002999,2025-04-18,31.0,8,34.57,7,3,0.222,0.247,11.8,mobile,Silver,Busan,beauty,email,Explorer
CUST-003000,2025-07-15,51.0,9,24.61,6,5,0.066,0.667,8.9,mobile,Silver,Gyeonggi,sports,email|push,Loyal
CUST-003001,2024-08-27,28.0,9,21.08,5,2,0.115,0.635,23.1,mobile,Gold,Seoul,fashion,push,Bargain
CUST-003002,2022-09-18,24.0,8,29.95,2,3,0.13,0.587,6.2,desktop,Basic,Daejeon,home,email,Explorer
CUST-003003,2024-12-17,33.0,10,43.63,6,3,0.139,0.313,3.0,mobile,Basic,Daejeon,fashion,sms,Bargain
CUST-003004,2025-06-05,30.0,11,7.66,7,3,0.251,0.688,18.2,mobile,Basic,Busan,beauty,push,Bargain
CUST-003005,2024-07-08,26.0,10,13.46,8,4,0.238,0.343,13.7,mobile,Basic,Seoul,electronics,email|sms,Loyal
CUST-003006,2024-09-24,34.0,10,17.51,8,0,0.073,0.281,6.0,desktop,Silver,Daejeon,electronics,email|push,Explorer
CUST-003007,2022-03-04,47.0,9,17.5,9,5,0.191,0.277,10.3,mobile,Basic,Seoul,sports,email|push|sms,Explorer
CUST-003008,2025-04-20,,9,9.17,3,3,0.118,0.953,1.3,desktop,Basic,Gyeonggi,beauty,push,Bargain
CUST-003009,2025-09-20,31.0,8,12.98,6,3,0.21,0.187,7.0,desktop,Basic,Gyeonggi,beauty,email,Bargain
CUST-003010,2023-02-09,38.0,7,14.79,6,5,0.286,0.369,14.2,desktop,Gold,Daejeon,beauty,email|push,Loyal
CUST-003011,2023-12-25,44.0,8,25.41,7,10,0.137,0.404,6.6,mobile,Silver,Seoul,home,push,Loyal
CUST-003012,2022-06-01,39.0,4,14.23,4,7,0.455,0.306,11.0,mobile,Silver,Busan,electronics,email,Explorer
CUST-003013,2026-01-04,41.0,11,4.82,3,5,0.051,0.223,4.6,mobile,Gold,Gyeonggi,electronics,push,Loyal
CUST-003014,2025-10-27,54.0,7,26.79,4,5,0.059,0.766,3.9,desktop,Basic,Seoul,fashion,email,Explorer
CUST-003015,2025-04-14,32.0,8,9.6,4,3,0.256,0.596,22.0,desktop,Gold,Gyeonggi,home,email,Bargain
CUST-003016,2024-08-02,42.0,11,7.76,4,6,0.102,0.639,29.0,desktop,Basic,Daegu,home,email,Bargain
CUST-003017,2025-06-19,18.0,10,17.87,4,2,0.017,0.727,12.2,tablet,Silver,Seoul,fashion,sms,Explorer
CUST-003018,2026-03-19,27.0,7,13.8,7,4,0.358,0.651,1.0,mobile,Silver,Busan,sports,email,Bargain
CUST-003019,2023-07-16,24.0,10,29.67,5,5,0.132,0.165,9.3,mobile,Gold,Seoul,sports,email,Explorer
CUST-003020,2025-04-24,36.0,11,235.45,7,5,0.304,0.69,14.2,mobile,Basic,Daejeon,electronics,push|sms,Explorer
CUST-003021,2025-12-10,31.0,11,21.3,7,2,0.089,0.033,3.6,desktop,Basic,Seoul,fashion,sms,Explorer
CUST-003022,2026-05-17,47.0,9,9.2,6,2,0.048,0.366,12.5,desktop,Basic,Gyeonggi,beauty,email,Explorer
CUST-003023,2024-02-21,43.0,7,13.61,3,1,0.236,0.414,12.5,tablet,Basic,Gyeonggi,home,push,Loyal
CUST-003024,2022-03-09,18.0,7,20.64,7,8,0.065,0.604,27.1,mobile,Silver,Seoul,home,email,Bargain
CUST-003025,2024-03-28,28.0,8,15.88,3,6,0.105,0.647,7.9,desktop,Silver,Seoul,home,sms,Loyal
CUST-003026,2022-02-07,32.0,7,11.58,7,2,0.264,0.404,46.1,desktop,Gold,Busan,fashion,email,Bargain
CUST-003027,2024-07-30,43.0,9,19.58,5,5,0.372,0.231,30.2,mobile,Silver,Daejeon,fashion,email,Explorer
CUST-003028,2023-03-10,48.0,9,24.52,10,3,0.355,0.807,14.2,desktop,Basic,Daegu,electronics,push,Bargain
CUST-003029,2024-03-01,22.0,8,45.23,5,5,0.161,0.247,34.5,desktop,Silver,Gyeonggi,beauty,email,Explorer
CUST-003030,2022-05-06,45.0,11,24.64,5,3,0.049,0.597,14.1,desktop,Silver,Busan,fashion,push|sms,Bargain
CUST-003031,2022-07-08,70.0,13,10.13,5,4,0.143,0.725,12.7,desktop,Silver,Seoul,beauty,sms,Bargain
CUST-003032,2022-11-01,62.0,9,34.43,10,3,0.283,0.741,22.8,desktop,Basic,Gyeonggi,electronics,push,Explorer
CUST-003033,2025-11-15,41.0,7,12.02,10,2,0.092,0.501,15.7,desktop,Basic,Seoul,electronics,email|push|sms,Bargain
CUST-003034,2023-04-25,18.0,6,12.02,9,3,0.097,0.528,10.3,mobile,Silver,Daegu,sports,sms,Bargain
CUST-003035,2022-08-30,63.0,13,12.74,8,4,0.254,0.293,23.1,mobile,Gold,Seoul,sports,email|push,Explorer
CUST-003036,2022-08-04,54.0,8,30.86,7,3,0.121,0.576,25.2,mobile,Gold,Gyeonggi,fashion,sms,Explorer
CUST-003037,2025-07-18,55.0,8,25.54,6,1,0.045,0.489,14.5,desktop,Gold,Seoul,fashion,push,Explorer
CUST-003038,2025-07-20,24.0,16,8.47,5,4,0.078,0.501,9.8,mobile,Silver,Busan,beauty,email|sms,Loyal
CUST-003039,2026-05-01,32.0,8,18.11,9,4,0.074,0.372,5.9,mobile,Gold,Daegu,beauty,sms,Loyal
CUST-003040,2022-02-04,31.0,6,25.92,6,4,0.073,0.358,33.9,mobile,Silver,Gyeonggi,fashion,email,Explorer
CUST-003041,2024-01-18,51.0,7,15.51,7,5,0.011,0.315,11.8,mobile,Silver,Gyeonggi,beauty,push,Bargain
CUST-003042,2024-01-05,61.0,3,11.1,6,4,0.257,0.716,16.2,desktop,Silver,Seoul,beauty,email,Loyal
CUST-003043,2023-10-08,49.0,10,8.64,4,2,0.361,0.21,3.0,mobile,Basic,Gyeonggi,fashion,push|sms,Bargain
CUST-003044,2026-01-11,36.0,3,13.84,8,7,0.122,0.774,17.8,mobile,Silver,Seoul,beauty,email,Bargain
CUST-003045,2022-04-05,21.0,5,5.13,5,3,0.435,0.452,7.0,mobile,Gold,Gyeonggi,home,email|push,Bargain
CUST-003046,2022-11-03,60.0,18,9.98,5,3,0.125,0.449,5.6,desktop,Basic,Seoul,home,sms,Bargain
CUST-003047,2025-05-29,52.0,9,17.4,5,2,0.232,0.613,49.6,mobile,Basic,Seoul,beauty,push,At_Risk
CUST-003048,2025-09-25,26.0,8,26.47,8,3,0.173,0.429,19.6,mobile,Basic,Busan,home,sms,Explorer
CUST-003049,2022-11-25,32.0,8,26.67,7,5,0.171,0.72,8.8,mobile,Basic,Gyeonggi,home,email|sms,Bargain
CUST-003050,2023-10-14,55.0,11,14.28,3,4,0.507,0.693,3.9,mobile,Basic,Busan,beauty,email,Bargain
CUST-003051,2022-07-06,28.0,9,5.4,6,2,0.18,0.352,17.3,mobile,Basic,Gyeonggi,home,email|push,Bargain
CUST-003052,2026-01-18,32.0,14,18.45,9,5,0.184,0.529,12.4,mobile,Basic,Seoul,home,email|push,Bargain
CUST-003053,2025-12-03,44.0,9,21.03,6,5,0.335,0.711,5.3,mobile,Basic,Busan,electronics,push,Bargain
CUST-003054,2022-08-25,44.0,8,13.85,4,3,0.241,0.144,3.2,mobile,Basic,Daegu,fashion,email|push,Bargain
CUST-003055,2025-06-11,20.0,9,4.11,6,5,0.191,0.522,17.4,mobile,Basic,Daejeon,electronics,email,Explorer
CUST-003056,2023-05-27,44.0,9,22.16,4,8,0.217,0.54,2.9,mobile,Basic,Busan,home,push,Loyal
CUST-003057,2022-05-22,50.0,7,12.35,8,8,0.296,0.483,2.4,desktop,Silver,Seoul,home,email,Loyal
CUST-003058,2025-11-04,58.0,13,21.63,6,3,0.182,0.719,2.4,mobile,Basic,Gyeonggi,home,email,Bargain
CUST-003059,2025-03-19,42.0,10,22.25,3,0,0.286,0.324,9.6,desktop,Basic,Daegu,beauty,push,Explorer
CUST-003060,2022-02-25,42.0,10,19.95,2,4,0.11,0.57,7.3,desktop,Basic,Daejeon,electronics,push,Explorer
CUST-003061,2024-01-07,42.0,6,11.12,6,6,0.19,0.819,4.6,desktop,Basic,Gyeonggi,home,email|push,Bargain
CUST-003062,2023-03-23,42.0,8,11.07,3,3,0.107,0.361,9.0,desktop,Basic,Seoul,electronics,sms,Bargain
CUST-003063,2022-02-15,54.0,8,12.96,8,3,0.027,0.538,11.0,desktop,Basic,Gyeonggi,electronics,email|sms,Loyal
CUST-003064,2025-04-03,42.0,9,8.86,6,6,0.317,0.448,6.6,mobile,Basic,Daegu,electronics,email|push,Explorer
CUST-003065,2023-10-24,18.0,7,16.33,7,4,0.289,0.637,7.7,mobile,Gold,Gyeonggi,sports,email|push|sms,Loyal
CUST-003066,2026-03-03,47.0,5,6.75,6,5,0.397,0.443,7.2,mobile,Basic,Busan,beauty,push,Bargain
CUST-003067,2022-10-18,34.0,10,14.53,10,8,0.119,0.319,15.9,desktop,Basic,Daejeon,sports,push,Explorer
CUST-003068,2023-07-04,18.0,11,7.13,6,2,0.244,0.678,9.8,desktop,Basic,Daejeon,fashion,email|sms,Bargain
CUST-003069,2026-04-25,38.0,10,25.21,11,7,0.3,0.153,9.1,mobile,Basic,Gyeonggi,fashion,sms,Loyal
CUST-003070,2025-08-23,25.0,4,15.0,3,4,0.102,0.028,6.9,desktop,Basic,Gyeonggi,beauty,push|sms,Loyal
CUST-003071,2024-02-06,45.0,7,8.6,5,1,0.265,0.627,9.8,desktop,,Seoul,home,email,Explorer
CUST-003072,2025-05-15,39.0,11,15.61,6,5,0.02,0.406,27.2,mobile,Gold,Daegu,beauty,push|sms,Loyal
CUST-003073,2023-11-13,42.0,11,15.0,4,3,0.334,0.707,23.7,mobile,Silver,Busan,fashion,sms,Bargain
CUST-003074,2024-01-28,41.0,14,22.34,12,7,0.251,0.575,11.8,mobile,Silver,Seoul,fashion,sms,Loyal
CUST-003075,2022-08-13,69.0,7,6.1,7,2,0.171,0.475,0.7,mobile,Basic,Busan,fashion,email,Bargain
CUST-003076,2025-01-27,20.0,4,35.19,2,5,0.152,0.604,2.8,mobile,Silver,Daegu,electronics,email,Bargain
CUST-003077,2023-10-22,31.0,6,13.52,3,5,0.276,0.403,22.2,mobile,Gold,Gyeonggi,fashion,email,Loyal
CUST-003078,2026-07-27,28.0,11,7.32,3,0,0.035,0.579,0.9,desktop,Silver,Daegu,sports,email,Bargain
CUST-003079,2022-01-29,54.0,14,29.34,4,5,0.035,0.157,18.2,desktop,Basic,Seoul,beauty,email,Explorer
CUST-003080,2023-01-24,47.0,5,22.15,6,3,0.302,0.51,4.1,tablet,Silver,Seoul,fashion,sms,Bargain
CUST-003081,2026-05-27,19.0,14,5.98,4,4,0.049,0.432,3.2,mobile,Silver,Gyeonggi,fashion,sms,Bargain
CUST-003082,2025-09-18,34.0,12,32.68,5,5,0.315,0.237,30.3,mobile,Basic,Gyeonggi,fashion,email,Explorer
CUST-003083,2022-01-03,37.0,11,40.1,6,2,0.117,0.294,15.5,mobile,Gold,Daegu,electronics,push,Explorer
CUST-003084,2022-08-19,23.0,9,10.98,7,4,0.281,0.215,14.3,desktop,Basic,Seoul,sports,sms,Explorer
CUST-003085,2022-10-12,31.0,8,10.33,3,3,0.058,0.15,11.2,mobile,Basic,Busan,home,sms,Bargain
CUST-003086,2023-05-23,38.0,13,20.09,6,2,0.206,0.798,21.6,desktop,Silver,Gyeonggi,fashion,push,Bargain
CUST-003087,2025-05-23,26.0,12,10.7,6,1,0.1,0.316,10.8,mobile,Gold,Seoul,sports,push,Bargain
CUST-003088,2022-08-17,36.0,7,14.43,9,7,0.103,0.075,32.1,desktop,Gold,Daegu,fashion,push,Loyal
CUST-003089,2025-08-29,34.0,16,7.52,5,4,0.338,0.165,3.8,desktop,Basic,Seoul,home,email,Loyal
CUST-003090,2024-11-15,45.0,8,25.68,5,5,0.136,0.424,9.4,mobile,Basic,Daegu,electronics,email|sms,Explorer
CUST-003091,2023-12-07,34.0,8,15.24,5,5,0.213,0.397,32.6,tablet,Silver,Daejeon,home,email,Bargain
CUST-003092,2024-07-23,28.0,6,23.58,4,0,0.011,0.362,3.9,desktop,Basic,Seoul,electronics,email|push,Explorer
CUST-003093,2022-06-17,30.0,8,13.17,5,2,0.061,0.855,16.8,desktop,Silver,Gyeonggi,fashion,email,Bargain
CUST-003094,2023-05-02,37.0,10,8.06,7,4,0.173,0.75,7.0,mobile,Gold,Seoul,home,sms,Bargain
CUST-003095,2026-02-11,22.0,7,7.86,5,2,0.546,0.457,17.9,mobile,Silver,Busan,home,sms,Bargain
CUST-003096,2022-01-06,31.0,4,19.66,4,4,0.203,0.659,30.6,mobile,Basic,Daejeon,fashion,email,Bargain
CUST-003097,2022-01-31,33.0,9,5.43,8,3,0.328,0.987,7.3,mobile,Silver,Daegu,electronics,email|push|sms,Bargain
CUST-003098,2025-02-22,60.0,8,30.44,2,3,0.067,0.019,3.8,mobile,Gold,Gyeonggi,fashion,sms,Loyal
CUST-003099,2024-12-25,51.0,8,32.19,6,3,0.372,0.504,4.6,desktop,Gold,Seoul,fashion,push|sms,Loyal
CUST-003100,2022-06-11,50.0,8,9.13,10,5,0.261,0.23,2.4,mobile,Silver,Busan,fashion,push,Bargain
CUST-003101,2022-06-06,29.0,9,10.76,8,3,0.077,0.411,18.8,mobile,Basic,Seoul,sports,push,Bargain
CUST-003102,2023-06-23,43.0,6,7.36,5,4,0.104,0.06,16.6,mobile,Basic,Seoul,home,push|sms,Bargain
CUST-003103,2022-07-11,51.0,13,9.08,4,8,0.097,0.239,2.4,mobile,Basic,Daegu,home,sms,Loyal
CUST-003104,2023-11-19,30.0,10,11.52,7,2,0.157,0.311,5.6,desktop,Basic,Busan,sports,push,Bargain
CUST-003105,2023-02-24,41.0,14,2.0,8,1,0.019,0.36,12.0,desktop,Basic,Gyeonggi,fashion,email|push|sms,Bargain
CUST-003106,2026-01-04,35.0,6,7.79,3,3,0.259,0.755,12.1,mobile,Basic,Busan,electronics,email,Bargain
CUST-003107,2022-08-12,25.0,4,188.39,6,3,0.104,0.511,20.3,mobile,Gold,Seoul,electronics,email|push,Explorer
CUST-003108,2024-09-16,46.0,7,13.46,7,3,0.044,0.387,14.2,mobile,Basic,Seoul,beauty,push,Explorer
CUST-003109,2022-09-21,30.0,14,10.58,3,5,0.099,0.592,18.4,mobile,Silver,Gyeonggi,sports,email,Loyal
CUST-003110,2023-08-12,33.0,7,13.64,7,4,0.235,0.34,32.1,desktop,Gold,Seoul,sports,email,Loyal
CUST-003111,2025-12-17,35.0,9,6.47,4,4,0.191,0.605,8.0,mobile,Basic,Seoul,electronics,email|push|sms,Explorer
CUST-003112,2022-02-01,51.0,7,17.51,9,2,0.113,0.432,19.3,mobile,Silver,Gyeonggi,fashion,sms,Bargain
CUST-003113,2022-05-01,45.0,9,13.43,6,3,0.008,0.46,3.2,mobile,Silver,Seoul,sports,email,Bargain
CUST-003114,2022-01-23,33.0,7,32.31,4,4,0.366,0.406,13.8,mobile,Silver,Daejeon,sports,push|sms,Explorer
CUST-003115,2023-07-22,41.0,9,21.28,7,3,0.028,0.526,14.9,mobile,Basic,Seoul,beauty,email|sms,Explorer
CUST-003116,2024-12-02,18.0,6,14.96,7,4,0.226,0.405,34.2,mobile,Basic,Gyeonggi,fashion,push,At_Risk
CUST-003117,2022-09-29,31.0,8,2.0,7,2,0.435,0.35,16.6,desktop,Gold,Gyeonggi,beauty,email|push,Bargain
CUST-003118,2026-03-05,51.0,8,12.2,3,4,0.022,0.127,11.5,mobile,Basic,Gyeonggi,electronics,sms,Explorer
CUST-003119,2022-10-29,43.0,7,18.96,4,3,0.126,0.419,11.6,desktop,Basic,Gyeonggi,fashion,push,Explorer
CUST-003120,2026-03-13,42.0,13,32.61,6,4,0.019,0.655,16.4,mobile,Basic,Seoul,fashion,email|push,Bargain
CUST-003121,2026-04-25,41.0,4,27.53,8,6,0.083,0.549,6.1,desktop,Silver,Daegu,electronics,email,Bargain
CUST-003122,2022-02-20,39.0,10,17.38,3,2,0.19,0.675,42.5,mobile,Silver,Busan,beauty,sms,Bargain
CUST-003123,2022-05-07,39.0,5,21.93,3,5,0.138,0.565,10.7,mobile,Silver,Daegu,sports,sms,Explorer
CUST-003124,2022-08-23,39.0,13,19.26,6,1,0.119,0.701,9.1,mobile,Basic,Seoul,sports,push,Bargain
CUST-003125,2022-03-30,18.0,10,27.92,6,1,0.224,0.235,13.8,mobile,Basic,Seoul,sports,email|push|sms,Bargain
CUST-003126,2026-06-09,18.0,5,24.49,10,3,0.248,0.517,5.7,mobile,Basic,Busan,fashion,email|sms,Bargain
CUST-003127,2023-08-29,23.0,10,29.24,2,2,0.155,0.479,13.8,desktop,Silver,Daegu,electronics,email|push|sms,Explorer
CUST-003128,2023-04-01,55.0,5,6.67,5,3,0.042,0.615,6.3,desktop,Basic,Daegu,home,sms,Bargain
CUST-003129,2024-11-25,22.0,6,21.18,6,8,0.194,0.487,12.8,desktop,Basic,Gyeonggi,beauty,sms,Loyal
CUST-003130,2025-10-14,55.0,13,7.02,6,5,0.292,0.277,25.3,mobile,Basic,Seoul,electronics,email|push,Explorer
CUST-003131,2024-03-02,47.0,7,37.45,9,4,0.22,0.445,26.2,mobile,Basic,Gyeonggi,electronics,email|sms,Explorer
CUST-003132,2022-04-06,26.0,11,20.98,9,6,0.266,0.582,23.0,tablet,Gold,Gyeonggi,electronics,email,Explorer
CUST-003133,2024-02-19,52.0,9,9.13,3,3,0.035,0.621,19.3,mobile,Silver,Daegu,electronics,email|sms,Loyal
CUST-003134,2022-11-16,29.0,10,19.86,4,4,0.161,0.293,6.4,mobile,Basic,Daegu,electronics,push,Explorer
CUST-003135,2023-12-20,43.0,4,12.04,4,4,0.252,0.399,17.2,desktop,Gold,Daejeon,electronics,push,Bargain
CUST-003136,2026-06-23,50.0,7,16.41,6,7,0.198,0.177,10.5,mobile,Basic,Daegu,electronics,push,Loyal
CUST-003137,2023-07-06,50.0,7,27.5,11,6,0.113,0.148,13.0,mobile,Silver,Busan,electronics,email,Explorer
CUST-003138,2024-07-01,31.0,6,7.53,6,3,0.117,0.401,5.2,desktop,Silver,Seoul,fashion,email|push,Loyal
CUST-003139,2024-04-30,35.0,11,26.08,6,3,0.253,0.412,11.3,desktop,Basic,Busan,beauty,push|sms,Bargain
CUST-003140,2024-12-24,41.0,7,18.13,5,1,0.021,0.475,28.1,mobile,Basic,Busan,home,sms,Explorer
CUST-003141,2022-03-03,41.0,11,11.57,6,5,0.418,0.567,12.4,mobile,Silver,Busan,fashion,email|push,Bargain
CUST-003142,2023-11-19,32.0,11,10.67,7,2,0.04,0.541,19.0,mobile,Gold,Daegu,fashion,email,Bargain
CUST-003143,2023-04-08,30.0,8,19.28,7,4,0.125,0.515,19.0,mobile,Silver,Gyeonggi,electronics,email,Explorer
CUST-003144,2026-03-10,46.0,7,10.28,9,2,0.361,0.437,2.2,mobile,Basic,Seoul,fashion,push,Bargain
CUST-003145,2024-03-21,53.0,12,35.86,3,2,0.249,0.799,7.9,mobile,Gold,Busan,fashion,push,Explorer
CUST-003146,2026-04-24,25.0,9,10.93,2,4,0.032,0.695,11.7,mobile,Gold,Gyeonggi,fashion,email,Loyal
CUST-003147,2024-07-24,28.0,12,6.61,3,5,0.504,0.721,9.7,mobile,Basic,Seoul,fashion,email|push|sms,Bargain
CUST-003148,2024-06-19,29.0,12,14.38,4,7,0.048,0.255,39.0,mobile,Gold,Busan,electronics,email|push,Loyal
CUST-003149,2026-07-15,45.0,11,54.78,4,3,0.359,0.593,22.3,mobile,Basic,Gyeonggi,electronics,push,Explorer
CUST-003150,2025-05-05,39.0,8,23.12,5,6,0.172,0.534,20.0,desktop,Basic,Gyeonggi,fashion,push,Loyal
CUST-003151,2023-09-07,45.0,12,29.35,8,4,0.18,0.09,4.0,desktop,Basic,Seoul,fashion,email|push,Explorer
CUST-003152,2024-08-29,50.0,6,9.74,8,5,0.121,0.077,4.5,mobile,Basic,Busan,sports,sms,Bargain
CUST-003153,2023-04-30,35.0,13,32.49,5,6,0.077,0.255,22.3,mobile,Basic,Daegu,sports,email|push|sms,Explorer
CUST-003154,2025-05-03,38.0,12,28.91,6,4,0.394,0.538,27.6,mobile,Basic,Busan,home,email,Explorer
CUST-003155,2023-07-31,33.0,10,15.53,8,4,0.073,0.256,19.3,desktop,Basic,Busan,fashion,email,Bargain
CUST-003156,2022-04-07,26.0,12,18.62,2,3,0.133,0.45,13.5,desktop,Silver,Busan,beauty,email,Explorer
CUST-003157,2023-02-10,33.0,9,15.91,3,3,0.112,0.735,5.1,mobile,Silver,Seoul,fashion,sms,Bargain
CUST-003158,2023-06-16,26.0,12,18.08,9,4,0.145,0.251,13.3,mobile,Silver,Busan,electronics,email|sms,Bargain
CUST-003159,2025-02-13,40.0,8,8.34,5,2,0.247,0.142,35.3,desktop,Basic,Busan,electronics,push|sms,Explorer
CUST-003160,2025-03-11,38.0,8,27.14,8,2,0.038,0.692,9.9,desktop,Silver,Busan,beauty,email,Explorer
CUST-003161,2024-12-29,44.0,8,9.9,7,3,0.207,0.689,10.2,mobile,Basic,Gyeonggi,home,email|push,Bargain
CUST-003162,2023-10-31,32.0,14,33.1,7,5,0.025,0.188,8.1,tablet,Basic,Gyeonggi,electronics,email,Explorer
CUST-003163,2022-03-26,39.0,7,36.05,6,1,0.039,0.478,11.6,desktop,Basic,Seoul,fashion,sms,Explorer
CUST-003164,2024-10-26,36.0,10,19.31,3,3,0.418,0.63,5.3,desktop,Silver,Seoul,sports,sms,Explorer
CUST-003165,2025-03-01,63.0,10,30.13,5,4,0.266,0.688,10.8,mobile,Basic,Daegu,electronics,push|sms,Explorer
CUST-003166,2023-10-06,41.0,9,27.08,5,3,0.275,0.314,5.0,desktop,Silver,Daejeon,fashion,push|sms,Explorer
CUST-003167,2023-01-17,22.0,5,37.64,7,2,0.079,0.383,2.5,desktop,Basic,Busan,electronics,sms,Explorer
CUST-003168,2026-05-04,30.0,9,27.88,5,7,0.049,0.237,24.4,mobile,Basic,Daejeon,beauty,sms,Explorer
CUST-003169,2022-03-14,34.0,9,41.99,4,3,0.06,0.432,3.8,desktop,Silver,Daejeon,fashion,email|push,Explorer
CUST-003170,2023-03-19,,5,9.97,3,2,0.016,0.398,21.3,mobile,Basic,Daegu,beauty,push,Bargain
CUST-003171,2025-07-27,29.0,4,41.95,6,5,0.3,0.585,13.1,desktop,Basic,Seoul,fashion,email,Bargain
CUST-003172,2022-03-25,27.0,11,36.46,6,1,0.096,0.387,12.0,mobile,Silver,Gyeonggi,fashion,push,Explorer
CUST-003173,2026-05-21,32.0,10,27.2,7,2,0.081,0.425,10.6,mobile,Basic,Seoul,beauty,email,Bargain
CUST-003174,2024-07-15,28.0,11,7.68,6,2,0.165,0.25,41.3,mobile,Silver,Daegu,electronics,sms,Explorer
CUST-003175,2022-10-31,38.0,8,15.61,11,4,0.582,0.486,6.7,tablet,Basic,Seoul,fashion,email,Bargain
CUST-003176,2022-06-27,19.0,8,27.35,11,2,0.224,0.529,10.3,mobile,Silver,Daegu,beauty,email,Explorer
CUST-003177,2024-07-28,32.0,7,3.36,4,3,0.151,0.147,18.5,desktop,Silver,Daegu,electronics,email|push,Explorer
CUST-003178,2023-10-25,30.0,13,15.05,7,6,0.045,0.328,19.8,tablet,Basic,Seoul,beauty,push,Explorer
CUST-003179,2024-08-13,39.0,11,43.6,4,1,0.116,0.265,19.5,tablet,Basic,Gyeonggi,fashion,email,Explorer
CUST-003180,2024-04-04,35.0,6,22.15,6,4,0.348,0.245,10.4,mobile,Basic,Daegu,fashion,push,Loyal
CUST-003181,2023-01-04,42.0,10,42.43,4,5,0.094,0.555,4.6,desktop,Silver,Daejeon,beauty,push,Explorer
CUST-003182,2023-10-10,28.0,11,33.65,7,5,0.427,0.336,9.5,mobile,Silver,Gyeonggi,sports,email|sms,Bargain
CUST-003183,2024-09-08,47.0,9,13.61,3,3,0.123,0.575,8.6,mobile,Basic,Busan,electronics,email,Explorer
CUST-003184,2023-04-10,33.0,5,22.57,7,1,0.122,0.707,7.5,desktop,Gold,Busan,electronics,email,Explorer
CUST-003185,2023-05-28,44.0,10,15.73,4,2,0.167,0.748,7.5,desktop,Basic,Busan,beauty,email,Bargain
CUST-003186,2023-04-30,46.0,8,16.25,6,0,0.166,0.685,3.4,mobile,Gold,Seoul,beauty,email,Explorer
CUST-003187,2023-12-20,24.0,8,52.56,5,4,0.471,0.195,22.6,desktop,Basic,Daegu,beauty,email|push,Explorer
CUST-003188,2024-08-31,28.0,9,8.93,3,1,0.185,0.319,24.7,desktop,Silver,Seoul,sports,email,Bargain
CUST-003189,2023-08-01,44.0,9,7.8,9,2,0.103,0.563,7.6,desktop,Silver,Daegu,beauty,email|sms,Bargain
CUST-003190,2025-07-18,31.0,11,11.78,5,6,0.121,0.493,11.8,desktop,Silver,Gyeonggi,sports,sms,Bargain
CUST-003191,2022-04-07,40.0,10,35.78,8,4,0.156,0.296,20.3,tablet,Gold,Gyeonggi,beauty,email,Explorer
CUST-003192,2022-06-19,35.0,8,38.67,8,3,0.484,0.305,10.9,mobile,Basic,Gyeonggi,fashion,email|sms,Explorer
CUST-003193,2026-03-15,39.0,7,26.23,8,5,0.152,0.206,10.1,mobile,Basic,Seoul,home,email,Explorer
CUST-003194,2022-02-16,47.0,5,7.16,5,1,0.209,0.491,30.6,mobile,Basic,Daegu,electronics,push,Bargain
CUST-003195,2025-01-02,24.0,12,10.55,6,3,0.111,0.644,3.1,mobile,Silver,Seoul,home,sms,Bargain
CUST-003196,2022-12-31,36.0,13,22.95,7,2,0.08,0.312,3.9,desktop,Basic,Gyeonggi,beauty,email,Bargain
CUST-003197,2025-05-14,19.0,12,27.1,8,3,0.189,0.463,3.5,mobile,Basic,Daegu,home,sms,Bargain
CUST-003198,2023-10-30,52.0,8,45.4,7,3,0.291,0.361,3.6,mobile,Gold,Seoul,sports,email,Explorer
CUST-003199,2026-02-17,29.0,8,5.91,4,6,0.07,0.405,16.6,mobile,Basic,Daegu,home,email|push,Bargain
CUST-003200,2023-02-16,42.0,4,10.76,4,6,0.136,0.258,0.4,tablet,Basic,Seoul,home,email,Loyal
CUST-003201,2025-10-03,50.0,11,18.87,3,4,0.224,0.402,2.4,mobile,Silver,Seoul,fashion,email,Explorer
CUST-003202,2022-03-30,,8,24.74,3,3,0.164,0.35,2.5,desktop,Silver,Gyeonggi,home,email,Bargain
CUST-003203,2026-07-30,30.0,5,23.72,5,5,0.223,0.636,13.5,desktop,Basic,Gyeonggi,beauty,email|push,Explorer
CUST-003204,2024-01-01,62.0,7,14.35,4,2,0.086,0.709,5.6,mobile,Basic,Daegu,sports,sms,Bargain
CUST-003205,2025-06-30,18.0,7,31.88,5,3,0.292,0.246,10.7,mobile,Basic,Daegu,home,email|push,Explorer
CUST-003206,2024-07-16,39.0,4,12.44,7,7,0.094,0.269,17.8,mobile,Basic,Gyeonggi,sports,push,Loyal
CUST-003207,2023-07-28,36.0,8,18.14,5,8,0.247,0.196,9.6,desktop,Silver,Busan,electronics,push,Loyal
CUST-003208,2026-01-26,39.0,11,213.64,5,3,0.038,0.822,18.1,desktop,Basic,Gyeonggi,beauty,push|sms,Bargain
CUST-003209,2024-04-11,42.0,6,19.46,6,4,0.211,0.438,7.4,desktop,Silver,Busan,fashion,push|sms,Explorer
CUST-003210,2023-03-03,53.0,6,19.26,3,2,0.425,0.535,19.7,desktop,Basic,Busan,beauty,sms,Bargain
CUST-003211,2023-04-30,40.0,14,14.94,1,1,0.053,0.347,10.4,mobile,Gold,Daejeon,fashion,email|push|sms,Loyal
CUST-003212,2024-03-19,24.0,15,3.13,9,5,0.105,0.434,15.2,tablet,Gold,Seoul,home,email,Bargain
CUST-003213,2023-02-21,36.0,7,33.94,7,3,0.195,0.29,13.3,desktop,Basic,Seoul,fashion,email|sms,Explorer
CUST-003214,2025-06-12,51.0,6,10.7,7,1,0.16,0.459,24.5,mobile,Silver,Gyeonggi,home,email,Bargain
CUST-003215,2025-12-05,23.0,6,29.54,6,8,0.228,0.636,4.2,mobile,Basic,Seoul,beauty,push,Loyal
CUST-003216,2022-09-01,46.0,10,21.87,7,1,0.07,0.25,6.5,mobile,Basic,Seoul,fashion,push|sms,Bargain
CUST-003217,2023-07-29,62.0,10,16.98,2,5,0.141,0.607,22.5,mobile,Gold,Gyeonggi,sports,email,Loyal
CUST-003218,2025-03-27,23.0,10,6.12,11,3,0.168,0.313,21.9,mobile,Basic,Seoul,home,push,Bargain
CUST-003219,2026-05-31,21.0,12,13.8,8,5,0.097,0.528,10.5,tablet,Basic,Busan,home,push,Explorer
CUST-003220,2024-03-16,49.0,8,31.32,3,3,0.146,0.626,11.4,mobile,Silver,Seoul,sports,push,Explorer
CUST-003221,2025-04-21,26.0,7,7.45,5,2,0.412,0.53,12.4,desktop,Silver,Daejeon,electronics,email,Explorer
CUST-003222,2026-07-23,39.0,8,19.69,5,1,0.455,0.432,21.0,tablet,Basic,Seoul,sports,email,Bargain
CUST-003223,2026-03-09,44.0,10,27.98,5,3,0.339,0.273,12.1,mobile,Basic,Seoul,home,email,Explorer
CUST-003224,2022-02-05,38.0,8,14.1,7,2,0.168,0.541,28.1,mobile,Gold,Gyeonggi,beauty,email,Bargain
CUST-003225,2022-01-01,37.0,11,26.77,7,4,0.292,0.377,19.7,desktop,Silver,Seoul,home,email|push,Explorer
CUST-003226,2025-12-05,46.0,11,16.19,8,5,0.22,0.56,15.0,mobile,Basic,Gyeonggi,fashion,push,Bargain
CUST-003227,2025-08-15,27.0,4,9.47,5,2,0.314,0.196,12.7,desktop,Basic,Seoul,beauty,push|sms,Explorer
CUST-003228,2025-05-28,36.0,7,39.59,6,4,0.092,0.163,15.4,mobile,Basic,Seoul,fashion,email|push|sms,Explorer
CUST-003229,2024-08-23,38.0,6,4.59,6,6,0.104,0.303,27.1,desktop,Basic,Seoul,home,email,Bargain
CUST-003230,2023-02-25,42.0,8,15.54,9,4,0.144,0.776,4.0,desktop,Basic,Seoul,fashion,email,Bargain
CUST-003231,2022-01-30,40.0,10,36.68,7,5,0.084,0.357,26.8,desktop,Silver,Busan,electronics,push|sms,Explorer
CUST-003232,2024-07-07,41.0,6,24.05,3,5,0.2,0.671,18.5,tablet,Basic,Gyeonggi,electronics,email,Explorer
CUST-003233,2026-02-02,49.0,8,8.39,7,6,0.116,0.288,3.2,desktop,Basic,Seoul,beauty,email|push|sms,Loyal
CUST-003234,2022-05-08,49.0,7,24.82,8,6,0.421,0.39,15.4,mobile,Basic,Seoul,home,push,Loyal
CUST-003235,2024-12-12,34.0,8,24.59,1,4,0.333,0.331,14.4,mobile,Basic,Gyeonggi,electronics,email|push,Explorer
CUST-003236,2022-06-12,37.0,11,38.49,7,4,0.113,0.497,31.0,tablet,Basic,Gyeonggi,beauty,email|push,Explorer
CUST-003237,2023-08-23,38.0,7,19.96,4,6,0.24,0.792,10.0,desktop,Silver,Seoul,beauty,push,Loyal
CUST-003238,2023-11-06,51.0,4,30.67,2,6,0.291,0.593,16.9,tablet,Silver,Seoul,beauty,push,Explorer
CUST-003239,2026-05-22,39.0,7,31.64,9,2,0.06,0.681,27.6,desktop,Basic,Daejeon,home,sms,Explorer
CUST-003240,2023-12-13,33.0,14,16.73,5,4,0.149,0.351,21.6,mobile,Silver,Daejeon,fashion,push,Bargain
CUST-003241,2023-10-30,29.0,9,7.0,6,2,0.087,0.325,7.5,mobile,Basic,Seoul,fashion,email|push,Bargain
CUST-003242,2025-08-02,37.0,6,19.84,4,5,0.047,0.151,12.9,mobile,Basic,Gyeonggi,home,email,Explorer
CUST-003243,2022-09-07,47.0,8,21.2,4,8,0.059,0.5,22.7,mobile,Silver,Seoul,beauty,push,Loyal
CUST-003244,2024-12-04,48.0,9,14.46,9,3,0.022,0.239,33.5,tablet,Basic,Busan,sports,email|sms,Bargain
CUST-003245,2024-11-19,31.0,6,4.78,3,2,0.073,0.592,5.7,mobile,Silver,Daegu,home,sms,Bargain
CUST-003246,2024-06-23,19.0,13,20.6,4,4,0.229,0.535,24.1,tablet,Gold,Daejeon,beauty,email,Bargain
CUST-003247,2024-09-18,48.0,14,16.01,10,3,0.056,0.367,10.0,desktop,Gold,Gyeonggi,home,push,Bargain
CUST-003248,2025-05-02,37.0,10,22.22,6,3,0.222,0.476,11.3,mobile,Basic,Daegu,home,email|sms,Bargain
CUST-003249,2026-02-16,23.0,10,29.72,2,4,0.223,0.497,10.4,tablet,Basic,Seoul,fashion,email|push,Explorer
CUST-003250,2024-08-05,30.0,10,2.19,5,4,0.205,0.238,2.5,mobile,Silver,Busan,sports,push,Bargain
CUST-003251,2025-07-12,37.0,8,17.7,8,1,0.093,0.688,7.0,mobile,Silver,Seoul,electronics,push,Bargain
CUST-003252,2025-06-05,33.0,7,17.12,9,6,0.227,0.332,4.8,desktop,Gold,Gyeonggi,fashion,push,Loyal
CUST-003253,2024-09-18,45.0,13,23.05,6,3,0.095,0.329,4.2,mobile,Basic,Gyeonggi,beauty,email|push,Explorer
CUST-003254,2025-01-06,42.0,7,8.87,8,2,0.131,0.721,11.6,desktop,Basic,Gyeonggi,beauty,email|push,Bargain
CUST-003255,2026-01-21,66.0,10,9.24,8,2,0.353,0.159,6.4,mobile,Basic,Gyeonggi,fashion,email,Bargain
CUST-003256,2022-03-17,18.0,14,20.39,8,1,0.178,0.635,46.3,mobile,Basic,Seoul,fashion,email|push|sms,Explorer
CUST-003257,2025-12-31,61.0,9,26.22,2,1,0.266,0.463,13.2,mobile,Gold,Busan,fashion,push,Bargain
CUST-003258,2025-04-13,30.0,16,17.08,3,2,0.056,0.278,3.9,mobile,Gold,Busan,electronics,email|push,Loyal
CUST-003259,2024-11-01,43.0,8,21.2,7,1,0.023,0.205,12.6,mobile,Silver,Daegu,home,email,Explorer
CUST-003260,2025-08-25,30.0,9,21.83,11,5,0.117,0.508,15.1,mobile,Silver,Gyeonggi,home,push|sms,Bargain
CUST-003261,2026-03-12,32.0,10,10.2,11,2,0.237,0.297,23.6,desktop,Basic,Daejeon,sports,push,Bargain
CUST-003262,2024-05-24,35.0,8,17.07,1,4,0.256,0.485,6.6,tablet,Basic,Busan,fashion,sms,Explorer
CUST-003263,2025-12-05,28.0,12,22.14,6,5,0.295,0.482,14.5,mobile,Basic,Gyeonggi,electronics,sms,Explorer
CUST-003264,2025-03-07,,4,17.94,5,6,0.148,0.351,9.2,desktop,Basic,Daejeon,fashion,sms,Explorer
CUST-003265,2025-12-23,53.0,11,22.6,6,1,0.14,0.469,1.4,mobile,Basic,Daegu,electronics,sms,Bargain
CUST-003266,2026-07-15,46.0,8,18.06,2,3,0.192,0.44,15.7,mobile,Basic,Gyeonggi,fashion,email,Explorer
CUST-003267,2023-06-27,42.0,12,10.35,8,5,0.029,0.275,6.6,mobile,Silver,Gyeonggi,electronics,email,Bargain
CUST-003268,2024-10-30,21.0,12,19.34,12,1,0.259,0.099,15.9,desktop,Gold,Daejeon,electronics,push,Explorer
CUST-003269,2023-07-25,40.0,8,27.21,7,4,0.129,0.247,3.3,mobile,Basic,Seoul,home,email|push,Loyal
CUST-003270,2024-03-26,44.0,6,32.92,4,5,0.188,0.221,2.4,desktop,Basic,Gyeonggi,sports,email|push|sms,Explorer
CUST-003271,2023-01-29,54.0,6,23.9,5,6,0.119,0.746,12.1,mobile,Basic,Daegu,electronics,email|push,Bargain
CUST-003272,2022-01-05,36.0,3,17.13,11,5,0.025,0.396,19.2,mobile,Basic,Daejeon,home,push,Bargain
CUST-003273,2026-03-06,34.0,9,11.65,6,2,0.118,0.053,10.6,mobile,Gold,Seoul,electronics,sms,Explorer
CUST-003274,2023-03-10,44.0,8,3.51,5,5,0.083,0.593,13.8,desktop,Gold,Busan,beauty,email|push,Loyal
CUST-003275,2025-09-10,42.0,6,9.5,11,6,0.044,0.601,3.5,mobile,Basic,Daegu,electronics,email,Bargain
CUST-003276,2025-01-01,58.0,8,21.24,4,2,0.085,0.529,6.9,mobile,Basic,Seoul,sports,push,Explorer
CUST-003277,2022-12-29,26.0,8,17.41,7,6,0.117,0.286,15.6,mobile,Basic,Daejeon,home,push,Explorer
CUST-003278,2025-06-08,64.0,12,12.94,4,2,0.083,0.423,30.2,desktop,Basic,Gyeonggi,fashion,email|push|sms,Bargain
CUST-003279,2025-07-15,31.0,10,27.12,7,2,0.455,0.57,26.0,mobile,Gold,Daegu,sports,email|push,Bargain
CUST-003280,2026-07-30,32.0,8,12.28,7,4,0.167,0.592,14.9,desktop,Gold,Gyeonggi,home,push|sms,Explorer
CUST-003281,2025-03-10,18.0,11,6.27,3,3,0.148,0.188,1.2,mobile,Gold,Seoul,beauty,email|push,Loyal
CUST-003282,2022-02-18,37.0,5,7.07,6,3,0.324,0.42,7.8,desktop,Basic,Gyeonggi,beauty,email,Bargain
CUST-003283,2026-01-05,52.0,7,11.6,6,3,0.069,0.095,2.3,desktop,Silver,Gyeonggi,fashion,push,Explorer
CUST-003284,2026-02-01,48.0,6,20.16,10,7,0.066,0.472,47.3,tablet,Silver,Daegu,electronics,push,Bargain
CUST-003285,2023-07-06,48.0,8,11.27,5,5,0.116,0.577,12.3,mobile,Basic,Gyeonggi,fashion,email|push,Loyal
CUST-003286,2024-02-01,33.0,14,8.38,8,3,0.072,0.581,12.8,mobile,Silver,Gyeonggi,beauty,email|push,Bargain
CUST-003287,2026-05-23,35.0,9,6.04,11,3,0.079,0.644,31.1,desktop,Silver,Daejeon,fashion,email,Bargain
CUST-003288,2022-01-29,44.0,7,6.82,9,2,0.24,0.313,6.6,desktop,Silver,Daejeon,fashion,sms,Loyal
CUST-003289,2022-09-12,48.0,11,11.01,8,2,0.043,0.648,7.0,mobile,Basic,Busan,home,push|sms,Bargain
CUST-003290,2024-05-04,43.0,4,14.2,5,5,0.174,0.274,3.2,desktop,Gold,Seoul,beauty,email|push,Bargain
CUST-003291,2025-06-28,36.0,7,8.44,7,6,0.018,0.378,6.7,mobile,Silver,Busan,beauty,email|sms,Bargain
CUST-003292,2024-04-08,35.0,9,17.97,10,2,0.434,0.704,22.5,desktop,Silver,Gyeonggi,fashion,sms,Bargain
CUST-003293,2025-01-01,43.0,13,30.92,5,4,0.282,0.221,47.8,mobile,Basic,Seoul,sports,email|sms,Bargain
CUST-003294,2024-05-23,53.0,5,24.38,6,3,0.208,0.457,2.5,mobile,Basic,Daejeon,sports,email|sms,Explorer
CUST-003295,2023-07-14,43.0,18,10.29,4,4,0.027,0.545,3.5,desktop,Gold,Daejeon,sports,sms,Loyal
CUST-003296,2024-06-15,39.0,7,12.09,9,3,0.223,0.189,2.9,mobile,Gold,Gyeonggi,home,push,Loyal
CUST-003297,2022-12-27,28.0,16,12.0,5,5,0.149,0.775,9.3,desktop,Basic,Seoul,home,email|push,Explorer
CUST-003298,2023-10-06,30.0,11,12.76,8,4,0.075,0.178,1.7,desktop,Basic,Seoul,sports,sms,Bargain
CUST-003299,2025-03-20,28.0,12,23.6,3,6,0.337,0.593,3.7,mobile,Basic,Daejeon,electronics,email,Explorer
CUST-003300,2023-04-24,18.0,11,17.53,6,3,0.176,0.554,13.5,desktop,Basic,Seoul,fashion,email|push,Explorer
CUST-003301,2024-01-15,41.0,8,8.82,4,1,0.367,0.533,14.4,mobile,Silver,Seoul,electronics,email,Bargain
CUST-003302,2023-08-31,29.0,6,9.25,3,3,0.125,0.792,9.4,desktop,Silver,Seoul,home,email,Bargain
CUST-003303,2026-07-07,56.0,9,8.1,3,5,0.138,0.61,26.5,mobile,Basic,Seoul,electronics,email,Bargain
CUST-003304,2024-01-16,36.0,13,17.84,4,2,0.07,0.612,9.3,mobile,Silver,Busan,electronics,email,Explorer
CUST-003305,2024-04-04,45.0,10,10.24,6,4,0.117,0.485,9.4,mobile,Basic,Gyeonggi,sports,email,Loyal
CUST-003306,2025-06-15,23.0,12,27.3,7,5,0.402,0.489,9.6,mobile,Gold,Daegu,beauty,push,Bargain
CUST-003307,2026-05-26,33.0,6,13.06,3,5,0.027,0.489,16.4,mobile,Silver,Gyeonggi,electronics,push,Bargain
CUST-003308,2024-11-16,27.0,10,9.91,7,2,0.044,0.573,54.0,desktop,Basic,Daegu,fashion,email,Explorer
CUST-003309,2024-02-09,31.0,4,20.41,2,1,0.093,0.818,23.7,mobile,Gold,Busan,electronics,sms,Bargain
CUST-003310,2024-01-20,24.0,9,15.38,6,4,0.147,0.138,9.6,mobile,Silver,Daegu,electronics,push,Explorer
CUST-003311,2024-08-30,48.0,9,9.39,2,3,0.038,0.208,9.1,mobile,Silver,Busan,sports,email|push|sms,Loyal
CUST-003312,2024-09-03,54.0,9,8.92,5,4,0.236,0.206,10.7,desktop,Silver,Gyeonggi,home,email,Bargain
CUST-003313,2024-04-18,43.0,5,13.95,8,4,0.209,0.185,6.0,mobile,Basic,Daejeon,fashion,push,Bargain
CUST-003314,2023-09-02,21.0,5,27.67,4,1,0.085,0.352,10.1,desktop,Basic,Seoul,electronics,email|sms,Explorer
CUST-003315,2026-05-20,29.0,7,32.6,6,3,0.043,0.679,6.5,mobile,Gold,Busan,electronics,push,Bargain
CUST-003316,2025-05-15,51.0,7,30.82,5,0,0.028,0.58,18.5,desktop,Silver,Daejeon,sports,email|sms,Bargain
CUST-003317,2022-01-03,42.0,9,22.91,6,3,0.135,0.256,8.7,desktop,Silver,Daegu,electronics,email,Explorer
CUST-003318,2022-09-05,64.0,7,18.45,8,1,0.594,0.215,0.9,mobile,Basic,Gyeonggi,home,email,Bargain
CUST-003319,2022-09-09,63.0,11,36.31,7,9,0.12,0.35,10.4,mobile,Basic,Seoul,beauty,push,Loyal
CUST-003320,2023-08-03,42.0,13,13.95,4,7,0.104,0.899,27.9,mobile,Gold,Seoul,fashion,sms,Loyal
CUST-003321,2024-05-03,34.0,9,11.3,1,3,0.086,0.186,14.7,mobile,Silver,Seoul,sports,email|push|sms,Loyal
CUST-003322,2023-01-28,43.0,8,27.95,6,4,0.247,0.731,16.9,mobile,Basic,Seoul,home,sms,Explorer
CUST-003323,2025-03-25,29.0,11,10.96,3,4,0.24,0.182,22.5,mobile,Basic,Seoul,home,email,Loyal
CUST-003324,2022-04-09,41.0,12,13.85,4,2,0.053,0.681,10.3,desktop,Basic,Gyeonggi,fashion,sms,Explorer
CUST-003325,2024-08-26,49.0,9,9.32,2,2,0.158,0.501,16.8,mobile,Silver,Busan,home,push,Bargain
CUST-003326,2022-09-15,37.0,12,17.36,6,2,0.131,0.563,7.8,mobile,Silver,Seoul,sports,sms,Bargain
CUST-003327,2022-12-13,54.0,9,25.75,5,2,0.153,0.763,10.4,desktop,Basic,Seoul,electronics,sms,Explorer
CUST-003328,2024-07-20,51.0,7,18.63,7,5,0.179,0.768,9.1,desktop,Silver,Busan,fashion,push,Loyal
CUST-003329,2025-06-03,58.0,6,4.8,1,6,0.212,0.395,19.8,tablet,Gold,Seoul,electronics,email,Loyal
CUST-003330,2024-02-29,30.0,7,20.06,3,4,0.532,0.566,18.0,mobile,Silver,Busan,beauty,sms,Bargain
CUST-003331,2024-07-27,32.0,10,12.58,6,6,0.229,0.914,27.6,mobile,Basic,Seoul,home,sms,Bargain
CUST-003332,2025-01-04,45.0,18,33.23,8,4,0.357,0.581,16.8,desktop,Silver,Gyeonggi,home,email|push,Bargain
CUST-003333,2022-07-25,39.0,15,17.12,6,1,0.299,0.341,2.8,mobile,Basic,Gyeonggi,beauty,sms,Bargain
CUST-003334,2022-10-03,29.0,8,19.09,7,4,0.086,0.12,10.0,desktop,Silver,Gyeonggi,fashion,sms,Explorer
CUST-003335,2023-12-30,49.0,6,8.32,4,4,0.094,0.67,9.2,desktop,Basic,Seoul,home,email,Loyal
CUST-003336,2023-11-10,59.0,13,38.44,10,5,0.246,0.156,19.3,desktop,Gold,Gyeonggi,sports,email|push,Explorer
CUST-003337,2023-01-19,41.0,7,8.3,5,3,0.094,0.333,43.6,mobile,Gold,Gyeonggi,sports,push,Loyal
CUST-003338,2026-03-21,51.0,9,19.97,3,3,0.215,0.808,5.2,mobile,Basic,Daegu,fashion,push|sms,Bargain
CUST-003339,2022-03-12,47.0,5,24.6,11,1,0.033,0.475,14.4,desktop,Gold,Daejeon,electronics,sms,Explorer
CUST-003340,2026-03-18,50.0,14,14.86,4,2,0.206,0.222,22.8,mobile,Silver,Gyeonggi,beauty,email|push,Explorer
CUST-003341,2025-11-15,30.0,9,21.3,7,4,0.178,0.332,5.4,desktop,Basic,Daegu,sports,push|sms,Explorer
CUST-003342,2022-02-17,45.0,15,11.2,7,5,0.207,0.356,22.4,mobile,Basic,Seoul,electronics,email,Explorer
CUST-003343,2022-10-29,49.0,9,30.37,7,2,0.219,0.829,2.7,desktop,Gold,Daejeon,home,push,Explorer
CUST-003344,2022-07-27,36.0,11,19.38,3,5,0.096,0.552,17.1,desktop,Basic,Seoul,electronics,email|push,Explorer
CUST-003345,2026-06-16,38.0,12,20.86,10,5,0.339,0.446,44.9,desktop,Basic,Gyeonggi,electronics,email,Explorer
CUST-003346,2022-09-27,30.0,5,26.59,5,3,0.486,0.361,24.9,mobile,Silver,Daejeon,fashion,push|sms,Explorer
CUST-003347,2022-06-12,37.0,11,13.37,5,5,0.213,0.61,7.4,desktop,Basic,Daejeon,fashion,email|sms,Bargain
CUST-003348,2025-12-22,27.0,4,24.48,4,6,0.052,0.246,5.2,mobile,Gold,Busan,electronics,sms,Loyal
CUST-003349,2025-05-18,30.0,4,23.02,1,2,0.071,0.203,5.7,mobile,Gold,Busan,electronics,email,Loyal
CUST-003350,2022-02-14,48.0,9,37.57,4,3,0.149,0.232,1.2,desktop,Silver,Seoul,fashion,email|sms,Explorer
CUST-003351,2022-12-01,18.0,9,24.56,10,4,0.042,0.306,8.7,mobile,Basic,Gyeonggi,sports,push,Loyal
CUST-003352,2024-08-11,50.0,11,5.86,7,1,0.117,0.398,27.3,mobile,Basic,Gyeonggi,sports,sms,Bargain
CUST-003353,2023-10-26,35.0,11,30.29,4,3,0.129,0.408,4.3,desktop,Silver,Seoul,electronics,push,Explorer
CUST-003354,2023-04-15,37.0,13,7.83,6,7,0.189,0.728,7.3,desktop,Silver,Seoul,beauty,push,Loyal
CUST-003355,2025-12-02,21.0,10,27.49,3,5,0.114,0.668,14.0,mobile,Basic,Seoul,fashion,email,Loyal
CUST-003356,2023-07-10,45.0,10,25.5,7,4,0.226,0.514,10.1,mobile,Basic,Gyeonggi,fashion,email|sms,Explorer
CUST-003357,2026-05-21,31.0,10,32.51,4,7,0.253,0.336,12.0,tablet,Silver,Gyeonggi,fashion,push,Loyal
CUST-003358,2025-11-13,40.0,6,7.57,6,6,0.096,0.754,9.2,desktop,Basic,Daegu,fashion,push,Bargain
CUST-003359,2023-01-13,32.0,7,16.95,8,8,0.058,0.891,9.3,desktop,Basic,Busan,sports,email,Loyal
CUST-003360,2025-05-08,57.0,10,20.03,6,1,0.265,0.605,4.1,mobile,Gold,Gyeonggi,home,email,Explorer
CUST-003361,2025-04-27,52.0,9,6.42,5,3,0.325,0.125,16.6,mobile,Basic,Gyeonggi,beauty,sms,Loyal
CUST-003362,2024-10-24,46.0,11,12.77,6,1,0.21,0.728,16.4,mobile,Basic,Seoul,fashion,email|push,Bargain
CUST-003363,2022-04-03,21.0,14,8.17,9,4,0.228,0.597,21.5,mobile,Basic,Seoul,fashion,sms,Bargain
CUST-003364,2025-01-17,48.0,7,37.88,6,4,0.396,0.148,26.3,tablet,Basic,Gyeonggi,fashion,push,Explorer
CUST-003365,2023-07-28,27.0,11,17.59,10,6,0.101,0.818,13.4,mobile,Basic,Seoul,home,sms,Loyal
CUST-003366,2022-06-27,33.0,19,19.31,4,2,0.129,0.327,5.0,desktop,Basic,Gyeonggi,home,push,Explorer
CUST-003367,2024-03-08,39.0,8,25.73,6,7,0.211,0.353,17.5,desktop,Silver,Seoul,fashion,email,Loyal
CUST-003368,2023-11-12,49.0,7,13.72,3,2,0.12,0.554,28.1,desktop,Gold,Seoul,fashion,email|push|sms,Bargain
CUST-003369,2026-05-03,52.0,9,22.99,7,8,0.133,0.339,9.6,desktop,Silver,Gyeonggi,beauty,push,Bargain
CUST-003370,2023-08-13,58.0,12,10.0,4,1,0.264,0.122,2.5,desktop,Silver,Gyeonggi,fashion,push,Bargain
CUST-003371,2023-03-29,42.0,3,13.9,5,3,0.043,0.481,20.6,desktop,Gold,Daejeon,sports,email|sms,Bargain
CUST-003372,2025-01-13,27.0,5,56.06,4,4,0.327,0.534,15.3,desktop,Silver,Seoul,electronics,email|push|sms,Explorer
CUST-003373,2024-03-28,70.0,10,6.65,7,5,0.131,0.165,23.5,mobile,Silver,Gyeonggi,beauty,email|sms,Explorer
CUST-003374,2023-08-15,43.0,8,38.1,6,2,0.147,0.674,11.6,mobile,Basic,Busan,fashion,sms,Explorer
CUST-003375,2024-10-18,40.0,7,20.64,12,3,0.296,0.754,11.2,mobile,Gold,Seoul,fashion,email,Bargain
CUST-003376,2025-05-24,23.0,12,26.84,6,2,0.045,0.943,27.2,mobile,Basic,Busan,electronics,email|sms,Bargain
CUST-003377,2025-09-02,47.0,9,22.89,8,6,0.105,0.907,7.0,desktop,Silver,Gyeonggi,sports,email,Bargain
CUST-003378,2022-07-08,55.0,5,3.55,4,3,0.149,0.398,15.6,mobile,Silver,Seoul,beauty,push,Bargain
CUST-003379,2025-07-23,41.0,5,32.87,7,2,0.242,0.449,14.7,desktop,Silver,Seoul,sports,email|push,Explorer
CUST-003380,2024-04-09,48.0,13,19.92,7,2,0.168,0.364,1.1,mobile,Basic,Busan,beauty,email,Bargain
CUST-003381,2023-08-10,33.0,9,12.77,3,4,0.191,0.384,10.3,desktop,Gold,Gyeonggi,fashion,email,Explorer
CUST-003382,2026-04-14,29.0,10,6.48,11,4,0.18,0.485,19.8,desktop,Basic,Gyeonggi,fashion,email|push,Explorer
CUST-003383,2022-06-07,64.0,13,11.83,7,5,0.057,0.634,8.4,desktop,Silver,Seoul,electronics,email|push,Bargain
CUST-003384,2022-12-22,39.0,7,19.93,7,2,0.291,0.708,7.6,desktop,Silver,Busan,home,email|push,Bargain
CUST-003385,2023-05-10,31.0,6,18.18,3,2,0.039,0.475,9.9,mobile,Silver,Seoul,sports,email|sms,Loyal
CUST-003386,2022-11-09,40.0,5,16.22,6,2,0.066,0.58,12.6,desktop,Basic,Busan,fashion,push,Explorer
CUST-003387,2022-08-04,25.0,13,52.58,7,6,0.075,0.281,5.1,desktop,Basic,Seoul,fashion,email|sms,Explorer
CUST-003388,2022-02-08,18.0,12,15.39,6,2,0.125,0.446,10.5,mobile,Basic,Daegu,sports,push,Bargain
CUST-003389,2022-11-18,45.0,14,7.68,9,1,0.378,0.638,9.7,mobile,Basic,Seoul,electronics,push,Explorer
CUST-003390,2024-12-08,36.0,8,15.69,4,4,0.072,0.246,5.6,mobile,Basic,Daegu,sports,email,Explorer
CUST-003391,2022-08-31,52.0,10,9.52,7,5,0.116,0.13,27.2,tablet,Gold,Seoul,home,sms,Explorer
CUST-003392,2024-05-06,31.0,14,9.04,8,3,0.035,0.209,37.6,tablet,Basic,Gyeonggi,beauty,email|push|sms,Bargain
CUST-003393,2022-12-30,46.0,16,2.96,7,2,0.471,0.509,5.2,mobile,Basic,Seoul,electronics,push,Bargain
CUST-003394,2026-03-26,48.0,9,15.32,5,1,0.125,0.723,4.9,mobile,Basic,Seoul,home,push,Bargain
CUST-003395,2022-09-30,39.0,10,11.08,6,3,0.138,0.702,1.1,mobile,Basic,Daegu,electronics,email|push,Bargain
CUST-003396,2025-06-12,64.0,7,3.25,8,4,0.018,0.345,33.2,mobile,Basic,Gyeonggi,sports,sms,Explorer
CUST-003397,2024-11-17,42.0,12,30.15,6,2,0.095,0.508,8.5,mobile,Basic,Seoul,fashion,email|push|sms,Bargain
CUST-003398,2025-12-14,42.0,5,14.48,6,2,0.273,0.492,11.6,mobile,Gold,Gyeonggi,fashion,push,Bargain
CUST-003399,2025-10-02,38.0,8,13.63,1,5,0.291,0.34,32.8,mobile,Silver,Daegu,beauty,email|push,Bargain
CUST-003400,2022-03-11,35.0,11,13.74,4,4,0.159,0.67,12.4,mobile,Basic,Busan,sports,push,Bargain
CUST-003401,2023-12-30,28.0,10,16.37,6,4,0.15,0.184,19.2,desktop,Basic,Seoul,beauty,email|push,Bargain
CUST-003402,2025-04-26,35.0,5,35.74,9,3,0.079,0.52,23.4,mobile,Basic,Daejeon,electronics,email|push,Explorer
CUST-003403,2025-12-08,52.0,6,41.91,6,4,0.095,0.583,9.4,mobile,Basic,Daegu,sports,sms,Bargain
CUST-003404,2026-06-04,28.0,11,13.97,6,4,0.092,0.169,5.8,mobile,Gold,Daegu,fashion,push,Loyal
CUST-003405,2022-04-07,44.0,3,7.61,7,7,0.095,0.705,6.5,mobile,Silver,Daegu,electronics,sms,Bargain
CUST-003406,2022-10-16,38.0,10,16.46,4,7,0.153,0.774,7.2,mobile,Basic,Busan,fashion,push,Loyal
CUST-003407,2023-08-13,38.0,10,14.39,3,5,0.337,0.23,17.0,mobile,Silver,Seoul,electronics,email,Bargain
CUST-003408,2026-02-06,28.0,9,11.61,4,3,0.115,0.611,2.7,mobile,Basic,Gyeonggi,beauty,push|sms,Explorer
CUST-003409,2022-06-10,26.0,9,13.06,4,3,0.338,0.516,5.1,desktop,Silver,Daejeon,electronics,email|sms,Explorer
CUST-003410,2026-03-27,27.0,9,27.57,6,1,0.025,0.077,23.9,tablet,Basic,Gyeonggi,home,push,Explorer
CUST-003411,2023-12-19,40.0,3,23.31,6,2,0.155,0.67,8.7,desktop,Silver,Gyeonggi,beauty,email|push,Explorer
CUST-003412,2022-09-28,36.0,10,22.14,6,4,0.205,0.331,21.3,tablet,Silver,Daejeon,home,email|push|sms,Bargain
CUST-003413,2026-05-26,37.0,14,23.29,6,1,0.05,0.487,5.4,mobile,Basic,Seoul,fashion,email|sms,Bargain
CUST-003414,2022-04-28,32.0,9,16.96,6,4,0.079,0.298,5.1,desktop,Gold,Gyeonggi,fashion,email|push,Bargain
CUST-003415,2022-11-13,53.0,13,15.56,8,3,0.352,0.765,13.7,desktop,Basic,Gyeonggi,beauty,push,Bargain
CUST-003416,2026-02-14,46.0,14,26.07,8,4,0.094,0.74,8.7,mobile,Gold,Gyeonggi,home,sms,Bargain
CUST-003417,2022-10-20,45.0,7,13.83,8,2,0.089,0.64,19.1,mobile,Basic,Gyeonggi,home,sms,Bargain
CUST-003418,2023-10-27,,5,33.94,3,6,0.096,0.61,4.3,mobile,Gold,Daejeon,fashion,push,Loyal
CUST-003419,2022-11-29,32.0,9,10.66,6,2,0.296,0.379,45.0,desktop,Basic,Daegu,home,push,At_Risk
CUST-003420,2023-12-11,39.0,6,13.02,7,2,0.199,0.301,21.4,desktop,Basic,Gyeonggi,fashion,email|sms,Explorer
CUST-003421,2024-04-10,24.0,9,25.74,6,2,0.112,0.278,14.0,desktop,Silver,Seoul,sports,push|sms,Explorer
CUST-003422,2025-10-26,53.0,7,22.92,8,3,0.372,0.332,5.7,mobile,Silver,Seoul,electronics,email|push,Explorer
CUST-003423,2025-05-01,33.0,8,8.65,8,5,0.258,0.658,10.7,desktop,Basic,Daegu,electronics,email|push,Bargain
CUST-003424,2025-08-16,26.0,6,12.39,9,5,0.244,0.476,8.6,mobile,Silver,Gyeonggi,home,email|push,Bargain
CUST-003425,2026-03-15,39.0,15,20.34,3,1,0.304,0.385,16.7,mobile,Basic,Gyeonggi,fashion,sms,Bargain
CUST-003426,2025-09-29,63.0,11,18.98,7,4,0.064,0.68,38.9,mobile,Basic,Busan,home,email|push,Bargain
CUST-003427,2024-06-26,32.0,9,20.76,2,6,0.173,0.533,5.2,mobile,Basic,Seoul,fashion,email,Explorer
CUST-003428,2023-01-28,35.0,5,3.92,13,4,0.4,0.367,8.6,desktop,Silver,Busan,fashion,push|sms,Bargain
CUST-003429,2025-12-31,18.0,13,19.25,4,3,0.277,0.279,20.3,mobile,Basic,Seoul,beauty,email,Explorer
CUST-003430,2024-09-16,42.0,7,33.71,13,1,0.199,0.543,7.5,tablet,Basic,Busan,beauty,email,Explorer
CUST-003431,2025-05-04,35.0,15,8.32,13,7,0.204,0.382,5.7,desktop,Basic,Seoul,fashion,email|push,Loyal
CUST-003432,2023-10-28,58.0,9,25.04,5,5,0.274,0.236,15.6,mobile,Basic,Seoul,beauty,email|push,Explorer
CUST-003433,2023-07-21,32.0,8,42.14,10,3,0.074,0.336,4.2,mobile,Basic,Daegu,sports,email,Explorer
CUST-003434,2023-04-12,40.0,11,24.22,5,3,0.166,0.649,31.9,desktop,Silver,Seoul,home,email,Explorer
CUST-003435,2024-06-11,50.0,6,11.28,8,6,0.239,0.52,12.6,mobile,Silver,Daegu,home,push,Loyal
CUST-003436,2026-04-08,55.0,13,31.06,3,3,0.238,0.741,3.8,tablet,Basic,Gyeonggi,home,email,Explorer
CUST-003437,2022-08-15,50.0,11,9.77,7,5,0.286,0.732,14.2,desktop,Basic,Seoul,home,email|sms,Bargain
CUST-003438,2022-04-11,43.0,10,9.31,5,5,0.07,0.844,15.0,desktop,Gold,Gyeonggi,sports,email,Loyal
CUST-003439,2025-06-19,18.0,10,20.69,11,3,0.354,0.428,16.1,mobile,Basic,Seoul,home,email|sms,Bargain
CUST-003440,2026-03-27,22.0,10,34.79,7,1,0.162,0.468,23.7,mobile,Gold,Daejeon,beauty,email,Explorer
CUST-003441,2026-07-16,41.0,8,14.22,7,0,0.08,0.058,15.4,mobile,Silver,Daegu,fashion,email,Bargain
CUST-003442,2025-05-14,39.0,7,16.92,6,5,0.066,0.825,23.8,tablet,Basic,Busan,electronics,email,Loyal
CUST-003443,2024-04-26,39.0,5,15.84,6,4,0.063,0.652,21.7,desktop,Silver,Seoul,beauty,email,Explorer
CUST-003444,2025-03-25,39.0,11,30.24,7,14,0.048,0.302,14.1,mobile,Basic,Gyeonggi,fashion,push,Loyal
CUST-003445,2023-06-16,45.0,9,6.95,4,1,0.117,0.374,46.2,desktop,Basic,Seoul,beauty,email|push,Bargain
CUST-003446,2026-06-01,37.0,8,23.95,6,3,0.041,0.521,16.4,tablet,Gold,Daejeon,home,push,Bargain
CUST-003447,2023-09-16,37.0,8,14.39,7,4,0.198,0.231,2.7,desktop,Basic,Daegu,sports,push,Loyal
CUST-003448,2024-01-25,51.0,11,12.12,6,6,0.22,0.134,12.0,mobile,Basic,Busan,beauty,email,Loyal
CUST-003449,2026-06-03,42.0,4,20.89,5,2,0.054,0.259,55.8,mobile,Gold,Busan,electronics,email|push|sms,Explorer
CUST-003450,2022-07-07,31.0,10,14.65,9,3,0.409,0.246,16.8,mobile,Basic,Seoul,home,push,Explorer
CUST-003451,2024-08-27,38.0,10,10.58,5,3,0.182,0.407,10.9,mobile,Gold,Daejeon,home,email|push,Bargain
CUST-003452,2023-07-08,36.0,16,24.69,5,3,0.182,0.308,13.2,desktop,Silver,Seoul,electronics,push,Explorer
CUST-003453,2022-08-01,37.0,7,5.4,7,1,0.199,0.233,8.5,mobile,Gold,Gyeonggi,sports,email,Explorer
CUST-003454,2026-06-27,35.0,4,14.58,9,2,0.001,0.802,23.8,mobile,Gold,Busan,beauty,push,Bargain
CUST-003455,2024-09-11,38.0,5,14.89,8,1,0.108,0.543,11.2,mobile,Basic,Gyeonggi,beauty,push,Explorer
CUST-003456,2022-05-06,46.0,8,29.59,4,7,0.068,0.806,10.6,mobile,Silver,Seoul,fashion,push,Explorer
CUST-003457,2022-02-04,34.0,4,39.71,8,6,0.124,0.192,55.5,mobile,Basic,Seoul,fashion,push,Bargain
CUST-003458,2026-02-02,37.0,14,56.02,7,5,0.102,0.275,9.3,mobile,Silver,Seoul,electronics,email,Explorer
CUST-003459,2025-08-25,30.0,5,9.31,11,0,0.142,0.731,3.3,mobile,Basic,Seoul,home,email|push,Bargain
CUST-003460,2026-03-02,45.0,6,12.03,8,2,0.332,0.431,13.0,mobile,Silver,Busan,fashion,email,Bargain
CUST-003461,2026-03-30,25.0,9,12.93,7,2,0.141,0.365,8.1,mobile,Silver,Daegu,home,email,Bargain
CUST-003462,2024-06-21,31.0,13,4.01,2,5,0.196,0.264,5.8,mobile,Basic,Daejeon,beauty,sms,Loyal
CUST-003463,2022-01-05,39.0,10,9.85,6,2,0.165,0.15,28.1,desktop,Basic,Busan,electronics,sms,Explorer
CUST-003464,2023-05-27,59.0,12,20.59,6,5,0.02,0.688,15.3,desktop,Basic,Seoul,fashion,email|push,Explorer
CUST-003465,2023-02-21,47.0,19,24.54,5,4,0.313,0.328,11.4,mobile,Basic,Seoul,electronics,email,Explorer
CUST-003466,2023-11-18,57.0,9,8.53,5,5,0.243,0.694,39.8,desktop,Silver,Daejeon,beauty,push|sms,Loyal
CUST-003467,2026-05-20,24.0,9,25.26,8,3,0.119,0.476,14.5,mobile,Basic,Gyeonggi,electronics,sms,Explorer
CUST-003468,2023-09-12,29.0,5,9.78,6,7,0.177,0.389,16.2,mobile,Silver,Seoul,beauty,sms,Bargain
CUST-003469,2026-01-13,43.0,7,25.38,3,6,0.084,0.064,4.3,mobile,Silver,Seoul,home,email,Loyal
CUST-003470,2023-07-16,38.0,9,9.99,13,4,0.307,0.472,7.4,tablet,Basic,Seoul,electronics,email,Explorer
CUST-003471,2024-09-21,19.0,10,28.6,6,4,0.147,0.188,12.9,desktop,Basic,Gyeonggi,home,email,Loyal
CUST-003472,2023-06-11,49.0,9,41.19,8,5,0.153,0.117,16.5,mobile,Basic,Gyeonggi,electronics,push,Explorer
CUST-003473,2022-11-23,31.0,10,73.25,6,1,0.165,0.358,15.7,mobile,Basic,Gyeonggi,sports,email|sms,Explorer
CUST-003474,2025-12-20,51.0,10,16.21,7,3,0.068,0.369,6.7,mobile,Gold,Seoul,fashion,push,Loyal
CUST-003475,2026-05-12,47.0,10,17.19,6,4,0.235,0.515,8.0,mobile,Gold,Busan,beauty,push,Bargain
CUST-003476,2025-07-21,35.0,10,15.91,2,5,0.239,0.409,35.0,mobile,Silver,Seoul,home,email,At_Risk
CUST-003477,2024-10-13,32.0,8,38.51,6,0,0.054,0.443,24.1,mobile,Silver,Daejeon,sports,sms,Explorer
CUST-003478,2026-02-11,50.0,15,17.96,5,1,0.355,0.468,3.3,mobile,Silver,Gyeonggi,electronics,email,Bargain
CUST-003479,2022-05-16,42.0,7,12.59,3,3,0.075,0.332,18.4,mobile,Gold,Busan,electronics,push,Explorer
CUST-003480,2025-05-13,33.0,12,42.15,8,5,0.211,0.653,10.9,mobile,Silver,Seoul,sports,push|sms,Bargain
CUST-003481,2022-04-18,36.0,5,23.59,3,8,0.14,0.138,14.4,desktop,Basic,Seoul,fashion,email,Explorer
CUST-003482,2023-05-23,40.0,6,28.54,3,7,0.17,0.535,10.8,mobile,Silver,Gyeonggi,fashion,email|push|sms,Loyal
CUST-003483,2025-09-02,50.0,7,26.74,3,7,0.551,0.819,1.7,mobile,Basic,Gyeonggi,fashion,push,Loyal
CUST-003484,2024-05-30,29.0,10,4.03,5,3,0.081,0.382,22.2,desktop,Silver,Gyeonggi,sports,push|sms,Loyal
CUST-003485,2026-06-15,44.0,8,10.55,3,3,0.261,0.341,5.7,desktop,Silver,Seoul,beauty,email,Explorer
CUST-003486,2025-10-03,56.0,12,9.72,2,8,0.089,0.47,9.2,mobile,Silver,Gyeonggi,electronics,email,Loyal
CUST-003487,2024-05-14,37.0,10,21.67,2,4,0.156,0.411,39.3,mobile,Basic,Seoul,sports,push,Bargain
CUST-003488,2022-10-21,33.0,9,25.83,6,5,0.202,0.282,3.3,mobile,Silver,Gyeonggi,electronics,email,Loyal
CUST-003489,2024-09-25,35.0,11,21.32,6,4,0.337,0.595,14.7,desktop,Basic,Gyeonggi,fashion,email|push,Bargain
CUST-003490,2023-06-11,47.0,10,32.7,5,1,0.083,0.608,11.0,tablet,Basic,Daejeon,beauty,email,Explorer
CUST-003491,2022-08-16,43.0,11,27.65,6,2,0.318,0.454,8.1,desktop,Basic,Busan,sports,push,Bargain
CUST-003492,2024-11-26,52.0,9,5.37,3,6,0.074,0.356,6.8,tablet,Basic,Daejeon,fashion,sms,Loyal
CUST-003493,2026-05-04,34.0,8,23.81,5,3,0.232,0.74,50.4,mobile,Basic,Gyeonggi,home,email|sms,Bargain
CUST-003494,2024-07-03,45.0,8,6.5,2,5,0.053,0.351,9.1,mobile,Basic,Busan,sports,email,Loyal
CUST-003495,2022-12-04,40.0,16,40.78,7,6,0.162,0.418,28.1,mobile,Gold,Daegu,home,email|push|sms,Loyal
CUST-003496,2022-12-19,50.0,7,23.34,4,3,0.017,0.686,34.2,mobile,Silver,Seoul,fashion,email|push,Bargain
CUST-003497,2025-09-17,58.0,6,18.02,4,3,0.137,0.397,5.7,mobile,Basic,Seoul,home,email|push,Bargain
CUST-003498,2026-07-02,32.0,7,6.6,5,0,0.134,0.108,10.3,desktop,Basic,Seoul,fashion,push,Bargain
CUST-003499,2023-10-17,44.0,13,12.2,8,3,0.234,0.317,6.9,mobile,Basic,Seoul,home,email|push,Bargain
CUST-003500,2023-01-10,36.0,15,25.48,5,4,0.179,0.216,16.4,desktop,Silver,Seoul,beauty,email,Explorer
CUST-003501,2022-12-28,37.0,13,11.63,11,5,0.008,0.164,26.2,desktop,Basic,Gyeonggi,beauty,email|push,Bargain
CUST-003502,2024-11-24,43.0,12,11.23,8,8,0.07,0.051,4.1,mobile,Basic,Busan,sports,email,Loyal
CUST-003503,2024-01-06,48.0,8,16.32,4,4,0.071,0.502,4.6,mobile,Basic,Gyeonggi,sports,email|push,Loyal
CUST-003504,2022-01-09,53.0,9,23.23,9,5,0.138,0.493,9.9,desktop,Basic,Gyeonggi,beauty,push,Explorer
CUST-003505,2024-06-04,24.0,14,22.1,6,3,0.151,0.223,7.8,desktop,Basic,Gyeonggi,fashion,email,Loyal
CUST-003506,2025-12-06,51.0,6,20.23,5,4,0.177,0.308,11.9,desktop,Basic,Gyeonggi,beauty,sms,Explorer
CUST-003507,2025-01-27,36.0,8,9.59,4,3,0.136,0.66,2.8,desktop,Gold,Seoul,home,push,Bargain
CUST-003508,2026-05-01,66.0,9,7.83,5,2,0.214,0.252,4.0,tablet,Basic,Seoul,home,email|push,Explorer
CUST-003509,2022-03-30,35.0,9,3.27,6,8,0.607,0.179,5.5,mobile,Silver,Seoul,fashion,email,Loyal
CUST-003510,2024-07-23,47.0,5,15.58,7,1,0.108,0.194,10.0,desktop,Basic,Seoul,electronics,sms,Explorer
CUST-003511,2025-11-30,39.0,3,19.02,5,3,0.279,0.418,8.1,desktop,Basic,Busan,beauty,push,Explorer
CUST-003512,2022-10-09,45.0,3,23.93,3,3,0.166,0.657,3.4,mobile,Silver,Daegu,fashion,push,Explorer
CUST-003513,2023-04-26,36.0,12,7.15,10,9,0.176,0.428,9.5,mobile,Gold,Daejeon,beauty,sms,Loyal
CUST-003514,2025-05-16,32.0,6,11.89,7,1,0.214,0.458,4.4,desktop,Basic,Seoul,beauty,sms,Explorer
CUST-003515,2022-08-26,18.0,11,23.1,5,2,0.235,0.379,11.4,mobile,Silver,Gyeonggi,home,push,Explorer
CUST-003516,2025-10-20,26.0,12,13.53,8,5,0.477,0.523,4.6,mobile,Silver,Daegu,electronics,email|sms,Explorer
CUST-003517,2022-06-02,37.0,13,22.81,4,3,0.366,0.215,15.6,mobile,Silver,Daegu,fashion,sms,Explorer
CUST-003518,2024-07-08,42.0,9,38.74,7,3,0.027,0.701,16.8,desktop,Silver,Seoul,beauty,email|sms,Bargain
CUST-003519,2023-01-03,32.0,8,19.91,8,4,0.098,0.442,1.6,desktop,Basic,Gyeonggi,fashion,email|sms,Bargain
CUST-003520,2022-08-10,50.0,3,13.79,8,1,0.078,0.242,10.2,desktop,Gold,Daejeon,fashion,sms,Loyal
CUST-003521,2025-08-26,31.0,9,48.56,4,5,0.453,0.319,9.5,mobile,Basic,Gyeonggi,fashion,push|sms,Explorer
CUST-003522,2024-01-05,43.0,8,21.98,5,5,0.162,0.456,7.8,desktop,Silver,Daejeon,beauty,email,Loyal
CUST-003523,2024-11-04,32.0,11,5.32,6,7,0.398,0.762,6.1,mobile,Silver,Seoul,beauty,push,Explorer
CUST-003524,2025-05-06,35.0,9,12.0,4,3,0.071,0.183,5.2,tablet,Basic,Seoul,home,email,Bargain
CUST-003525,2024-10-22,28.0,9,12.18,8,4,0.077,0.503,12.3,tablet,Basic,Daejeon,fashion,email,Bargain
CUST-003526,2026-04-19,32.0,13,21.88,8,4,0.229,0.34,7.9,desktop,Basic,Gyeonggi,fashion,email|push|sms,Loyal
CUST-003527,2024-03-01,44.0,10,8.92,10,3,0.079,0.709,16.6,desktop,Basic,Daegu,beauty,push,Bargain
CUST-003528,2024-01-28,51.0,9,18.1,7,9,0.141,0.48,11.4,mobile,Silver,Gyeonggi,home,email,Loyal
CUST-003529,2026-05-01,35.0,10,10.06,7,0,0.17,0.166,10.6,desktop,Gold,Busan,home,email,Explorer
CUST-003530,2025-11-20,18.0,10,14.42,4,1,0.358,0.603,3.7,mobile,Gold,Gyeonggi,home,email,Loyal
CUST-003531,2024-08-10,23.0,9,34.11,3,5,0.202,0.391,31.5,mobile,Basic,Gyeonggi,sports,email|push,Explorer
CUST-003532,2026-07-06,23.0,6,15.6,4,4,0.055,0.668,28.3,desktop,Gold,Seoul,electronics,push,Loyal
CUST-003533,2024-06-02,54.0,13,9.08,8,0,0.088,0.523,9.4,desktop,Silver,Daegu,home,email,Loyal
CUST-003534,2025-03-15,45.0,10,14.52,5,7,0.101,0.665,0.6,mobile,Silver,Seoul,beauty,email,Bargain
CUST-003535,2025-02-11,44.0,9,13.22,9,3,0.201,0.307,12.3,desktop,Basic,Seoul,electronics,email,Explorer
CUST-003536,2024-11-23,18.0,7,40.95,4,8,0.259,0.535,17.4,mobile,Basic,Daejeon,sports,email,Explorer
CUST-003537,2024-03-29,30.0,10,9.75,5,3,0.056,0.62,8.5,mobile,Basic,Busan,electronics,email,Bargain
CUST-003538,2025-07-08,18.0,7,7.92,4,2,0.083,0.57,24.6,mobile,Basic,Gyeonggi,sports,email|sms,Bargain
CUST-003539,2022-03-09,24.0,8,40.03,4,4,0.225,0.508,26.1,desktop,Silver,Gyeonggi,beauty,email,Explorer
CUST-003540,2022-11-06,18.0,13,21.86,10,6,0.245,0.248,25.2,mobile,Basic,Daegu,fashion,sms,Bargain
CUST-003541,2025-12-05,44.0,22,9.5,3,2,0.286,0.334,14.5,mobile,Basic,Seoul,beauty,email,Explorer
CUST-003542,2026-03-10,33.0,8,8.15,5,6,0.215,0.149,8.9,mobile,Silver,Gyeonggi,home,email,Loyal
CUST-003543,2022-07-20,30.0,6,37.65,6,2,0.155,0.064,11.8,desktop,Basic,Gyeonggi,fashion,email,Explorer
CUST-003544,2026-07-29,53.0,8,6.15,2,7,0.195,0.797,39.4,desktop,Basic,Busan,beauty,email|push|sms,Loyal
CUST-003545,2022-11-15,37.0,14,18.57,11,3,0.048,0.323,18.6,mobile,Basic,Seoul,fashion,email,Explorer
CUST-003546,2024-06-24,35.0,11,8.11,9,5,0.185,0.565,3.4,tablet,Basic,Busan,sports,sms,Bargain
CUST-003547,2025-08-15,42.0,7,8.19,3,1,0.174,0.777,19.1,mobile,Basic,Busan,sports,email|push|sms,Bargain
CUST-003548,2026-07-18,51.0,11,9.07,1,1,0.051,0.345,12.8,mobile,Gold,Seoul,beauty,push,Explorer
CUST-003549,2024-12-19,41.0,14,18.7,6,6,0.319,0.335,25.5,desktop,Silver,Seoul,sports,email,Explorer
CUST-003550,2025-05-19,20.0,11,35.36,7,4,0.062,0.102,13.1,mobile,Basic,Gyeonggi,fashion,push,Explorer
CUST-003551,2023-07-16,39.0,13,11.91,8,1,0.156,0.472,14.3,mobile,Basic,Daegu,beauty,email,Explorer
CUST-003552,2024-04-18,55.0,9,10.99,3,6,0.039,0.65,12.0,desktop,Basic,Daegu,sports,email|push,Loyal
CUST-003553,2024-02-08,53.0,5,15.83,2,4,0.072,0.234,5.0,mobile,Silver,Daegu,home,email,Loyal
CUST-003554,2023-10-28,42.0,10,2.53,10,6,0.225,0.342,18.5,tablet,Basic,Daegu,sports,email,Bargain
CUST-003555,2023-03-22,36.0,9,19.44,7,4,0.059,0.563,22.5,mobile,Basic,Seoul,beauty,email|sms,Bargain
CUST-003556,2024-02-16,51.0,11,9.03,4,2,0.333,0.504,5.0,desktop,Silver,Busan,sports,email,Bargain
CUST-003557,2025-03-26,58.0,9,8.99,8,3,0.261,0.261,10.3,mobile,Basic,Busan,sports,sms,Bargain
CUST-003558,2024-08-24,49.0,10,20.89,7,4,0.053,0.147,10.8,mobile,Silver,Seoul,electronics,push|sms,Explorer
CUST-003559,2022-07-29,37.0,4,6.29,3,5,0.226,0.289,3.9,desktop,Basic,Gyeonggi,home,email|push,Bargain
CUST-003560,2026-03-23,18.0,12,18.85,8,5,0.078,0.403,15.5,mobile,Basic,Busan,sports,sms,Bargain
CUST-003561,2024-12-01,32.0,6,43.51,7,5,0.114,0.024,13.2,desktop,Basic,Daejeon,sports,email,Explorer
CUST-003562,2026-04-08,35.0,8,22.25,7,4,0.218,0.611,6.5,tablet,Basic,Gyeonggi,fashion,email,Bargain
CUST-003563,2025-01-29,47.0,12,5.25,7,4,0.182,0.672,5.6,mobile,Silver,Daegu,electronics,push,Bargain
CUST-003564,2026-05-27,36.0,6,7.36,4,5,0.144,0.772,9.0,desktop,Basic,Gyeonggi,electronics,email|sms,Bargain
CUST-003565,2022-08-04,31.0,7,30.64,9,6,0.289,0.482,31.5,mobile,Silver,Seoul,beauty,email,Bargain
CUST-003566,2022-04-27,48.0,11,22.63,5,6,0.202,0.473,31.0,mobile,Basic,Gyeonggi,electronics,email|push|sms,Bargain
CUST-003567,2022-01-02,18.0,9,7.07,8,2,0.244,0.703,13.5,desktop,Silver,Gyeonggi,electronics,push|sms,Bargain
CUST-003568,2026-05-03,44.0,11,22.49,8,2,0.015,0.265,10.7,tablet,Basic,Daejeon,fashion,push,Explorer
CUST-003569,2024-04-15,55.0,10,35.71,4,2,0.021,0.436,4.3,mobile,Silver,Gyeonggi,beauty,push,Explorer
CUST-003570,2023-07-23,63.0,14,29.01,5,7,0.074,0.405,11.6,mobile,Basic,Gyeonggi,fashion,push,Bargain
CUST-003571,2026-02-14,51.0,10,18.74,11,2,0.237,0.568,8.0,tablet,Basic,Seoul,fashion,email,Bargain
CUST-003572,2024-03-15,62.0,12,41.11,7,3,0.38,0.1,5.1,desktop,Basic,Seoul,beauty,sms,Explorer
CUST-003573,2024-04-21,34.0,13,12.76,4,6,0.052,0.22,19.4,desktop,Basic,Gyeonggi,electronics,push,Explorer
CUST-003574,2023-12-01,46.0,6,5.79,4,7,0.116,0.546,17.1,mobile,Basic,Seoul,electronics,email|push,Bargain
CUST-003575,2024-03-19,47.0,6,20.82,9,5,0.434,0.115,8.4,desktop,Basic,Busan,home,email,Explorer
CUST-003576,2025-06-30,57.0,7,12.36,4,1,0.262,0.469,38.0,mobile,Silver,Busan,electronics,sms,Explorer
CUST-003577,2022-06-10,35.0,10,17.99,3,5,0.007,0.962,15.8,desktop,Basic,Gyeonggi,sports,sms,Bargain
CUST-003578,2023-03-12,25.0,10,12.94,2,3,0.149,0.23,8.5,mobile,Basic,Busan,electronics,push|sms,Loyal
CUST-003579,2024-08-20,42.0,15,14.75,3,6,0.208,0.892,4.9,desktop,Basic,Busan,beauty,push|sms,Bargain
CUST-003580,2025-01-01,48.0,7,9.12,5,2,0.243,0.275,14.0,mobile,Basic,Busan,home,sms,Bargain
CUST-003581,2025-01-24,52.0,9,11.94,2,5,0.055,0.503,8.8,desktop,Basic,Seoul,home,email|push|sms,Loyal
CUST-003582,2025-03-05,28.0,11,13.99,5,6,0.307,0.543,6.9,mobile,Basic,Seoul,home,email,Bargain
CUST-003583,2026-01-07,37.0,3,16.02,6,3,0.207,0.649,19.8,desktop,Gold,Daegu,electronics,email,Bargain
CUST-003584,2025-10-29,49.0,9,5.86,4,3,0.194,0.608,30.1,mobile,Silver,Gyeonggi,fashion,email|push,Bargain
CUST-003585,2025-04-25,55.0,7,22.78,8,1,0.126,0.662,14.7,desktop,Basic,Gyeonggi,fashion,email,Bargain
CUST-003586,2025-01-12,44.0,8,9.62,6,6,0.233,0.047,18.4,desktop,Silver,Busan,fashion,email|push,Loyal
CUST-003587,2022-11-20,26.0,10,45.06,2,4,0.292,0.569,12.8,tablet,Basic,Gyeonggi,sports,email,Explorer
CUST-003588,2023-06-24,24.0,13,19.47,6,2,0.36,0.393,19.3,mobile,,Gyeonggi,home,email,Explorer
CUST-003589,2023-02-02,36.0,9,8.53,7,2,0.116,0.573,18.6,mobile,Gold,Seoul,home,email,Bargain
CUST-003590,2026-07-31,44.0,16,31.28,3,8,0.342,0.615,8.0,desktop,Basic,Seoul,fashion,email|push|sms,Explorer
CUST-003591,2025-04-24,31.0,8,15.65,7,5,0.166,0.241,5.4,mobile,Gold,Seoul,electronics,sms,Explorer
CUST-003592,2025-03-22,43.0,7,17.47,6,2,0.078,0.669,3.8,mobile,Basic,Busan,electronics,push,Explorer
CUST-003593,2023-01-11,28.0,8,5.51,2,4,0.083,0.379,13.2,desktop,Basic,Seoul,fashion,push,Explorer
CUST-003594,2022-05-05,38.0,10,18.37,5,4,0.119,0.336,18.5,tablet,Silver,Daegu,fashion,push,Explorer
CUST-003595,2024-12-31,49.0,5,22.36,6,8,0.336,0.443,5.0,mobile,Silver,Busan,fashion,push,Bargain
CUST-003596,2025-06-15,24.0,13,20.56,7,4,0.032,0.387,8.0,mobile,Basic,Seoul,fashion,push|sms,Loyal
CUST-003597,2025-01-04,,8,16.36,7,4,0.042,0.467,13.8,mobile,Basic,Daejeon,electronics,push,Explorer
CUST-003598,2022-01-05,36.0,11,39.14,8,7,0.035,0.415,1.4,mobile,Basic,Daegu,sports,email|sms,Loyal
CUST-003599,2025-09-05,36.0,4,14.16,0,0,0.197,0.46,9.8,mobile,Silver,Seoul,fashion,email,Explorer
CUST-003600,2023-03-25,48.0,9,7.72,1,4,0.031,0.048,49.1,tablet,Basic,Gyeonggi,electronics,push,Explorer
CUST-003601,2023-10-01,49.0,12,10.43,1,2,0.21,0.485,2.0,tablet,Basic,Daegu,home,sms,Bargain
CUST-003602,2024-10-04,45.0,8,33.93,4,3,0.19,0.42,4.3,mobile,Silver,Daegu,fashion,sms,Explorer
CUST-003603,2023-10-30,19.0,7,8.0,6,4,0.08,0.229,19.8,mobile,Silver,Gyeonggi,beauty,sms,Explorer
CUST-003604,2026-07-23,46.0,10,5.04,5,1,0.011,0.499,16.7,desktop,Basic,Seoul,fashion,push,Bargain
CUST-003605,2023-03-26,44.0,8,11.37,4,6,0.255,0.192,3.2,mobile,Silver,Gyeonggi,home,email,Loyal
CUST-003606,2023-12-12,20.0,8,31.66,5,3,0.187,0.561,13.7,mobile,Basic,Seoul,home,push,Bargain
CUST-003607,2023-11-29,55.0,8,8.36,7,8,0.31,0.394,26.5,mobile,Silver,Gyeonggi,beauty,sms,Loyal
CUST-003608,2024-08-06,28.0,15,27.35,5,4,0.095,0.481,13.0,mobile,Basic,Gyeonggi,home,sms,Explorer
CUST-003609,2023-07-14,26.0,7,23.5,6,5,0.086,0.158,13.1,mobile,Gold,Daejeon,beauty,email|push|sms,Explorer
CUST-003610,2022-05-18,37.0,9,272.44,5,2,0.036,0.099,9.9,mobile,Basic,Seoul,home,push,Explorer
CUST-003611,2023-12-20,32.0,10,12.51,4,4,0.263,0.2,15.1,desktop,Silver,Daegu,fashion,email|push,Loyal
CUST-003612,2026-02-02,43.0,9,18.92,10,3,0.191,0.305,14.0,desktop,Basic,Busan,fashion,email|push|sms,Bargain
CUST-003613,2023-09-14,36.0,7,32.99,3,3,0.155,0.443,30.4,desktop,Basic,Gyeonggi,home,email,Bargain
CUST-003614,2025-01-31,39.0,10,10.64,10,3,0.04,0.84,10.5,mobile,Basic,Daegu,fashion,email,Bargain
CUST-003615,2022-09-18,33.0,11,18.73,4,5,0.142,0.545,7.9,mobile,Gold,Daejeon,beauty,email|sms,Loyal
CUST-003616,2022-02-26,50.0,6,26.71,5,2,0.031,0.493,9.6,mobile,Basic,Busan,home,push,Explorer
CUST-003617,2024-02-04,39.0,9,7.54,3,4,0.222,0.11,9.2,desktop,Basic,Seoul,electronics,email|push|sms,Loyal
CUST-003618,2025-09-02,36.0,8,21.52,5,5,0.188,0.318,29.7,mobile,Silver,Busan,electronics,email,Bargain
CUST-003619,2025-07-13,43.0,8,11.36,5,6,0.214,0.873,16.1,desktop,Basic,Daejeon,fashion,sms,Bargain
CUST-003620,2026-03-06,43.0,7,33.57,7,1,0.573,0.534,5.5,mobile,Basic,Busan,fashion,email,Bargain
CUST-003621,2024-09-01,39.0,8,12.76,7,4,0.025,0.421,5.7,mobile,Basic,Gyeonggi,fashion,email,Loyal
CUST-003622,2024-02-04,24.0,8,50.51,2,3,0.178,0.29,33.9,mobile,Basic,Gyeonggi,home,email,Explorer
CUST-003623,2026-06-26,43.0,9,37.34,8,4,0.131,0.336,3.6,mobile,Basic,Seoul,fashion,sms,Bargain
CUST-003624,2025-11-28,44.0,14,18.91,6,4,0.149,0.373,7.4,mobile,Silver,Gyeonggi,home,sms,Bargain
CUST-003625,2025-05-29,18.0,15,15.86,5,4,0.223,0.217,6.8,desktop,Silver,Seoul,home,email,Explorer
CUST-003626,2023-07-20,46.0,9,41.07,6,6,0.149,0.22,47.1,mobile,Silver,Busan,electronics,email,Explorer
CUST-003627,2022-09-12,37.0,11,27.63,4,3,0.579,0.637,15.1,mobile,Basic,Daejeon,electronics,sms,Bargain
CUST-003628,2022-11-01,50.0,5,10.94,3,3,0.051,0.368,16.4,mobile,Basic,Gyeonggi,home,push,Explorer
CUST-003629,2024-11-04,43.0,8,7.56,6,1,0.145,0.607,17.7,desktop,Silver,Gyeonggi,home,push,Bargain
CUST-003630,2025-06-14,41.0,11,13.18,5,2,0.128,0.426,1.7,desktop,Silver,Busan,sports,sms,Loyal
CUST-003631,2025-05-14,33.0,11,25.26,9,5,0.153,0.764,5.9,mobile,Gold,Busan,fashion,email|sms,Bargain
CUST-003632,2024-08-07,20.0,4,13.77,5,1,0.29,0.792,32.1,tablet,Basic,Gyeonggi,beauty,push,Bargain
CUST-003633,2022-12-04,48.0,10,7.42,4,6,0.064,0.622,8.8,desktop,Gold,Gyeonggi,electronics,sms,Bargain
CUST-003634,2022-04-19,35.0,9,18.76,10,6,0.226,0.745,19.7,mobile,Gold,Seoul,home,email,Loyal
CUST-003635,2026-05-22,48.0,13,9.66,7,5,0.163,0.676,7.4,mobile,Gold,Busan,sports,email|push|sms,Loyal
CUST-003636,2024-07-30,44.0,4,3.29,2,3,0.206,0.463,6.6,desktop,Basic,Seoul,fashion,sms,Bargain
CUST-003637,2022-10-20,54.0,7,32.89,7,5,0.249,0.263,4.8,mobile,Gold,Daegu,electronics,sms,Explorer
CUST-003638,2023-03-12,23.0,4,8.64,9,4,0.21,0.626,16.1,mobile,Basic,Busan,home,email,Bargain
CUST-003639,2025-04-01,36.0,8,20.1,7,2,0.177,0.266,26.6,mobile,Basic,Gyeonggi,beauty,push,Bargain
CUST-003640,2026-04-19,29.0,10,25.75,6,5,0.228,0.724,3.2,tablet,Basic,Seoul,fashion,email,Loyal
CUST-003641,2022-08-24,40.0,11,17.85,2,2,0.05,0.559,3.6,desktop,Basic,Busan,fashion,push,Bargain
CUST-003642,2022-07-18,35.0,10,24.03,2,2,0.191,0.115,11.7,desktop,Gold,Daegu,home,push,Bargain
CUST-003643,2026-05-11,45.0,12,10.44,8,10,0.385,0.057,13.5,mobile,Basic,Seoul,fashion,push,Loyal
CUST-003644,2023-05-07,37.0,10,10.05,4,0,0.203,0.246,10.8,desktop,Silver,Seoul,home,push,Explorer
CUST-003645,2023-01-27,44.0,5,25.08,5,3,0.156,0.4,5.9,mobile,Basic,Seoul,fashion,email|push|sms,Explorer
CUST-003646,2025-06-03,44.0,6,5.24,5,5,0.166,0.657,27.8,mobile,Basic,Gyeonggi,beauty,email,Bargain
CUST-003647,2023-01-28,30.0,9,7.67,3,7,0.022,0.407,42.6,mobile,Gold,Busan,fashion,sms,Loyal
CUST-003648,2024-05-14,36.0,3,26.56,5,2,0.187,0.543,3.9,mobile,Basic,Gyeonggi,sports,email|push,Explorer
CUST-003649,2025-10-14,57.0,10,25.88,7,5,0.035,0.083,13.7,desktop,Silver,Daejeon,home,email,Explorer
CUST-003650,2025-09-21,41.0,14,15.35,5,6,0.218,0.422,13.4,desktop,Basic,Daegu,sports,email,Loyal
CUST-003651,2024-06-13,28.0,7,13.05,3,2,0.084,0.641,30.1,mobile,Gold,Gyeonggi,sports,email|push,Bargain
CUST-003652,2026-02-19,45.0,11,22.09,6,2,0.223,0.652,10.8,mobile,Basic,Busan,beauty,email|push|sms,Explorer
CUST-003653,2025-06-24,22.0,12,25.64,9,3,0.14,0.338,4.8,mobile,Silver,Busan,home,push,Bargain
CUST-003654,2022-03-27,44.0,6,12.62,8,7,0.258,0.423,10.3,mobile,Gold,Daejeon,electronics,email|push,Bargain
CUST-003655,2022-10-16,46.0,9,25.47,7,4,0.1,0.536,4.1,mobile,Basic,Busan,electronics,push|sms,Explorer
CUST-003656,2025-03-24,41.0,9,14.46,5,4,0.175,0.831,18.5,desktop,Basic,Gyeonggi,sports,email|push|sms,Bargain
CUST-003657,2023-09-07,50.0,7,5.49,4,6,0.298,0.245,6.5,mobile,Basic,Seoul,fashion,push,Bargain
CUST-003658,2022-10-01,37.0,7,25.28,7,2,0.422,0.129,15.9,mobile,Basic,Gyeonggi,fashion,email,Explorer
CUST-003659,2025-07-26,39.0,11,17.03,6,3,0.042,0.29,9.5,desktop,Silver,Seoul,home,email|push,Bargain
CUST-003660,2025-03-29,45.0,11,6.51,6,2,0.259,0.48,32.8,mobile,Basic,Seoul,electronics,email,Bargain
CUST-003661,2023-05-28,53.0,7,28.21,7,4,0.252,0.315,14.9,mobile,Basic,Seoul,home,email,Explorer
CUST-003662,2023-10-02,18.0,4,31.94,7,3,0.291,0.526,2.3,desktop,Basic,Gyeonggi,home,email,Explorer
CUST-003663,2022-09-19,32.0,12,32.66,8,2,0.301,0.414,28.1,mobile,Basic,Busan,sports,push,Explorer
CUST-003664,2024-02-02,34.0,8,20.77,5,2,0.07,0.725,11.5,mobile,Silver,Seoul,fashion,push,Bargain
CUST-003665,2025-11-11,47.0,12,19.82,3,0,0.189,0.376,6.6,mobile,Gold,Busan,fashion,email|sms,Bargain
CUST-003666,2022-03-30,36.0,11,26.52,6,4,0.177,0.574,5.2,mobile,Gold,Seoul,sports,push,Bargain
CUST-003667,2025-09-19,60.0,7,7.07,5,5,0.147,0.106,6.2,mobile,Silver,Seoul,fashion,push,Loyal
CUST-003668,2026-02-02,47.0,13,30.09,9,4,0.292,0.846,16.3,desktop,Silver,Gyeonggi,home,email|push,Explorer
CUST-003669,2022-06-03,60.0,8,7.22,6,4,0.154,0.41,10.7,mobile,Basic,Gyeonggi,electronics,sms,Explorer
CUST-003670,2022-01-07,62.0,9,8.83,4,2,0.309,0.427,2.4,desktop,Basic,Seoul,beauty,email|sms,Bargain
CUST-003671,2026-07-13,33.0,18,7.76,3,5,0.075,0.517,26.7,tablet,Silver,Busan,home,email,Loyal
CUST-003672,2025-08-31,36.0,9,34.76,7,4,0.132,0.192,3.8,desktop,Silver,Seoul,sports,push|sms,Explorer
CUST-003673,2023-03-14,30.0,10,9.42,5,3,0.135,0.303,7.5,mobile,Basic,Seoul,electronics,email|sms,Bargain
CUST-003674,2024-12-16,49.0,8,4.49,5,2,0.334,0.731,23.0,desktop,Basic,Seoul,fashion,email|sms,Bargain
CUST-003675,2023-05-13,37.0,8,12.68,3,1,0.24,0.403,16.9,mobile,Gold,Daegu,fashion,email,Bargain
CUST-003676,2024-11-16,48.0,6,8.28,3,5,0.068,0.385,33.1,mobile,Silver,Busan,fashion,email,Loyal
CUST-003677,2023-03-29,59.0,8,11.51,7,2,0.251,0.467,10.4,mobile,Silver,Busan,home,push,Bargain
CUST-003678,2025-11-01,27.0,12,8.76,7,1,0.291,0.447,27.1,mobile,Basic,Busan,sports,email,Bargain
CUST-003679,2023-02-18,34.0,10,27.45,5,5,0.399,0.374,2.4,mobile,Gold,Seoul,electronics,email,Explorer
CUST-003680,2025-11-19,55.0,7,8.6,4,4,0.023,0.17,23.9,desktop,Basic,Seoul,fashion,email|push|sms,Explorer
CUST-003681,2022-11-17,47.0,10,4.03,3,4,0.267,0.838,1.2,desktop,Basic,Daejeon,beauty,push,Bargain
CUST-003682,2026-07-25,18.0,8,15.04,5,3,0.097,0.669,11.2,desktop,Basic,Daejeon,fashion,sms,Bargain
CUST-003683,2025-08-09,23.0,10,4.48,6,1,0.217,0.322,6.4,desktop,Basic,Gyeonggi,beauty,email,Loyal
CUST-003684,2026-06-04,55.0,10,34.2,6,5,0.007,0.336,10.5,desktop,Gold,Daejeon,fashion,push,Loyal
CUST-003685,2022-06-29,39.0,13,11.85,5,1,0.325,0.406,12.2,mobile,Silver,Gyeonggi,electronics,sms,Bargain
CUST-003686,2023-06-07,41.0,7,25.32,10,2,0.195,0.318,19.8,mobile,Silver,Gyeonggi,fashion,email,Bargain
CUST-003687,2022-04-04,45.0,7,16.98,10,3,0.221,0.676,17.6,mobile,Gold,Gyeonggi,fashion,push,Loyal
CUST-003688,2023-10-14,38.0,9,17.95,1,4,0.196,0.241,12.8,desktop,Basic,Gyeonggi,sports,email|sms,Explorer
CUST-003689,2023-09-06,39.0,9,6.91,11,2,0.178,0.282,18.9,tablet,Gold,Seoul,home,email|push,Bargain
CUST-003690,2022-04-03,41.0,11,10.32,6,4,0.406,0.628,18.1,mobile,Silver,Gyeonggi,fashion,push,Bargain
CUST-003691,2024-07-31,49.0,7,29.25,5,2,0.057,0.538,3.0,tablet,Silver,Gyeonggi,fashion,sms,Explorer
CUST-003692,2023-05-09,49.0,8,24.94,2,5,0.005,0.532,12.2,desktop,Basic,Busan,beauty,email|push,Explorer
CUST-003693,2023-05-04,29.0,12,35.05,3,2,0.117,0.438,3.9,tablet,Gold,Gyeonggi,electronics,push,Explorer
CUST-003694,2022-03-22,27.0,4,49.2,5,4,0.191,0.31,5.6,mobile,Basic,Gyeonggi,electronics,push,Explorer
CUST-003695,2025-11-28,54.0,8,22.57,1,3,0.082,0.216,11.0,desktop,Gold,Busan,home,push,Bargain
CUST-003696,2025-03-31,53.0,9,26.63,9,5,0.027,0.777,11.1,desktop,Basic,Seoul,sports,push,Bargain
CUST-003697,2024-03-13,47.0,6,25.45,4,1,0.208,0.131,22.9,tablet,Silver,Seoul,sports,push,Explorer
CUST-003698,2022-06-23,34.0,12,8.16,9,4,0.123,0.634,14.8,desktop,Basic,Busan,home,email,Explorer
CUST-003699,2024-04-23,40.0,6,9.5,7,2,0.326,0.478,15.0,mobile,Basic,Gyeonggi,beauty,email,Bargain
CUST-003700,2025-03-16,24.0,10,7.11,5,2,0.11,0.425,30.8,mobile,Silver,Seoul,beauty,email,Bargain
CUST-003701,2023-01-31,23.0,4,35.88,4,2,0.062,0.577,24.8,mobile,Gold,Gyeonggi,beauty,email,Explorer
CUST-003702,2024-06-26,42.0,4,18.49,8,4,0.231,0.75,1.9,tablet,Basic,Gyeonggi,fashion,email|push,Bargain
CUST-003703,2023-08-06,48.0,8,17.89,9,3,0.098,0.52,8.8,mobile,Basic,Daejeon,fashion,email,Bargain
CUST-003704,2026-02-22,18.0,6,5.42,4,6,0.075,0.256,9.4,mobile,Basic,Seoul,sports,push|sms,Loyal
CUST-003705,2025-06-26,43.0,5,30.82,11,1,0.182,0.349,4.3,mobile,Gold,Daejeon,sports,email,Bargain
CUST-003706,2026-02-13,29.0,10,24.29,5,5,0.1,0.409,23.7,mobile,Silver,Gyeonggi,electronics,push,Explorer
CUST-003707,2025-12-14,21.0,4,28.25,6,2,0.3,0.146,23.0,mobile,Basic,Seoul,beauty,push,Explorer
CUST-003708,2024-06-29,43.0,5,21.55,7,10,0.186,0.178,7.8,mobile,Silver,Busan,fashion,push,Loyal
CUST-003709,2022-08-14,29.0,7,42.78,9,0,0.062,0.295,13.1,desktop,Silver,Gyeonggi,electronics,email|push,Explorer
CUST-003710,2022-05-16,40.0,6,22.74,6,3,0.25,0.394,9.0,desktop,Basic,Gyeonggi,home,push,Explorer
CUST-003711,2022-06-09,26.0,7,35.67,6,5,0.047,0.369,8.2,mobile,Basic,Daejeon,home,email,Explorer
CUST-003712,2022-04-02,45.0,6,17.45,10,3,0.347,0.239,19.5,mobile,Basic,Seoul,home,push,Explorer
CUST-003713,2023-02-09,29.0,8,34.1,3,5,0.15,0.434,16.7,desktop,Gold,Gyeonggi,electronics,sms,Loyal
CUST-003714,2024-02-08,24.0,14,28.28,4,4,0.069,0.627,8.6,desktop,Silver,Gyeonggi,electronics,sms,Explorer
CUST-003715,2025-04-01,53.0,12,43.54,2,1,0.133,0.252,4.3,desktop,Silver,Seoul,fashion,email,Explorer
CUST-003716,2022-12-16,31.0,9,6.42,10,2,0.316,0.657,8.7,tablet,Basic,Daegu,beauty,email|push,Bargain
CUST-003717,2024-08-25,49.0,9,19.88,5,3,0.064,0.427,4.1,desktop,Basic,Daejeon,electronics,push,Explorer
CUST-003718,2023-01-04,43.0,7,11.47,5,3,0.183,0.684,2.2,mobile,Gold,Seoul,electronics,email|push,Bargain
CUST-003719,2024-09-03,46.0,7,12.93,4,2,0.097,0.234,11.6,mobile,Basic,Daegu,electronics,push,Explorer
CUST-003720,2023-06-26,,10,22.14,5,1,0.334,0.496,19.7,mobile,Gold,Gyeonggi,home,email,Explorer
CUST-003721,2024-08-03,36.0,8,28.07,3,2,0.201,0.534,0.7,mobile,Basic,Gyeonggi,beauty,push,Explorer
CUST-003722,2022-02-17,50.0,8,11.11,5,2,0.047,0.719,37.8,desktop,Basic,Daejeon,home,push,Bargain
CUST-003723,2026-07-03,45.0,7,4.3,4,5,0.401,0.509,16.1,desktop,Basic,Daegu,fashion,email|sms,Loyal
CUST-003724,2023-04-05,60.0,6,8.77,8,2,0.24,0.355,7.6,mobile,Basic,Daejeon,sports,email,Bargain
CUST-003725,2024-06-30,25.0,11,11.17,9,4,0.049,0.461,19.2,mobile,Basic,Gyeonggi,beauty,email,Bargain
CUST-003726,2026-05-10,53.0,4,49.41,7,9,0.37,0.184,26.2,mobile,Gold,Daegu,electronics,email,Loyal
CUST-003727,2025-09-12,39.0,9,18.2,5,2,0.299,0.68,32.5,mobile,Basic,Gyeonggi,electronics,email,Bargain
CUST-003728,2024-09-30,46.0,10,26.4,10,3,0.217,0.392,4.7,mobile,Silver,Busan,home,push,Explorer
CUST-003729,2024-04-11,37.0,6,69.18,3,3,0.092,0.362,7.3,mobile,Basic,Daejeon,fashion,push,Explorer
CUST-003730,2025-03-07,56.0,10,17.4,8,6,0.006,0.07,30.9,mobile,Silver,Gyeonggi,home,push,Explorer
CUST-003731,2022-07-19,35.0,16,10.09,4,2,0.051,0.374,21.3,mobile,Basic,Gyeonggi,fashion,sms,Bargain
CUST-003732,2022-11-18,23.0,14,10.5,7,4,0.185,0.751,0.9,mobile,Gold,Daejeon,electronics,sms,Bargain
CUST-003733,2023-08-12,41.0,14,8.17,6,3,0.082,0.261,12.2,mobile,Silver,Busan,electronics,push|sms,Explorer
CUST-003734,2025-07-07,59.0,5,23.95,4,4,0.023,0.268,27.3,mobile,Gold,Busan,electronics,email,Explorer
CUST-003735,2024-06-13,44.0,12,17.89,8,1,0.174,0.728,16.3,mobile,Basic,Busan,fashion,sms,Bargain
CUST-003736,2024-09-02,47.0,7,38.22,5,5,0.4,0.307,26.3,mobile,Basic,Gyeonggi,beauty,email,Bargain
CUST-003737,2023-06-26,29.0,9,19.29,7,4,0.294,0.492,7.1,mobile,Silver,Gyeonggi,sports,sms,Explorer
CUST-003738,2023-07-18,52.0,13,13.07,4,4,0.169,0.687,25.4,mobile,Silver,Gyeonggi,fashion,push,Bargain
CUST-003739,2026-06-04,43.0,13,16.47,3,1,0.049,0.533,23.0,mobile,Basic,Gyeonggi,sports,email|sms,Explorer
CUST-003740,2022-01-18,46.0,7,8.38,6,1,0.272,0.674,3.1,mobile,Basic,Daegu,electronics,push,Bargain
CUST-003741,2023-11-28,41.0,10,44.13,12,4,0.028,0.667,7.2,desktop,Basic,Busan,beauty,email|push,Bargain
CUST-003742,2023-03-29,33.0,9,9.15,5,3,0.067,0.267,10.4,tablet,Gold,Gyeonggi,electronics,email,Bargain
CUST-003743,2025-03-31,39.0,11,5.99,9,7,0.315,0.599,6.0,desktop,Basic,Busan,fashion,sms,Loyal
CUST-003744,2024-10-17,41.0,11,22.04,5,7,0.084,0.195,12.5,mobile,Basic,Busan,fashion,email|push,Loyal
CUST-003745,2025-06-14,40.0,11,13.93,4,3,0.063,0.436,7.9,mobile,Silver,Seoul,fashion,sms,Bargain
CUST-003746,2024-09-14,38.0,12,9.53,5,4,0.035,0.184,7.4,desktop,Silver,Gyeonggi,sports,push,Loyal
CUST-003747,2023-12-13,46.0,8,21.52,9,5,0.16,0.544,19.9,mobile,Basic,Daegu,fashion,push|sms,Bargain
CUST-003748,2023-10-13,31.0,13,28.87,10,3,0.164,0.638,13.1,mobile,Silver,Daegu,electronics,email|push,Explorer
CUST-003749,2022-04-10,44.0,7,24.25,9,1,0.116,0.483,22.3,desktop,Basic,Seoul,beauty,email,Explorer
CUST-003750,2026-01-12,39.0,10,28.7,5,5,0.432,0.656,8.6,mobile,Gold,Daejeon,beauty,email|push|sms,Bargain
CUST-003751,2023-11-21,46.0,6,24.31,6,3,0.2,0.197,47.6,mobile,Basic,Seoul,home,push,At_Risk
CUST-003752,2025-10-25,46.0,13,11.49,6,3,0.44,0.147,3.5,desktop,Basic,Seoul,fashion,email,Bargain
CUST-003753,2022-01-22,57.0,16,12.01,8,5,0.191,0.804,12.4,mobile,Silver,Busan,home,email|sms,Loyal
CUST-003754,2025-05-13,29.0,8,22.64,4,5,0.13,0.278,24.3,mobile,Basic,Busan,sports,push|sms,Explorer
CUST-003755,2024-11-06,43.0,6,20.9,10,5,0.099,0.38,13.5,mobile,Basic,Gyeonggi,beauty,email|push|sms,Bargain
CUST-003756,2025-05-14,31.0,11,27.86,4,3,0.334,0.23,11.7,mobile,Basic,Gyeonggi,sports,email,Explorer
CUST-003757,2023-05-22,18.0,7,23.81,5,2,0.155,0.555,11.7,mobile,Silver,Gyeonggi,beauty,push,Explorer
CUST-003758,2024-11-22,24.0,13,27.23,4,3,0.199,0.674,10.8,mobile,Silver,Seoul,sports,email|push,Explorer
CUST-003759,2026-01-24,60.0,14,25.96,5,4,0.067,0.551,11.7,mobile,Basic,Seoul,electronics,sms,Explorer
CUST-003760,2022-09-07,51.0,12,19.96,11,1,0.268,0.354,12.5,mobile,Basic,Seoul,electronics,email,Bargain
CUST-003761,2023-09-08,33.0,12,22.25,7,5,0.356,0.121,20.9,mobile,Basic,Gyeonggi,fashion,email|sms,Explorer
CUST-003762,2023-01-30,39.0,9,19.37,9,2,0.124,0.295,14.6,mobile,Basic,Gyeonggi,fashion,email,Bargain
CUST-003763,2022-12-10,41.0,7,18.14,8,1,0.047,0.558,25.0,mobile,Basic,Gyeonggi,electronics,email,Bargain
CUST-003764,2025-07-26,65.0,12,8.11,3,1,0.073,0.245,6.9,tablet,Basic,Seoul,home,email,Loyal
CUST-003765,2023-05-26,32.0,10,22.73,7,1,0.037,0.407,12.8,mobile,Silver,Gyeonggi,beauty,push,Bargain
CUST-003766,2026-07-28,37.0,10,14.39,7,5,0.056,0.842,12.0,mobile,Silver,Busan,fashion,push|sms,Bargain
CUST-003767,2025-06-25,47.0,8,19.5,7,2,0.276,0.547,4.5,desktop,Gold,Busan,sports,email,Bargain
CUST-003768,2022-02-27,30.0,10,3.75,5,5,0.059,0.39,4.7,desktop,Basic,Daejeon,beauty,push,Bargain
CUST-003769,2025-06-30,32.0,10,11.46,5,2,0.217,0.311,10.6,desktop,Basic,Seoul,fashion,email,Explorer
CUST-003770,2025-05-08,66.0,11,43.07,8,3,0.119,0.445,9.1,mobile,Basic,Seoul,home,push,Explorer
CUST-003771,2023-11-06,18.0,6,38.59,10,6,0.287,0.827,8.1,mobile,Basic,Seoul,home,push,Bargain
CUST-003772,2025-12-02,56.0,10,20.14,5,3,0.291,0.456,17.4,desktop,Silver,Seoul,beauty,email|push,Explorer
CUST-003773,2023-06-19,43.0,14,4.09,1,6,0.284,0.673,16.5,mobile,Silver,Gyeonggi,fashion,email,Explorer
CUST-003774,2024-11-19,47.0,8,10.28,8,5,0.14,0.385,10.4,desktop,Basic,Seoul,home,push,Bargain
CUST-003775,2023-05-09,32.0,15,32.92,7,5,0.415,0.469,16.7,mobile,Gold,Busan,sports,push,Explorer
CUST-003776,2023-05-14,40.0,10,32.27,5,3,0.118,0.748,13.9,mobile,Silver,Daegu,beauty,email,Explorer
CUST-003777,2023-05-19,24.0,11,25.36,8,5,0.126,0.567,7.8,mobile,Basic,Seoul,fashion,email,Explorer
CUST-003778,2025-08-12,22.0,8,18.56,7,4,0.087,0.185,44.8,mobile,Silver,Busan,home,email,Explorer
CUST-003779,2024-11-19,22.0,8,27.97,5,7,0.143,0.703,6.0,mobile,Basic,Daejeon,electronics,email|push,Loyal
CUST-003780,2022-04-08,24.0,10,19.41,9,2,0.181,0.074,13.1,mobile,Silver,Seoul,home,email|push,Bargain
CUST-003781,2023-02-10,32.0,9,29.87,11,0,0.259,0.426,24.5,mobile,Basic,Gyeonggi,fashion,email|push,Bargain
CUST-003782,2024-11-02,28.0,9,44.34,11,3,0.341,0.409,12.3,mobile,Basic,Busan,fashion,sms,Explorer
CUST-003783,2025-07-02,35.0,8,8.06,8,1,0.091,0.388,11.3,desktop,Silver,Seoul,home,email|sms,Explorer
CUST-003784,2022-07-22,38.0,16,31.07,8,1,0.125,0.587,7.0,mobile,Basic,Busan,sports,push,Bargain
CUST-003785,2024-05-16,40.0,7,14.48,8,9,0.242,0.592,21.6,mobile,Basic,Busan,home,email|push,Bargain
CUST-003786,2022-09-19,40.0,15,29.9,4,2,0.046,0.806,0.6,mobile,Basic,Busan,fashion,push,Explorer
CUST-003787,2025-05-10,41.0,6,18.05,10,2,0.171,0.427,9.6,mobile,Silver,Busan,sports,email,Bargain
CUST-003788,2024-04-22,39.0,7,14.93,6,3,0.15,0.747,23.9,desktop,Gold,Busan,beauty,email|push,Bargain
CUST-003789,2023-12-31,54.0,6,5.03,8,5,0.091,0.444,7.1,mobile,Silver,Busan,sports,email,Loyal
CUST-003790,2024-10-07,46.0,4,23.2,4,2,0.075,0.539,8.5,desktop,Gold,Seoul,home,sms,Explorer
CUST-003791,2024-07-06,38.0,8,6.15,3,6,0.091,0.167,1.9,desktop,Basic,Gyeonggi,fashion,push,Loyal
CUST-003792,2024-07-23,53.0,11,19.07,4,4,0.191,0.629,16.5,mobile,Silver,Seoul,electronics,email,Explorer
CUST-003793,2025-05-18,43.0,12,16.1,12,6,0.334,0.506,3.2,mobile,Gold,Seoul,electronics,push|sms,Bargain
CUST-003794,2024-07-17,47.0,9,11.07,3,2,0.255,0.6,6.6,desktop,Silver,Busan,beauty,email|push,Bargain
CUST-003795,2026-06-08,45.0,7,26.97,13,6,0.196,0.178,8.3,desktop,Basic,Daegu,beauty,email,Explorer
CUST-003796,2025-10-20,44.0,10,23.11,9,4,0.04,0.377,10.7,mobile,Gold,Gyeonggi,beauty,email,Explorer
CUST-003797,2023-02-19,44.0,4,31.66,4,3,0.08,0.669,21.8,desktop,Silver,Daejeon,fashion,sms,Explorer
CUST-003798,2024-05-05,27.0,9,33.13,5,3,0.012,0.463,15.1,desktop,Basic,Gyeonggi,fashion,email,Explorer
CUST-003799,2023-03-28,36.0,14,13.43,7,3,0.117,0.747,10.0,tablet,Gold,Daegu,sports,email|sms,Explorer
CUST-003800,2024-10-04,32.0,7,11.14,2,6,0.048,0.511,1.1,desktop,Basic,Daejeon,fashion,sms,Loyal
CUST-003801,2022-02-27,37.0,7,16.41,4,1,0.065,0.555,22.1,mobile,Silver,Seoul,electronics,email,Bargain
CUST-003802,2022-01-06,38.0,10,24.64,3,2,0.206,0.262,2.9,mobile,Silver,Daejeon,electronics,email|push|sms,Loyal
CUST-003803,2022-05-06,23.0,7,16.94,8,6,0.14,0.654,38.5,mobile,Gold,Busan,home,email|push|sms,Explorer
CUST-003804,2024-12-26,47.0,9,29.92,2,3,0.247,0.663,9.7,mobile,Basic,Seoul,sports,email,Explorer
CUST-003805,2023-06-30,43.0,7,12.19,6,5,0.106,0.297,24.9,tablet,Gold,Seoul,sports,push,Loyal
CUST-003806,2024-12-23,42.0,9,16.39,1,6,0.039,0.375,42.9,mobile,Basic,Seoul,fashion,email,Explorer
CUST-003807,2025-04-21,29.0,13,14.74,9,6,0.018,0.38,24.7,mobile,Silver,Seoul,home,push,Bargain
CUST-003808,2025-08-30,48.0,8,14.66,6,4,0.035,0.25,41.1,mobile,Gold,Daejeon,fashion,email,Bargain
CUST-003809,2026-05-28,46.0,6,16.79,6,6,0.159,0.078,12.4,desktop,Basic,Gyeonggi,fashion,email,Loyal
CUST-003810,2024-05-15,37.0,11,32.72,5,6,0.091,0.146,1.1,desktop,Basic,Daejeon,fashion,email|push|sms,Explorer
CUST-003811,2022-01-07,54.0,9,26.02,7,3,0.065,0.168,3.1,mobile,Basic,Daegu,fashion,email|sms,Explorer
CUST-003812,2024-04-28,34.0,7,9.81,2,3,0.124,0.344,10.0,mobile,Basic,Seoul,sports,email|sms,Explorer
CUST-003813,2024-03-07,40.0,10,47.31,7,9,0.272,0.237,12.9,mobile,Silver,Daegu,home,email|push|sms,Explorer
CUST-003814,2022-07-09,53.0,9,17.52,3,5,0.184,0.38,8.7,mobile,Basic,Daejeon,home,email|push|sms,Bargain
CUST-003815,2026-02-08,32.0,15,24.15,7,5,0.179,0.558,6.2,mobile,Gold,Gyeonggi,fashion,sms,Loyal
CUST-003816,2025-05-31,30.0,6,22.55,5,5,0.304,0.942,15.5,mobile,Silver,Busan,fashion,push,Bargain
CUST-003817,2022-04-10,44.0,10,14.56,11,4,0.326,0.606,29.8,mobile,Silver,Seoul,electronics,email|sms,Explorer
CUST-003818,2024-02-01,40.0,7,10.98,4,3,0.155,0.725,9.5,desktop,Basic,Busan,sports,email,Explorer
CUST-003819,2025-03-08,33.0,9,22.26,7,1,0.348,0.706,12.4,mobile,Basic,Gyeonggi,fashion,email|push,Bargain
CUST-003820,2022-05-15,43.0,7,19.59,6,7,0.047,0.284,10.6,mobile,Basic,Gyeonggi,electronics,sms,Bargain
CUST-003821,2026-05-27,18.0,12,15.95,7,4,0.232,0.25,11.7,mobile,Silver,Gyeonggi,fashion,email,Bargain
CUST-003822,2026-04-17,63.0,11,25.32,6,1,0.113,0.767,14.6,mobile,Basic,Gyeonggi,sports,push|sms,Bargain
CUST-003823,2023-10-02,50.0,7,25.54,5,7,0.259,0.211,24.8,mobile,Basic,Daegu,beauty,email|push,Loyal
CUST-003824,2023-08-28,38.0,4,36.16,7,5,0.153,0.922,12.4,desktop,Basic,Seoul,sports,email,Bargain
CUST-003825,2024-01-27,32.0,7,48.87,7,1,0.274,0.446,21.8,mobile,Basic,Gyeonggi,sports,email|push|sms,Explorer
CUST-003826,2024-06-30,27.0,8,7.26,11,2,0.14,0.379,10.5,mobile,Basic,Daejeon,fashion,email,Bargain
CUST-003827,2022-09-29,32.0,9,15.01,7,9,0.012,0.159,36.4,desktop,Silver,Gyeonggi,sports,email,Loyal
CUST-003828,2022-01-01,46.0,11,16.57,12,1,0.166,0.274,1.8,mobile,Silver,Seoul,sports,sms,Bargain
CUST-003829,2022-08-27,35.0,6,18.09,4,5,0.139,0.599,23.2,desktop,Basic,Seoul,electronics,email,Explorer
CUST-003830,2026-04-30,44.0,8,15.28,6,6,0.027,0.591,1.9,desktop,Basic,Busan,beauty,sms,Loyal
CUST-003831,2026-04-23,57.0,11,5.08,5,8,0.1,0.194,12.4,desktop,Basic,Busan,beauty,email,Explorer
CUST-003832,2025-08-27,47.0,7,16.88,4,4,0.475,0.164,12.9,mobile,Basic,Seoul,electronics,email,Explorer
CUST-003833,2023-12-27,42.0,7,17.38,6,4,0.074,0.498,21.9,desktop,Basic,Seoul,electronics,push,Bargain
CUST-003834,2026-01-30,55.0,13,16.53,6,4,0.328,0.053,13.4,mobile,Basic,Gyeonggi,home,push|sms,Explorer
CUST-003835,2024-11-27,53.0,6,29.57,2,6,0.144,0.468,4.9,mobile,Silver,Seoul,electronics,email|push,Explorer
CUST-003836,2022-03-19,42.0,5,23.25,10,4,0.334,0.312,8.7,mobile,Basic,Daegu,electronics,email|push,Explorer
CUST-003837,2026-03-01,47.0,5,50.09,6,3,0.19,0.238,5.7,mobile,Gold,Daejeon,electronics,push|sms,Explorer
CUST-003838,2023-07-24,62.0,10,14.28,8,7,0.298,0.572,7.0,desktop,Basic,Gyeonggi,beauty,email,Bargain
CUST-003839,2022-09-23,53.0,9,12.85,2,2,0.039,0.521,22.9,mobile,Silver,Daegu,beauty,email|push,Explorer
CUST-003840,2025-01-24,32.0,10,3.76,4,5,0.218,0.262,10.9,mobile,Basic,Seoul,fashion,push,Bargain
CUST-003841,2022-05-15,41.0,9,50.27,9,1,0.342,0.725,27.1,mobile,Basic,Seoul,fashion,email|push|sms,Explorer
CUST-003842,2025-04-02,35.0,11,12.01,7,5,0.032,0.058,10.1,mobile,Silver,Gyeonggi,fashion,push,Bargain
CUST-003843,2024-07-19,45.0,11,23.76,5,5,0.415,0.287,4.1,mobile,Basic,Busan,beauty,email,Explorer
CUST-003844,2024-10-27,32.0,9,2.63,4,6,0.134,0.58,22.3,mobile,Silver,Seoul,beauty,email,Loyal
CUST-003845,2026-07-18,48.0,8,7.96,9,3,0.042,0.625,4.0,desktop,Basic,Daejeon,fashion,email|push,Bargain
CUST-003846,2024-05-10,50.0,6,7.86,5,1,0.313,0.65,23.8,mobile,Basic,Gyeonggi,fashion,sms,Bargain
CUST-003847,2023-04-05,50.0,17,19.79,3,3,0.057,0.357,20.1,mobile,Basic,Daegu,fashion,push,Explorer
CUST-003848,2025-09-08,42.0,7,13.62,6,4,0.099,0.133,16.5,tablet,Gold,Gyeonggi,beauty,sms,Loyal
CUST-003849,2022-06-20,28.0,6,10.63,7,5,0.048,0.356,3.4,mobile,Basic,Daejeon,fashion,email,Loyal
CUST-003850,2022-03-14,42.0,10,25.92,4,4,0.313,0.272,5.5,tablet,Silver,Seoul,beauty,push,Loyal
CUST-003851,2022-03-14,33.0,7,7.19,7,5,0.177,0.877,4.3,mobile,Basic,Daejeon,fashion,push|sms,Bargain
CUST-003852,2023-07-14,49.0,9,25.87,7,1,0.459,0.276,19.3,tablet,Basic,Gyeonggi,electronics,push|sms,Explorer
CUST-003853,2023-07-06,63.0,5,8.71,4,7,0.259,0.531,14.2,desktop,Basic,Busan,fashion,push|sms,Bargain
CUST-003854,2023-09-25,52.0,13,14.49,4,1,0.286,0.546,6.3,mobile,Gold,Gyeonggi,home,push,Explorer
CUST-003855,2023-03-30,39.0,10,17.68,6,7,0.559,0.502,5.8,desktop,Silver,Gyeonggi,fashion,sms,Bargain
CUST-003856,2023-05-11,40.0,9,19.78,4,10,0.088,0.22,31.1,mobile,Silver,Seoul,electronics,email|push|sms,Bargain
CUST-003857,2024-08-13,45.0,13,20.99,8,2,0.114,0.455,14.8,mobile,Basic,Gyeonggi,beauty,email|push,Explorer
CUST-003858,2025-03-04,70.0,11,6.0,8,4,0.214,0.339,27.6,mobile,Silver,Daejeon,fashion,push,Explorer
CUST-003859,2022-11-21,33.0,11,25.34,4,2,0.14,0.685,17.4,tablet,Basic,Busan,sports,sms,Explorer
CUST-003860,2022-01-20,33.0,10,18.77,5,6,0.26,0.523,0.8,tablet,Silver,Daejeon,fashion,email,Loyal
CUST-003861,2026-04-21,36.0,6,22.93,2,4,0.098,0.339,18.5,mobile,Basic,Seoul,beauty,sms,Explorer
CUST-003862,2025-02-07,30.0,5,23.48,9,0,0.309,0.514,18.4,desktop,Gold,Seoul,fashion,email,Bargain
CUST-003863,2023-11-22,38.0,8,36.78,6,7,0.229,0.854,5.1,mobile,Gold,Seoul,beauty,email|push,Loyal
CUST-003864,2024-09-10,41.0,8,21.02,9,2,0.136,0.109,17.0,mobile,Silver,Seoul,beauty,email,Explorer
CUST-003865,2026-06-07,31.0,7,37.58,8,2,0.134,0.255,8.8,desktop,Silver,Gyeonggi,beauty,email,Explorer
CUST-003866,2022-10-17,18.0,8,20.54,10,4,0.176,0.351,8.3,mobile,Basic,Seoul,fashion,email,Explorer
CUST-003867,2025-11-24,32.0,6,37.3,5,3,0.025,0.813,19.9,desktop,Basic,Seoul,fashion,push|sms,Bargain
CUST-003868,2022-07-27,47.0,11,27.25,7,0,0.259,0.493,9.0,desktop,Silver,Gyeonggi,fashion,push,Explorer
CUST-003869,2026-05-09,48.0,12,4.51,6,4,0.054,0.389,7.8,desktop,Basic,Seoul,fashion,email,Bargain
CUST-003870,2025-04-09,32.0,7,10.01,6,7,0.193,0.422,21.6,mobile,Basic,Daegu,home,email|sms,Bargain
CUST-003871,2023-03-26,57.0,7,30.98,1,6,0.062,0.462,26.0,mobile,Basic,Daejeon,beauty,sms,Explorer
CUST-003872,2024-09-30,36.0,8,27.83,5,4,0.097,0.136,22.0,tablet,Gold,Gyeonggi,fashion,push,Loyal
CUST-003873,2022-06-22,47.0,11,10.67,7,4,0.403,0.223,8.8,mobile,Gold,Seoul,beauty,email,Bargain
CUST-003874,2022-07-15,42.0,10,15.03,8,6,0.118,0.677,24.0,tablet,Basic,Gyeonggi,electronics,sms,Explorer
CUST-003875,2025-03-27,39.0,8,11.32,9,4,0.182,0.576,2.6,mobile,Basic,Seoul,fashion,email,Bargain
CUST-003876,2026-01-08,32.0,10,31.27,8,3,0.047,0.175,11.9,mobile,Basic,Seoul,sports,email|push,Explorer
CUST-003877,2025-12-01,44.0,7,45.78,2,2,0.2,0.247,15.4,mobile,Basic,Seoul,home,email|sms,Explorer
CUST-003878,2024-02-25,33.0,9,27.32,9,8,0.03,0.384,26.7,mobile,Silver,Seoul,home,email,Explorer
CUST-003879,2024-07-14,29.0,6,17.74,5,1,0.197,0.304,3.4,mobile,Basic,Seoul,electronics,push,Explorer
CUST-003880,2024-11-15,28.0,6,45.21,6,2,0.175,0.491,13.3,mobile,Basic,Gyeonggi,electronics,push,Explorer
CUST-003881,2026-02-09,32.0,7,7.19,10,0,0.1,0.106,16.9,mobile,Basic,Daejeon,fashion,email|sms,Bargain
CUST-003882,2025-03-11,36.0,9,32.43,7,3,0.056,0.481,8.2,mobile,Basic,Daejeon,home,email|sms,Explorer
CUST-003883,2025-10-26,51.0,6,14.49,2,4,0.259,0.465,8.6,mobile,Basic,Daegu,electronics,email|sms,Loyal
CUST-003884,2026-04-02,47.0,14,19.39,7,3,0.14,0.617,24.3,mobile,Gold,Daegu,beauty,email,Bargain
CUST-003885,2022-09-15,52.0,9,22.56,11,6,0.225,0.538,9.6,mobile,Silver,Gyeonggi,home,email|sms,Bargain
CUST-003886,2026-07-25,18.0,6,16.16,5,7,0.334,0.528,6.3,desktop,Basic,Seoul,fashion,push,Loyal
CUST-003887,2022-07-31,50.0,10,29.49,5,4,0.011,0.745,14.9,mobile,Basic,Daejeon,fashion,email,Bargain
CUST-003888,2024-05-31,41.0,9,18.83,8,3,0.136,0.54,5.9,tablet,Silver,Seoul,home,email|push,Bargain
CUST-003889,2023-07-13,46.0,8,14.63,6,1,0.267,0.366,15.7,desktop,Basic,Seoul,beauty,email,Bargain
CUST-003890,2024-02-15,41.0,13,21.45,5,5,0.452,0.731,18.8,mobile,Gold,Busan,fashion,email,Explorer
CUST-003891,2025-11-02,27.0,8,9.94,10,1,0.196,0.143,12.8,desktop,Basic,Gyeonggi,beauty,push,Bargain
CUST-003892,2022-01-03,47.0,14,8.87,5,5,0.14,0.85,21.7,mobile,Silver,Seoul,home,push,Bargain
CUST-003893,2024-06-22,22.0,11,9.32,6,3,0.547,0.303,15.7,desktop,Basic,Busan,fashion,email|push,Explorer
CUST-003894,2025-08-08,36.0,2,39.66,5,6,0.512,0.791,22.8,mobile,Gold,Seoul,fashion,sms,Explorer
CUST-003895,2023-10-31,70.0,8,13.26,4,6,0.217,0.056,3.1,mobile,Silver,Seoul,beauty,email,Loyal
CUST-003896,2022-02-04,47.0,9,10.0,5,3,0.226,0.392,14.0,mobile,Basic,Gyeonggi,electronics,email|push|sms,Explorer
CUST-003897,2026-04-15,43.0,13,15.86,3,3,0.277,0.558,8.3,desktop,Silver,Busan,home,push,Explorer
CUST-003898,2023-03-29,45.0,9,15.77,3,2,0.232,0.207,7.2,mobile,Gold,Seoul,electronics,push,Explorer
CUST-003899,2024-05-05,51.0,11,13.48,6,9,0.297,0.651,19.5,mobile,Gold,Seoul,sports,push,Loyal
CUST-003900,2025-06-02,,11,7.45,9,5,0.022,0.36,18.1,mobile,Silver,Gyeonggi,home,sms,Explorer
CUST-003901,2024-08-01,22.0,6,5.18,2,3,0.227,0.111,14.9,mobile,Silver,Gyeonggi,beauty,push,Explorer
CUST-003902,2023-03-19,45.0,9,27.61,4,3,0.059,0.251,6.6,mobile,Basic,Seoul,electronics,email|push|sms,Explorer
CUST-003903,2025-06-20,33.0,11,24.33,5,3,0.128,0.127,12.3,mobile,Gold,Daegu,electronics,email|push|sms,Explorer
CUST-003904,2026-03-08,24.0,6,10.97,10,1,0.003,0.236,6.4,tablet,Silver,Gyeonggi,beauty,email,Loyal
CUST-003905,2023-01-07,46.0,8,33.25,10,7,0.156,0.249,35.4,mobile,Silver,Seoul,fashion,email|sms,Explorer
CUST-003906,2025-08-08,45.0,6,25.84,6,2,0.078,0.134,32.8,mobile,Silver,Gyeonggi,sports,email|push|sms,Bargain
CUST-003907,2023-02-10,44.0,9,15.45,4,3,0.283,0.736,4.3,desktop,Gold,Busan,sports,push|sms,Bargain
CUST-003908,2025-07-31,32.0,10,24.44,3,2,0.31,0.673,19.7,desktop,Silver,Daejeon,fashion,email|push,Explorer
CUST-003909,2023-10-03,18.0,11,12.46,10,7,0.101,0.304,3.8,desktop,Basic,Gyeonggi,electronics,email,Explorer
CUST-003910,2025-05-13,33.0,6,8.23,4,4,0.076,0.318,3.6,mobile,Basic,Busan,home,sms,Loyal
CUST-003911,2024-10-24,18.0,8,29.39,8,8,0.208,0.509,8.1,mobile,Silver,Seoul,electronics,sms,Loyal
CUST-003912,2024-01-12,42.0,7,32.88,6,6,0.148,0.206,9.3,desktop,Silver,Daegu,home,email,Loyal
CUST-003913,2025-04-15,24.0,10,16.88,6,4,0.052,0.245,5.3,mobile,Basic,Busan,fashion,email|sms,Bargain
CUST-003914,2022-03-15,45.0,5,10.74,4,4,0.094,0.265,6.5,mobile,Basic,Daejeon,fashion,push,Bargain
CUST-003915,2022-06-28,31.0,11,7.41,2,4,0.335,0.42,3.4,desktop,Basic,Busan,electronics,push|sms,Loyal
CUST-003916,2025-11-20,44.0,8,17.6,6,1,0.161,0.552,7.3,mobile,Basic,Daejeon,sports,push,Bargain
CUST-003917,2024-04-23,33.0,3,12.9,3,6,0.37,0.434,23.3,mobile,Basic,Busan,beauty,email,Explorer
CUST-003918,2025-10-18,,7,21.37,3,3,0.228,0.477,4.5,desktop,Basic,Seoul,electronics,push,Explorer
CUST-003919,2025-02-17,50.0,11,38.95,5,3,0.006,0.37,15.8,desktop,Gold,Busan,home,email,Explorer
CUST-003920,2023-10-05,33.0,4,3.32,3,2,0.2,0.466,5.9,desktop,Basic,Daejeon,fashion,email,Bargain
CUST-003921,2022-09-02,26.0,8,32.05,5,2,0.296,0.327,31.3,desktop,Gold,Daejeon,home,email,Explorer
CUST-003922,2025-03-27,58.0,10,15.12,10,3,0.043,0.216,4.1,mobile,Silver,Gyeonggi,electronics,email,Explorer
CUST-003923,2023-01-11,30.0,6,6.33,5,4,0.175,0.459,12.9,mobile,Basic,Seoul,electronics,email,Explorer
CUST-003924,2024-11-23,38.0,6,8.4,3,3,0.129,0.149,13.2,tablet,Silver,Gyeonggi,fashion,email,Bargain
CUST-003925,2026-06-01,46.0,9,9.15,12,3,0.079,0.737,12.0,desktop,Silver,Gyeonggi,sports,email|push,Bargain
CUST-003926,2025-03-27,41.0,9,14.9,4,4,0.247,0.734,31.2,desktop,Gold,Daegu,home,email,Bargain
CUST-003927,2024-07-08,36.0,6,14.52,5,4,0.155,0.205,6.2,mobile,Silver,Daegu,fashion,email|sms,Explorer
CUST-003928,2024-06-21,45.0,12,9.48,9,5,0.297,0.803,34.7,desktop,Silver,Seoul,fashion,push,Bargain
CUST-003929,2024-06-20,46.0,12,11.3,6,3,0.167,0.468,11.7,desktop,Silver,Busan,fashion,push,Bargain
CUST-003930,2024-09-10,18.0,11,22.17,7,1,0.097,0.796,5.9,tablet,Basic,Seoul,electronics,push,Bargain
CUST-003931,2024-05-17,28.0,8,19.23,8,2,0.093,0.169,8.9,mobile,Silver,Daejeon,electronics,email,Explorer
CUST-003932,2024-04-01,18.0,13,9.77,7,6,0.063,0.605,20.0,mobile,Basic,Busan,sports,sms,Bargain
CUST-003933,2023-05-01,53.0,7,8.12,6,4,0.366,0.574,8.6,mobile,Basic,Seoul,electronics,sms,Explorer
CUST-003934,2024-04-17,40.0,4,15.98,6,5,0.198,0.81,16.5,desktop,Silver,Gyeonggi,sports,email,Bargain
CUST-003935,2022-12-13,49.0,6,12.92,3,3,0.097,0.398,10.5,mobile,Silver,Busan,electronics,email|push,Loyal
CUST-003936,2024-10-11,46.0,12,28.89,8,2,0.12,0.723,4.4,mobile,Silver,Gyeonggi,electronics,sms,Bargain
CUST-003937,2023-01-06,31.0,9,20.68,5,1,0.12,0.297,8.2,mobile,Basic,Seoul,fashion,email,Explorer
CUST-003938,2024-07-14,31.0,11,26.21,3,3,0.555,0.436,4.6,mobile,Silver,Daegu,fashion,email|push|sms,Bargain
CUST-003939,2023-03-14,33.0,5,21.48,8,6,0.352,0.525,16.4,mobile,Silver,Daejeon,beauty,sms,Bargain
CUST-003940,2022-12-18,31.0,15,7.73,8,4,0.267,0.377,4.9,desktop,Basic,Daegu,electronics,push,Explorer
CUST-003941,2023-06-07,29.0,7,10.8,11,4,0.18,0.702,12.8,tablet,Basic,Busan,fashion,push|sms,Bargain
CUST-003942,2023-12-13,44.0,7,28.86,3,5,0.184,0.412,24.4,desktop,Silver,Gyeonggi,electronics,email|push|sms,Explorer
CUST-003943,2024-08-25,35.0,8,24.08,5,3,0.15,0.784,16.6,mobile,Basic,Gyeonggi,electronics,email,Bargain
CUST-003944,2026-05-05,61.0,14,20.98,4,2,0.171,0.392,11.6,desktop,Silver,Busan,electronics,push|sms,Explorer
CUST-003945,2023-12-11,70.0,12,9.19,7,2,0.181,0.293,14.0,mobile,Silver,Daejeon,sports,push|sms,Loyal
CUST-003946,2026-06-28,44.0,4,23.47,5,3,0.4,0.176,15.0,mobile,Silver,Daejeon,fashion,push,Explorer
CUST-003947,2022-09-28,39.0,11,37.74,6,5,0.163,0.745,13.6,mobile,Gold,Daegu,sports,sms,Bargain
CUST-003948,2025-01-05,44.0,11,16.83,8,3,0.108,0.095,0.9,mobile,Silver,Seoul,electronics,email,Explorer
CUST-003949,2025-09-13,47.0,4,37.64,4,3,0.314,0.468,6.3,desktop,Basic,Gyeonggi,beauty,push,Bargain
CUST-003950,2022-11-20,35.0,6,22.79,8,3,0.109,0.393,3.3,mobile,Silver,Busan,beauty,email,Bargain
CUST-003951,2024-04-27,46.0,9,11.76,10,5,0.193,0.665,26.2,mobile,Silver,Busan,fashion,push,Explorer
CUST-003952,2024-02-08,57.0,9,10.28,6,5,0.293,0.328,3.4,mobile,Basic,Gyeonggi,beauty,sms,Explorer
CUST-003953,2022-08-16,41.0,4,20.13,6,3,0.07,0.526,18.8,mobile,Silver,Gyeonggi,sports,push|sms,Bargain
CUST-003954,2023-02-06,47.0,10,43.35,6,3,0.127,0.215,12.0,desktop,Basic,Seoul,fashion,email,Explorer
CUST-003955,2025-04-05,58.0,12,22.59,8,5,0.275,0.716,15.8,mobile,Basic,Gyeonggi,home,email,Bargain
CUST-003956,2024-12-03,18.0,9,30.78,7,6,0.141,0.793,3.7,desktop,Basic,Daejeon,home,push,Bargain
CUST-003957,2022-02-08,46.0,4,65.71,4,5,0.269,0.487,7.2,mobile,Basic,Busan,home,push,Explorer
CUST-003958,2024-11-02,18.0,10,40.15,2,4,0.179,0.156,19.7,mobile,Basic,Seoul,sports,push,Explorer
CUST-003959,2026-05-22,59.0,11,19.25,7,4,0.314,0.432,11.3,mobile,Basic,Gyeonggi,home,email,Explorer
CUST-003960,2022-07-03,56.0,6,20.04,9,3,0.242,0.5,25.5,mobile,Basic,Gyeonggi,electronics,email|push,Bargain
CUST-003961,2023-01-26,20.0,17,12.74,8,4,0.101,0.509,16.2,mobile,Basic,Daegu,electronics,sms,Bargain
CUST-003962,2022-10-25,45.0,11,19.57,6,1,0.294,0.175,6.5,desktop,Silver,Daegu,beauty,email|sms,Explorer
CUST-003963,2023-11-11,27.0,7,37.07,5,2,0.182,0.23,6.5,mobile,Basic,Gyeonggi,home,email|push|sms,Explorer
CUST-003964,2024-10-03,35.0,9,33.27,5,3,0.181,0.183,6.7,mobile,Silver,Seoul,sports,email|push,Explorer
CUST-003965,2023-08-05,34.0,9,11.49,5,9,0.253,0.527,24.5,mobile,Basic,Seoul,electronics,sms,Explorer
CUST-003966,2022-10-17,32.0,7,11.38,6,6,0.234,0.768,2.8,mobile,Basic,Seoul,beauty,email|push,Bargain
CUST-003967,2024-09-09,36.0,5,10.09,5,7,0.118,0.337,15.2,mobile,Silver,Gyeonggi,home,email|push,Bargain
CUST-003968,2023-09-13,18.0,7,31.75,7,3,0.167,0.264,11.4,mobile,Silver,Busan,beauty,email|push,Bargain
CUST-003969,2022-09-07,31.0,11,12.72,8,3,0.162,0.623,5.0,mobile,Basic,Gyeonggi,beauty,email|push|sms,Bargain
CUST-003970,2022-01-23,69.0,11,13.14,9,3,0.07,0.244,1.8,mobile,Silver,Gyeonggi,fashion,push,Explorer
CUST-003971,2024-09-07,21.0,11,7.43,5,2,0.539,0.727,26.7,mobile,Basic,Gyeonggi,electronics,sms,Explorer
CUST-003972,2026-04-13,40.0,9,11.08,3,3,0.097,0.06,3.6,desktop,Basic,Daejeon,beauty,push,Explorer
CUST-003973,2025-01-13,42.0,7,35.87,10,9,0.318,0.143,5.9,mobile,Basic,Seoul,beauty,email,Loyal
CUST-003974,2026-02-27,22.0,14,10.57,1,6,0.044,0.509,3.3,tablet,Silver,Seoul,fashion,email|sms,Bargain
CUST-003975,2024-02-13,36.0,5,10.26,6,3,0.347,0.328,4.5,mobile,Gold,Seoul,beauty,push,Explorer
CUST-003976,2024-01-24,29.0,13,3.45,7,2,0.152,0.22,10.5,mobile,Basic,Gyeonggi,sports,email,Explorer
CUST-003977,2024-12-13,28.0,6,30.91,4,2,0.092,0.257,24.8,tablet,Basic,Daejeon,fashion,sms,Explorer
CUST-003978,2023-12-13,36.0,11,9.69,5,1,0.04,0.876,17.4,mobile,Basic,Daejeon,electronics,email,Bargain
CUST-003979,2024-04-10,37.0,11,17.1,8,6,0.145,0.665,16.1,mobile,Gold,Seoul,sports,email|push|sms,Bargain
CUST-003980,2025-04-09,42.0,11,21.64,9,3,0.113,0.413,5.7,mobile,Basic,Gyeonggi,sports,email,Bargain
CUST-003981,2022-05-04,40.0,8,11.7,6,8,0.004,0.795,1.3,mobile,Basic,Daejeon,electronics,push|sms,Bargain
CUST-003982,2026-02-24,42.0,8,33.83,8,6,0.176,0.597,10.3,mobile,Silver,Seoul,sports,sms,Explorer
CUST-003983,2025-03-08,32.0,8,12.11,5,2,0.313,0.46,12.4,desktop,Basic,Busan,electronics,email|push,Explorer
CUST-003984,2026-04-30,25.0,7,31.29,5,5,0.244,0.235,13.3,desktop,Silver,Daegu,fashion,email,Explorer
CUST-003985,2025-05-17,31.0,2,6.29,4,2,0.013,0.755,5.9,mobile,Silver,Daejeon,beauty,email|push|sms,Bargain
CUST-003986,2023-03-23,44.0,7,16.22,2,6,0.166,0.729,19.1,mobile,Basic,Seoul,fashion,email|push,Explorer
CUST-003987,2024-05-24,43.0,10,10.59,1,1,0.114,0.633,28.4,mobile,Silver,Seoul,fashion,push,Bargain
CUST-003988,2023-05-12,44.0,8,37.69,5,2,0.241,0.766,14.5,mobile,Gold,Busan,home,email,Explorer
CUST-003989,2025-04-25,34.0,9,16.71,6,3,0.144,0.399,3.4,mobile,Basic,Gyeonggi,electronics,push,Bargain
CUST-003990,2024-09-20,36.0,9,17.11,3,4,0.24,0.571,20.7,mobile,Silver,Seoul,sports,push,Explorer
CUST-003991,2025-07-07,46.0,12,19.18,6,6,0.126,0.331,14.7,desktop,Basic,Busan,fashion,email,Loyal
CUST-003992,2022-06-13,50.0,7,9.99,7,7,0.069,0.4,16.1,mobile,Basic,Seoul,home,email,Loyal
CUST-003993,2023-12-28,34.0,8,24.38,6,3,0.202,0.702,6.4,mobile,Silver,Busan,home,email,Bargain
CUST-003994,2024-04-23,29.0,7,7.32,7,1,0.183,0.289,8.5,mobile,Basic,Daegu,beauty,sms,Bargain
CUST-003995,2023-03-31,33.0,9,16.35,6,5,0.154,0.53,8.3,desktop,Silver,Seoul,home,email,Explorer
CUST-003996,2024-09-11,30.0,11,10.84,5,6,0.204,0.309,6.9,desktop,Basic,Seoul,home,email|push|sms,Bargain
CUST-003997,2024-11-30,27.0,10,23.51,5,5,0.157,0.171,15.2,mobile,Basic,Gyeonggi,sports,email,Explorer
CUST-003998,2022-06-20,43.0,11,10.94,10,6,0.177,0.884,26.1,mobile,Basic,Seoul,sports,push|sms,Bargain
CUST-003999,2023-03-13,40.0,5,22.6,4,3,0.144,0.182,3.1,tablet,Gold,Daejeon,home,email|push|sms,Loyal
CUST-004000,2025-07-11,33.0,13,6.58,6,3,0.416,0.39,7.8,desktop,Silver,Daegu,fashion,push,Explorer
CUST-004001,2024-08-12,53.0,6,17.66,10,1,0.058,0.366,17.3,mobile,Silver,Gyeonggi,electronics,sms,Explorer
CUST-004002,2023-09-22,20.0,10,10.24,4,1,0.142,0.314,11.7,desktop,Basic,Daejeon,fashion,email,Explorer
CUST-004003,2022-12-30,42.0,14,21.41,3,6,0.28,0.229,27.7,desktop,Basic,Daejeon,fashion,sms,Bargain
CUST-004004,2026-06-08,24.0,9,33.37,6,3,0.039,0.351,13.6,mobile,Silver,Daejeon,fashion,push,Explorer
CUST-004005,2024-07-24,36.0,11,34.19,6,3,0.162,0.114,3.9,tablet,Gold,Gyeonggi,sports,push|sms,Explorer
CUST-004006,2023-06-27,36.0,7,8.93,7,2,0.117,0.793,17.3,desktop,Silver,Seoul,fashion,email,Bargain
CUST-004007,2026-01-30,44.0,13,33.1,5,3,0.305,0.244,7.7,mobile,Basic,Seoul,home,push,Explorer
CUST-004008,2022-03-10,31.0,15,27.83,8,3,0.081,0.384,28.1,mobile,Basic,Gyeonggi,fashion,sms,Bargain
CUST-004009,2026-06-08,40.0,6,20.4,8,6,0.313,0.378,4.7,mobile,Silver,Busan,beauty,email|push,Bargain
CUST-004010,2024-02-17,40.0,12,14.86,6,2,0.099,0.049,11.2,mobile,Basic,Seoul,fashion,email|push|sms,Explorer
CUST-004011,2026-07-05,51.0,6,4.2,4,2,0.141,0.642,24.0,mobile,Basic,Daegu,electronics,sms,Bargain
CUST-004012,2023-06-03,58.0,3,17.81,9,7,0.308,0.546,3.3,desktop,Silver,Daejeon,fashion,email|push,Bargain
CUST-004013,2024-08-07,41.0,13,23.48,8,3,0.181,0.242,18.2,mobile,Silver,Gyeonggi,electronics,email|push,Explorer
CUST-004014,2022-02-09,54.0,9,28.68,8,5,0.288,0.498,1.8,mobile,Basic,Gyeonggi,fashion,email,Explorer
CUST-004015,2023-02-18,30.0,6,16.47,6,2,0.145,0.162,4.5,mobile,Gold,Seoul,electronics,sms,Explorer
CUST-004016,2023-03-16,33.0,9,17.58,5,5,0.029,0.537,11.3,mobile,Basic,Seoul,sports,email,Explorer
CUST-004017,2026-03-15,18.0,6,15.32,4,4,0.182,0.287,30.8,desktop,Basic,Seoul,beauty,email,Bargain
CUST-004018,2023-08-08,22.0,8,14.77,9,0,0.214,0.292,2.3,desktop,Gold,Seoul,home,email,Explorer
CUST-004019,2024-03-08,45.0,12,39.11,10,3,0.154,0.594,11.8,desktop,Basic,Busan,home,sms,Bargain
CUST-004020,2023-03-09,41.0,12,22.44,5,2,0.084,0.65,2.1,desktop,Gold,Seoul,beauty,push,Explorer
CUST-004021,2024-04-30,24.0,6,17.38,7,5,0.2,0.413,7.9,mobile,Basic,Busan,beauty,email|push,Loyal
CUST-004022,2024-08-30,30.0,8,17.89,7,4,0.202,0.392,8.1,desktop,Silver,Gyeonggi,electronics,email|push,Explorer
CUST-004023,2025-08-03,46.0,6,15.41,10,7,0.143,0.304,11.8,desktop,Silver,Daejeon,fashion,email,Loyal
CUST-004024,2024-10-11,49.0,9,12.54,6,2,0.117,0.347,12.0,mobile,Gold,Daegu,home,email|sms,Bargain
CUST-004025,2024-08-17,22.0,14,10.45,4,4,0.117,0.475,8.7,mobile,Basic,Seoul,sports,push|sms,Bargain
CUST-004026,2023-08-09,40.0,12,21.59,10,6,0.155,0.46,26.9,mobile,Silver,Gyeonggi,beauty,push,Bargain
CUST-004027,2025-02-15,43.0,6,25.3,9,3,0.14,0.481,3.4,mobile,Silver,Seoul,sports,email,Bargain
CUST-004028,2025-04-25,60.0,7,9.13,3,3,0.121,0.615,19.2,desktop,Silver,Busan,electronics,email,Bargain
CUST-004029,2022-12-28,54.0,10,6.88,11,6,0.031,0.464,4.9,desktop,Basic,Seoul,electronics,push|sms,Loyal
CUST-004030,2022-06-14,41.0,14,11.32,2,1,0.109,0.481,7.1,desktop,Basic,Seoul,electronics,email,Explorer
CUST-004031,2023-07-15,34.0,5,10.55,5,3,0.128,0.325,18.7,desktop,Basic,Daegu,beauty,email,Loyal
CUST-004032,2023-12-16,63.0,9,16.21,5,2,0.177,0.639,1.4,mobile,Basic,Gyeonggi,electronics,push,Bargain
CUST-004033,2022-08-28,31.0,12,4.85,4,2,0.114,0.209,4.7,mobile,Silver,Gyeonggi,fashion,push,Bargain
CUST-004034,2024-08-27,53.0,10,16.98,1,6,0.304,0.681,9.2,mobile,Basic,Gyeonggi,beauty,email,Loyal
CUST-004035,2025-01-23,46.0,8,10.21,5,8,0.386,0.407,8.2,mobile,Basic,Seoul,sports,push,Loyal
CUST-004036,2022-03-13,58.0,11,5.12,12,8,0.255,0.587,10.4,desktop,Silver,Daejeon,fashion,email|push,Bargain
CUST-004037,2025-09-14,18.0,7,16.69,6,5,0.13,0.436,22.3,mobile,Basic,Daejeon,electronics,email,Explorer
CUST-004038,2025-03-01,51.0,10,15.82,4,3,0.453,0.159,34.0,mobile,Basic,Gyeonggi,home,email,At_Risk
CUST-004039,2022-06-05,44.0,8,6.69,8,3,0.251,0.603,8.3,mobile,Basic,Busan,beauty,email,Bargain
CUST-004040,2023-08-28,58.0,5,19.87,6,2,0.574,0.798,14.2,mobile,Basic,Gyeonggi,beauty,email,Bargain
CUST-004041,2023-10-21,51.0,7,3.45,7,8,0.177,0.289,25.7,mobile,Gold,Seoul,home,email,Loyal
CUST-004042,2025-01-28,44.0,15,9.36,7,2,0.284,0.742,6.1,tablet,Gold,Daegu,electronics,email,Bargain
CUST-004043,2025-07-05,47.0,7,31.44,6,4,0.194,0.16,9.4,mobile,Basic,Daegu,sports,email|push,Bargain
CUST-004044,2023-09-30,55.0,13,32.24,7,7,0.213,0.533,9.3,desktop,Gold,Seoul,fashion,email,Explorer
CUST-004045,2022-11-05,38.0,8,33.71,5,1,0.333,0.211,2.1,mobile,Gold,Busan,electronics,email|push,Explorer
CUST-004046,2022-10-03,37.0,8,42.76,9,4,0.049,0.37,9.8,tablet,Basic,Seoul,electronics,email,Explorer
CUST-004047,2025-05-04,40.0,8,13.46,3,1,0.119,0.408,14.8,mobile,Silver,Daegu,home,sms,Bargain
CUST-004048,2023-09-26,38.0,6,23.68,5,3,0.016,0.416,9.8,mobile,Silver,Seoul,home,push,Explorer
CUST-004049,2023-03-20,63.0,7,14.53,7,2,0.211,0.145,2.6,mobile,Basic,Busan,fashion,sms,Explorer
CUST-004050,2022-11-20,37.0,9,295.89,4,2,0.066,0.257,9.1,desktop,Silver,Daegu,sports,push,Explorer
CUST-004051,2026-07-19,22.0,7,10.57,8,5,0.313,0.615,3.7,desktop,Basic,Busan,electronics,email|push|sms,Bargain
CUST-004052,2023-06-12,51.0,10,35.45,2,6,0.017,0.427,40.0,desktop,Basic,Gyeonggi,beauty,push,Explorer
CUST-004053,2025-05-15,52.0,10,13.48,8,4,0.102,0.154,6.0,desktop,Silver,Daegu,home,push,Loyal
CUST-004054,2022-01-08,31.0,11,27.4,2,4,0.14,0.122,29.7,mobile,Basic,Gyeonggi,beauty,email|push,Explorer
CUST-004055,2023-09-12,23.0,7,20.8,6,7,0.086,0.526,16.5,tablet,Basic,Gyeonggi,beauty,push,Bargain
CUST-004056,2023-07-03,26.0,11,13.62,6,3,0.337,0.074,6.3,mobile,Basic,Gyeonggi,home,email,Explorer
CUST-004057,2025-12-29,50.0,7,9.04,8,3,0.184,0.7,3.3,mobile,Basic,Busan,home,email,Bargain
CUST-004058,2024-11-21,34.0,6,26.41,1,5,0.128,0.693,24.4,desktop,Silver,Gyeonggi,fashion,email,Bargain
CUST-004059,2023-08-09,40.0,5,29.47,4,1,0.14,0.255,13.5,mobile,Silver,Busan,home,push,Bargain
CUST-004060,2024-07-17,39.0,9,47.33,14,2,0.256,0.68,7.5,desktop,Gold,Daegu,beauty,push|sms,Explorer
CUST-004061,2023-04-11,36.0,13,24.56,5,5,0.145,0.276,8.0,mobile,Silver,Daegu,fashion,sms,Explorer
CUST-004062,2026-01-19,22.0,10,32.93,6,1,0.244,0.612,19.8,mobile,Basic,Busan,beauty,email|push,Explorer
CUST-004063,2022-07-13,22.0,5,12.55,13,2,0.11,0.543,38.0,mobile,Gold,Busan,electronics,email,Bargain
CUST-004064,2022-11-04,18.0,8,11.11,7,5,0.105,0.704,19.6,tablet,Basic,Daegu,electronics,push,Bargain
CUST-004065,2024-07-23,37.0,14,53.4,3,4,0.084,0.364,4.3,desktop,Silver,Busan,fashion,email|sms,Explorer
CUST-004066,2022-09-07,49.0,3,8.16,6,5,0.105,0.628,29.2,tablet,Gold,Seoul,sports,sms,Bargain
CUST-004067,2026-07-08,41.0,7,11.46,8,3,0.071,0.662,6.0,mobile,Basic,Gyeonggi,sports,push,Bargain
CUST-004068,2022-02-28,33.0,6,15.45,6,4,0.117,0.24,7.7,desktop,Basic,Seoul,beauty,email|push,Loyal
CUST-004069,2025-10-29,43.0,12,23.05,6,3,0.088,0.409,16.0,mobile,Basic,Seoul,electronics,sms,Explorer
CUST-004070,2024-07-14,18.0,8,16.56,4,3,0.198,0.048,2.2,mobile,Basic,Busan,sports,email,Explorer
CUST-004071,2025-08-15,28.0,3,4.37,10,3,0.148,0.559,10.4,mobile,Basic,Seoul,home,push,Bargain
CUST-004072,2024-10-11,51.0,14,4.88,2,4,0.11,0.456,6.4,mobile,Basic,Gyeonggi,fashion,email,Explorer
CUST-004073,2024-05-15,56.0,10,16.96,7,6,0.077,0.431,16.6,desktop,Gold,Busan,electronics,email,Bargain
CUST-004074,2022-02-11,37.0,6,14.7,7,6,0.273,0.736,8.7,desktop,Silver,Gyeonggi,electronics,push,Loyal
CUST-004075,2023-05-15,44.0,8,13.86,8,2,0.222,0.175,12.3,desktop,Gold,Daegu,electronics,email|push,Explorer
CUST-004076,2025-08-20,47.0,11,19.63,8,3,0.154,0.385,8.5,mobile,Silver,Gyeonggi,home,email|push,Bargain
CUST-004077,2022-08-20,30.0,10,26.63,6,2,0.024,0.524,3.0,mobile,Basic,Daegu,fashion,push,Explorer
CUST-004078,2025-01-10,32.0,12,4.42,2,8,0.106,0.424,21.0,mobile,Silver,Gyeonggi,electronics,email,Loyal
CUST-004079,2026-07-13,24.0,5,31.0,5,3,0.013,0.546,6.6,mobile,Silver,Busan,home,push|sms,Bargain
CUST-004080,2025-12-09,44.0,5,30.13,5,4,0.143,0.461,22.0,mobile,Basic,Daegu,beauty,sms,Bargain
CUST-004081,2025-07-24,23.0,9,9.21,9,3,0.094,0.732,7.1,mobile,,Daejeon,electronics,push,Bargain
CUST-004082,2026-07-09,50.0,15,21.73,11,2,0.277,0.728,14.9,mobile,Basic,Gyeonggi,home,push,Bargain
CUST-004083,2022-07-02,37.0,11,14.23,2,7,0.078,0.615,32.5,desktop,Basic,Gyeonggi,fashion,push,Loyal
CUST-004084,2023-01-14,26.0,6,8.33,5,2,0.225,0.466,4.1,tablet,Gold,Busan,home,email|push|sms,Loyal
CUST-004085,2025-02-21,41.0,7,29.31,5,3,0.372,0.176,18.4,desktop,Gold,Seoul,beauty,email,Loyal
CUST-004086,2022-01-23,42.0,12,19.29,3,3,0.166,0.179,9.9,mobile,Basic,Daejeon,fashion,email|sms,Loyal
CUST-004087,2025-08-31,56.0,6,8.72,6,1,0.057,0.209,13.8,desktop,Silver,Busan,fashion,push|sms,Explorer
CUST-004088,2025-10-30,47.0,8,11.43,5,2,0.097,0.182,10.4,desktop,Silver,Daejeon,home,email|push|sms,Loyal
CUST-004089,2023-02-06,43.0,10,25.45,9,6,0.299,0.696,12.1,desktop,Gold,Gyeonggi,home,push,Bargain
CUST-004090,2023-08-08,32.0,14,14.17,6,2,0.102,0.169,18.8,mobile,Basic,Seoul,sports,email|push,Explorer
CUST-004091,2022-06-05,43.0,6,14.5,5,1,0.379,0.599,23.1,desktop,Basic,Seoul,sports,push,Bargain
CUST-004092,2023-08-11,30.0,8,4.39,11,5,0.137,0.695,7.4,mobile,Basic,Daegu,electronics,email,Bargain
CUST-004093,2022-01-23,45.0,15,14.3,4,2,0.085,0.513,7.0,desktop,Gold,Gyeonggi,fashion,sms,Explorer
CUST-004094,2022-09-13,32.0,9,15.96,8,6,0.392,0.332,12.0,mobile,Silver,Gyeonggi,electronics,email|sms,Explorer
CUST-004095,2026-07-21,41.0,15,13.71,9,6,0.13,0.561,9.0,mobile,Basic,Daejeon,sports,email,Explorer
CUST-004096,2023-09-14,50.0,8,13.55,5,5,0.12,0.68,25.1,desktop,Basic,Daegu,fashion,sms,Loyal
CUST-004097,2026-05-15,35.0,13,38.39,5,4,0.313,0.515,21.5,mobile,Gold,Busan,fashion,sms,Explorer
CUST-004098,2026-02-09,54.0,7,10.15,7,1,0.211,0.205,42.7,mobile,Basic,Seoul,fashion,sms,Bargain
CUST-004099,2025-07-05,39.0,12,4.94,5,1,0.191,0.88,31.3,mobile,Gold,Seoul,sports,email|push,Bargain
CUST-004100,2023-05-09,53.0,3,28.13,4,4,0.072,0.646,29.3,mobile,Basic,Gyeonggi,electronics,email,Bargain
CUST-004101,2025-03-12,37.0,8,11.66,5,2,0.102,0.391,11.4,mobile,Silver,Busan,electronics,push,Explorer
CUST-004102,2023-11-06,59.0,6,10.14,4,1,0.327,0.238,7.0,mobile,Gold,Daejeon,electronics,email,Bargain
CUST-004103,2022-12-31,70.0,8,7.37,4,4,0.173,0.571,18.9,mobile,Basic,Seoul,fashion,email,Bargain
CUST-004104,2025-05-18,37.0,7,11.84,4,4,0.378,0.438,12.1,mobile,Basic,Seoul,electronics,email|push,Bargain
CUST-004105,2026-01-31,28.0,7,9.6,5,3,0.009,0.456,23.9,mobile,Silver,Seoul,electronics,sms,Bargain
CUST-004106,2022-10-07,47.0,10,4.29,7,3,0.237,0.388,20.2,mobile,Basic,Seoul,fashion,sms,Explorer
CUST-004107,2022-12-30,36.0,9,15.74,8,5,0.081,0.301,13.5,mobile,Basic,Busan,beauty,email,Bargain
CUST-004108,2024-06-09,18.0,14,24.91,2,5,0.142,0.739,36.7,tablet,Gold,Busan,electronics,email|push|sms,Explorer
CUST-004109,2025-07-31,54.0,6,9.01,6,9,0.096,0.538,11.0,desktop,Basic,Seoul,home,email,Loyal
CUST-004110,2023-07-04,50.0,11,26.2,9,5,0.211,0.597,16.6,tablet,Gold,Seoul,home,email|sms,Bargain
CUST-004111,2025-08-07,37.0,9,6.41,7,1,0.489,0.264,18.7,desktop,Basic,Daejeon,home,push|sms,Bargain
CUST-004112,2023-11-09,46.0,7,10.88,2,6,0.037,0.578,4.3,desktop,Basic,Seoul,sports,push,Bargain
CUST-004113,2023-06-29,27.0,4,23.22,7,3,0.127,0.553,3.5,mobile,Gold,Daegu,electronics,email|push|sms,Explorer
CUST-004114,2026-04-20,56.0,10,11.86,7,2,0.295,0.711,8.8,mobile,Basic,Gyeonggi,electronics,email|push|sms,Explorer
CUST-004115,2023-12-06,33.0,8,6.55,4,1,0.314,0.321,21.0,desktop,Gold,Gyeonggi,home,push,Explorer
CUST-004116,2024-11-11,34.0,8,14.88,7,5,0.379,0.457,17.7,mobile,Silver,Gyeonggi,electronics,email|sms,Explorer
CUST-004117,2024-01-15,33.0,7,15.0,7,9,0.197,0.382,23.8,mobile,Basic,Gyeonggi,fashion,push,Loyal
CUST-004118,2024-06-28,48.0,8,26.04,5,5,0.228,0.551,17.7,desktop,Silver,Daegu,electronics,sms,Explorer
CUST-004119,2022-11-27,24.0,12,36.88,4,4,0.265,0.699,6.9,desktop,Basic,Gyeonggi,home,push,Explorer
CUST-004120,2025-01-15,18.0,9,16.0,8,2,0.277,0.498,13.9,tablet,Silver,Seoul,fashion,push,Explorer
CUST-004121,2023-01-06,44.0,10,12.57,6,3,0.156,0.339,14.1,mobile,Gold,Busan,electronics,sms,Explorer
CUST-004122,2025-08-26,34.0,7,6.45,5,3,0.464,0.706,2.1,mobile,Silver,Gyeonggi,fashion,push,Bargain
CUST-004123,2026-02-24,53.0,13,6.09,8,1,0.163,0.588,7.2,mobile,Basic,Gyeonggi,beauty,push,Bargain
CUST-004124,2025-11-25,45.0,8,8.63,4,6,0.077,0.27,15.4,mobile,Basic,Seoul,fashion,email|sms,Loyal
CUST-004125,2026-06-20,58.0,6,9.38,4,3,0.091,0.382,2.8,desktop,Silver,Gyeonggi,sports,push,Loyal
CUST-004126,2025-11-22,49.0,12,16.49,3,3,0.11,0.233,10.5,desktop,Gold,Daejeon,electronics,push,Explorer
CUST-004127,2022-10-12,49.0,9,9.5,7,3,0.176,0.308,7.1,desktop,Basic,Daejeon,electronics,sms,Loyal
CUST-004128,2022-10-27,50.0,12,49.86,2,3,0.2,0.16,16.5,mobile,Silver,Seoul,home,email,Explorer
CUST-004129,2022-10-05,42.0,14,12.46,10,4,0.249,0.639,7.3,mobile,Silver,Daejeon,sports,push|sms,Bargain
CUST-004130,2023-10-17,48.0,11,13.15,4,2,0.4,0.649,21.0,desktop,Basic,Busan,fashion,sms,Bargain
CUST-004131,2026-07-04,,7,25.42,8,5,0.365,0.398,28.6,mobile,Silver,Seoul,beauty,email,Bargain
CUST-004132,2024-06-17,39.0,4,9.42,8,6,0.111,0.501,3.0,mobile,Gold,Daejeon,electronics,push,Loyal
CUST-004133,2022-02-27,58.0,10,10.68,4,1,0.104,0.435,45.6,mobile,Basic,Busan,beauty,email,At_Risk
CUST-004134,2024-07-30,48.0,2,20.7,7,6,0.232,0.158,13.0,desktop,Basic,Daejeon,home,email|sms,Explorer
CUST-004135,2022-10-14,39.0,7,25.26,6,0,0.266,0.141,6.9,mobile,Basic,Daejeon,electronics,sms,Explorer
CUST-004136,2022-10-17,28.0,12,13.73,4,2,0.123,0.483,1.5,tablet,Silver,Gyeonggi,home,email,Loyal
CUST-004137,2025-08-09,35.0,11,22.46,4,5,0.366,0.234,12.2,desktop,Gold,Seoul,fashion,sms,Explorer
CUST-004138,2022-10-09,45.0,12,31.21,6,1,0.183,0.477,9.6,desktop,Gold,Busan,sports,email|push|sms,Bargain
CUST-004139,2024-02-22,41.0,10,10.89,3,5,0.096,0.85,10.9,mobile,Basic,Gyeonggi,home,email,Loyal
CUST-004140,2026-05-27,47.0,8,18.42,1,5,0.289,0.698,14.2,mobile,Gold,Seoul,fashion,email,Loyal
CUST-004141,2022-08-11,24.0,7,28.46,8,1,0.062,0.325,7.9,mobile,Basic,Gyeonggi,fashion,push,Bargain
CUST-004142,2025-11-27,49.0,9,26.0,7,4,0.212,0.693,12.4,desktop,Basic,Busan,fashion,email,Bargain
CUST-004143,2022-02-16,25.0,11,24.26,5,7,0.102,0.444,21.6,desktop,Gold,Daegu,home,push,Loyal
CUST-004144,2022-11-14,32.0,3,28.06,5,2,0.061,0.333,24.2,desktop,Basic,Gyeonggi,home,email|push,Bargain
CUST-004145,2026-02-27,43.0,12,11.86,10,8,0.187,0.358,4.0,mobile,Basic,Gyeonggi,home,email|sms,Loyal
CUST-004146,2026-03-14,25.0,13,23.88,11,7,0.051,0.946,18.8,mobile,Gold,Gyeonggi,electronics,email,Bargain
CUST-004147,2023-03-18,38.0,7,7.27,4,2,0.086,0.426,1.8,desktop,Silver,Seoul,electronics,push,Loyal
CUST-004148,2024-08-23,70.0,4,12.93,7,0,0.12,0.334,17.0,mobile,Gold,Busan,home,email|push,At_Risk
CUST-004149,2023-07-30,33.0,11,9.7,9,3,0.134,0.196,3.4,mobile,Silver,Seoul,home,push,Explorer
CUST-004150,2024-05-06,31.0,8,15.03,6,6,0.17,0.482,18.4,desktop,Basic,Gyeonggi,sports,push,Bargain
CUST-004151,2023-07-27,18.0,8,26.06,7,3,0.055,0.096,16.3,mobile,Gold,Daegu,electronics,sms,Loyal
CUST-004152,2026-06-29,39.0,6,29.62,1,5,0.189,0.518,11.6,tablet,Basic,Seoul,beauty,email,Explorer
CUST-004153,2025-04-07,38.0,6,25.11,7,4,0.008,0.729,11.9,mobile,Gold,Busan,beauty,email,Bargain
CUST-004154,2024-04-17,27.0,14,9.59,5,3,0.123,0.601,17.8,mobile,Gold,Daejeon,home,push|sms,Bargain
CUST-004155,2025-01-25,38.0,9,16.77,7,3,0.308,0.186,8.9,desktop,Basic,Gyeonggi,electronics,sms,Explorer
CUST-004156,2023-08-06,18.0,8,25.27,6,1,0.28,0.733,12.1,mobile,Silver,Seoul,electronics,email,Bargain
CUST-004157,2022-02-16,27.0,8,16.67,4,3,0.201,0.021,17.0,mobile,Basic,Daejeon,electronics,sms,Explorer
CUST-004158,2025-05-28,39.0,5,17.13,7,5,0.257,0.839,7.5,desktop,Gold,Gyeonggi,beauty,sms,Bargain
CUST-004159,2025-10-03,54.0,9,25.21,1,1,0.059,0.747,43.1,desktop,Basic,Seoul,fashion,sms,Bargain
CUST-004160,2022-07-02,39.0,11,5.33,5,7,0.25,0.377,1.4,mobile,Basic,Seoul,home,push|sms,Loyal
CUST-004161,2025-07-11,47.0,7,7.12,9,2,0.04,0.784,10.5,mobile,Silver,Daegu,fashion,push,Bargain
CUST-004162,2024-12-26,35.0,6,35.96,4,9,0.288,0.136,4.7,desktop,Basic,Busan,beauty,sms,Explorer
CUST-004163,2026-03-15,33.0,9,28.95,5,3,0.014,0.332,17.3,mobile,Basic,Seoul,fashion,email|push,Bargain
CUST-004164,2024-08-06,45.0,10,11.08,3,2,0.064,0.805,9.3,mobile,Basic,Seoul,electronics,push,Bargain
CUST-004165,2024-10-09,49.0,7,11.13,2,7,0.181,0.55,9.1,desktop,Basic,Seoul,sports,sms,Bargain
CUST-004166,2023-09-01,40.0,8,25.97,6,4,0.083,0.346,50.4,mobile,Silver,Gyeonggi,electronics,email|push|sms,Explorer
CUST-004167,2026-06-28,47.0,11,15.06,6,2,0.083,0.475,12.1,desktop,Silver,Daegu,beauty,push,Bargain
CUST-004168,2023-05-12,40.0,5,28.71,10,5,0.114,0.351,22.7,mobile,Gold,Seoul,sports,sms,Bargain
CUST-004169,2026-01-23,42.0,6,12.88,5,5,0.509,0.359,4.3,mobile,Silver,Daegu,fashion,push,Explorer
CUST-004170,2025-05-25,35.0,10,25.81,7,3,0.19,0.771,10.4,mobile,Basic,Busan,home,email|push,Bargain
CUST-004171,2025-04-29,43.0,6,52.77,5,5,0.066,0.285,11.3,desktop,Gold,Seoul,fashion,push,Explorer
CUST-004172,2022-11-18,50.0,5,9.64,9,5,0.286,0.306,38.2,mobile,Silver,Gyeonggi,fashion,push,Explorer
CUST-004173,2022-06-20,44.0,9,15.17,6,4,0.158,0.103,17.3,mobile,Basic,Gyeonggi,beauty,sms,Explorer
CUST-004174,2025-01-19,62.0,4,33.91,4,2,0.194,0.261,48.3,mobile,Silver,Seoul,beauty,email,At_Risk
CUST-004175,2024-04-13,46.0,11,11.34,8,8,0.269,0.43,11.3,mobile,Basic,Gyeonggi,sports,email,Bargain
CUST-004176,2023-03-22,32.0,5,18.15,8,4,0.326,0.323,8.5,mobile,Basic,Seoul,home,email,Bargain
CUST-004177,2022-02-26,47.0,9,7.83,7,3,0.055,0.75,8.5,desktop,Gold,Seoul,home,sms,Bargain
CUST-004178,2025-08-26,34.0,7,5.12,8,3,0.167,0.452,11.9,desktop,Gold,Gyeonggi,fashion,push,Bargain
CUST-004179,2026-05-22,37.0,12,50.09,2,7,0.219,0.674,34.5,mobile,Silver,Busan,beauty,push|sms,Explorer
CUST-004180,2024-04-07,43.0,10,30.11,5,6,0.05,0.057,1.2,mobile,Basic,Seoul,fashion,push|sms,Loyal
CUST-004181,2022-04-23,24.0,12,12.36,5,2,0.302,0.261,0.5,mobile,Basic,Daejeon,beauty,sms,Explorer
CUST-004182,2026-04-13,25.0,8,22.98,6,1,0.075,0.379,5.1,mobile,Basic,Daejeon,beauty,email,Bargain
CUST-004183,2023-03-28,43.0,11,19.46,4,4,0.075,0.49,13.7,tablet,Silver,Gyeonggi,fashion,push|sms,Explorer
CUST-004184,2026-04-03,18.0,10,16.58,6,3,0.076,0.237,24.5,mobile,Basic,Gyeonggi,beauty,email|sms,Bargain
CUST-004185,2025-09-16,30.0,11,21.76,6,2,0.49,0.411,9.2,desktop,Gold,Seoul,beauty,email|push,Explorer
CUST-004186,2026-01-07,24.0,14,29.46,8,4,0.346,0.772,11.5,mobile,Silver,Gyeonggi,home,email,Explorer
CUST-004187,2023-02-14,31.0,9,8.64,2,4,0.135,0.678,26.5,mobile,Basic,Daejeon,sports,sms,Explorer
CUST-004188,2024-09-05,34.0,8,43.4,6,6,0.27,0.508,10.0,mobile,Gold,Daegu,home,email,Explorer
CUST-004189,2025-09-06,18.0,10,10.74,5,4,0.194,0.62,11.4,desktop,Basic,Daegu,fashion,email|push,Bargain
CUST-004190,2025-08-09,36.0,15,15.35,10,4,0.06,0.497,2.3,desktop,Basic,Seoul,beauty,email|sms,Loyal
CUST-004191,2024-02-01,38.0,8,19.89,2,4,0.066,0.619,14.1,desktop,Silver,Seoul,home,email,Loyal
CUST-004192,2023-06-24,45.0,6,2.0,12,2,0.192,0.71,20.5,desktop,Gold,Daejeon,beauty,push,Bargain
CUST-004193,2025-08-29,36.0,12,17.01,6,6,0.23,0.208,3.4,mobile,Silver,Gyeonggi,sports,push,Explorer
CUST-004194,2023-08-26,29.0,11,24.62,4,3,0.168,0.533,36.1,mobile,Silver,Daegu,home,email|sms,Bargain
CUST-004195,2024-07-29,39.0,8,15.79,11,2,0.025,0.168,8.8,mobile,Basic,Gyeonggi,beauty,push,Loyal
CUST-004196,2026-01-04,50.0,11,22.38,7,4,0.352,0.575,12.0,tablet,Basic,Seoul,beauty,push,Bargain
CUST-004197,2022-02-21,23.0,5,35.4,7,2,0.126,0.611,13.0,desktop,Basic,Seoul,home,email|push|sms,Bargain
CUST-004198,2024-06-12,30.0,9,37.74,4,8,0.042,0.483,8.0,mobile,Silver,Gyeonggi,beauty,email,Explorer
CUST-004199,2022-10-26,37.0,11,19.12,5,3,0.083,0.49,27.6,mobile,Gold,Gyeonggi,electronics,push|sms,Explorer
CUST-004200,2023-09-19,47.0,8,32.96,7,3,0.161,0.35,13.0,mobile,Basic,Busan,electronics,email|sms,Bargain
CUST-004201,2022-05-04,22.0,10,31.91,7,7,0.228,0.596,5.6,mobile,Basic,Gyeonggi,sports,email,Explorer
CUST-004202,2022-12-20,23.0,6,25.06,7,1,0.011,0.594,28.2,mobile,Silver,Busan,beauty,email|push|sms,Bargain
CUST-004203,2024-08-24,35.0,6,12.55,3,5,0.022,0.714,12.6,mobile,Gold,Daegu,electronics,sms,Bargain
CUST-004204,2024-05-09,25.0,17,17.83,5,1,0.007,0.373,19.6,desktop,Basic,Gyeonggi,fashion,push,Explorer
CUST-004205,2024-12-10,59.0,6,42.48,6,8,0.283,0.079,14.9,mobile,Silver,Seoul,electronics,sms,Explorer
CUST-004206,2025-08-07,40.0,11,34.93,2,3,0.202,0.121,0.9,desktop,Gold,Seoul,beauty,email,Explorer
CUST-004207,2024-10-24,65.0,12,34.82,5,7,0.103,0.725,24.7,desktop,Basic,Daegu,fashion,email,Explorer
CUST-004208,2025-04-08,22.0,14,9.89,6,1,0.076,0.635,14.1,mobile,Gold,Gyeonggi,fashion,push,Explorer
CUST-004209,2023-09-30,38.0,4,14.33,11,2,0.068,0.358,17.7,desktop,Basic,Daegu,beauty,push,Bargain
CUST-004210,2024-05-08,50.0,7,18.46,6,3,0.222,0.395,15.7,desktop,Basic,Seoul,fashion,email,Bargain
CUST-004211,2022-07-25,37.0,8,25.46,5,4,0.469,0.386,20.6,desktop,Silver,Busan,home,push,Bargain
CUST-004212,2024-01-25,30.0,7,33.44,9,7,0.13,0.647,9.0,mobile,Basic,Seoul,electronics,email|push|sms,Bargain
CUST-004213,2023-01-27,39.0,18,25.51,4,3,0.016,0.16,15.8,mobile,Gold,Busan,fashion,sms,Explorer
CUST-004214,2022-01-20,46.0,8,28.96,9,3,0.297,0.634,5.8,mobile,Basic,Daegu,electronics,email|sms,Explorer
CUST-004215,2026-01-26,45.0,8,24.78,5,4,0.051,0.151,3.6,desktop,Basic,Seoul,electronics,sms,Explorer
CUST-004216,2024-01-31,41.0,11,20.78,8,4,0.196,0.378,48.3,mobile,Basic,Daegu,beauty,email|push,Explorer
CUST-004217,2024-10-22,34.0,16,25.96,3,7,0.301,0.248,9.9,mobile,Gold,Gyeonggi,home,email,Loyal
CUST-004218,2024-08-24,45.0,9,9.27,6,10,0.166,0.493,5.8,tablet,Basic,Gyeonggi,beauty,sms,Loyal
CUST-004219,2022-12-07,42.0,8,11.97,7,2,0.14,0.455,10.9,tablet,Basic,Daegu,fashion,email|push,Bargain
CUST-004220,2024-01-30,29.0,10,20.78,5,4,0.136,0.316,29.7,mobile,Silver,Seoul,sports,email,Bargain
CUST-004221,2026-06-12,58.0,2,12.08,11,2,0.239,0.474,2.3,desktop,Silver,Seoul,sports,push,Bargain
CUST-004222,2022-01-13,48.0,11,15.44,7,4,0.011,0.356,24.0,mobile,Silver,Seoul,beauty,email|push|sms,Bargain
CUST-004223,2023-02-14,46.0,12,5.98,6,2,0.051,0.471,20.0,mobile,Gold,Seoul,home,email,Bargain
CUST-004224,2025-07-06,41.0,6,22.51,7,6,0.278,0.462,23.8,mobile,Gold,Daejeon,sports,email|push|sms,Bargain
CUST-004225,2022-11-12,25.0,6,23.1,8,11,0.194,0.66,10.3,desktop,Gold,Seoul,fashion,email|push,Loyal
CUST-004226,2022-03-11,46.0,9,29.36,4,3,0.4,0.656,7.7,desktop,Basic,Busan,beauty,email,Bargain
CUST-004227,2026-06-09,25.0,7,9.32,11,5,0.382,0.444,16.4,mobile,Basic,Busan,fashion,push,Bargain
CUST-004228,2026-07-02,32.0,8,25.14,8,4,0.124,0.145,9.5,mobile,Basic,Busan,beauty,push,Bargain
CUST-004229,2024-06-06,39.0,8,19.08,4,1,0.168,0.476,14.9,tablet,Silver,Daegu,fashion,push|sms,Loyal
CUST-004230,2023-12-03,32.0,4,15.77,6,0,0.051,0.571,9.8,mobile,Basic,Daegu,sports,push,Bargain
CUST-004231,2024-05-22,18.0,5,7.06,9,5,0.041,0.701,19.8,desktop,Gold,Daegu,fashion,sms,Bargain
CUST-004232,2024-03-01,35.0,7,35.45,6,0,0.095,0.263,20.1,mobile,Silver,Gyeonggi,fashion,sms,Bargain
CUST-004233,2022-02-08,27.0,12,20.84,5,2,0.036,0.774,27.4,mobile,Silver,Seoul,fashion,email,Bargain
CUST-004234,2022-01-22,24.0,9,23.6,3,0,0.297,0.445,10.9,desktop,Basic,Seoul,home,sms,Explorer
CUST-004235,2022-06-25,28.0,8,16.18,3,4,0.048,0.235,11.0,mobile,Gold,Seoul,fashion,push,Loyal
CUST-004236,2023-12-13,40.0,5,35.93,7,4,0.097,0.194,5.5,desktop,Basic,Busan,fashion,push,Explorer
CUST-004237,2022-11-27,24.0,13,17.74,6,6,0.181,0.143,1.2,mobile,Basic,Seoul,electronics,email,Explorer
CUST-004238,2022-03-02,41.0,11,11.89,3,4,0.264,0.073,9.4,mobile,Silver,Busan,fashion,sms,Explorer
CUST-004239,2023-01-22,35.0,5,5.73,4,6,0.1,0.169,3.5,desktop,Basic,Seoul,beauty,sms,Loyal
CUST-004240,2023-08-27,58.0,10,18.16,6,3,0.043,0.663,7.4,mobile,Basic,Seoul,electronics,email,Bargain
CUST-004241,2024-12-17,23.0,5,25.61,12,2,0.106,0.783,16.6,desktop,Gold,Daegu,fashion,push,Explorer
CUST-004242,2024-06-01,44.0,5,14.84,6,5,0.035,0.165,5.0,desktop,Silver,Gyeonggi,fashion,push|sms,Loyal
CUST-004243,2024-09-27,26.0,4,58.21,7,2,0.144,0.673,25.9,mobile,Basic,Gyeonggi,beauty,email|sms,Explorer
CUST-004244,2025-11-16,51.0,5,15.15,7,0,0.275,0.892,24.5,mobile,Basic,Busan,sports,email,Bargain
CUST-004245,2026-02-25,23.0,8,7.45,3,5,0.037,0.796,17.7,mobile,Silver,Gyeonggi,electronics,email|sms,Bargain
CUST-004246,2026-04-13,29.0,10,11.44,5,4,0.183,0.626,44.9,mobile,Gold,Gyeonggi,fashion,push,Bargain
CUST-004247,2026-07-08,52.0,4,10.76,4,6,0.416,0.834,17.4,mobile,Basic,Daejeon,electronics,email|push,Bargain
CUST-004248,2026-04-04,36.0,7,13.23,6,2,0.221,0.513,8.4,desktop,Basic,Seoul,home,push,Bargain
CUST-004249,2025-10-09,37.0,16,14.08,2,4,0.271,0.264,8.5,desktop,Gold,Gyeonggi,home,push,Loyal
CUST-004250,2023-03-24,45.0,3,18.34,5,2,0.015,0.445,2.5,mobile,Basic,Seoul,electronics,push|sms,Explorer
CUST-004251,2026-05-20,25.0,5,11.19,2,6,0.226,0.666,15.0,desktop,Silver,Gyeonggi,fashion,push,Bargain
CUST-004252,2022-05-25,44.0,5,20.18,4,3,0.082,0.214,17.6,mobile,Basic,Daegu,beauty,email|push,Bargain
CUST-004253,2025-02-04,48.0,12,18.25,5,3,0.092,0.082,10.6,mobile,Basic,Seoul,home,sms,Explorer
CUST-004254,2024-04-21,51.0,6,26.43,3,3,0.156,0.49,11.7,tablet,Silver,Seoul,beauty,push,Bargain
CUST-004255,2023-09-05,25.0,6,17.55,10,2,0.098,0.896,12.3,desktop,Basic,Seoul,beauty,push,Bargain
CUST-004256,2023-10-11,33.0,9,16.37,4,4,0.111,0.271,28.0,desktop,Silver,Gyeonggi,beauty,sms,Explorer
CUST-004257,2022-08-15,35.0,5,8.71,8,4,0.07,0.327,26.6,mobile,Gold,Busan,home,email,Bargain
CUST-004258,2026-01-16,48.0,7,12.56,7,6,0.089,0.512,19.5,mobile,Silver,Busan,fashion,push,Bargain
CUST-004259,2023-02-19,27.0,5,18.74,2,1,0.091,0.415,17.0,mobile,Silver,Seoul,beauty,email|push,Bargain
CUST-004260,2024-03-03,51.0,5,23.09,7,2,0.071,0.766,3.5,desktop,Basic,Seoul,home,sms,Bargain
CUST-004261,2022-01-13,29.0,12,24.25,6,4,0.051,0.446,16.2,desktop,Basic,Seoul,beauty,email|push,Bargain
CUST-004262,2025-10-13,25.0,10,25.48,9,3,0.336,0.455,24.5,tablet,Basic,Seoul,electronics,email|push,Explorer
CUST-004263,2023-10-04,29.0,11,28.63,3,5,0.179,0.747,2.5,desktop,Gold,Seoul,sports,email,Loyal
CUST-004264,2022-07-09,32.0,7,17.79,4,5,0.137,0.138,9.2,desktop,Silver,Seoul,fashion,sms,Loyal
CUST-004265,2023-01-06,32.0,9,7.75,5,3,0.009,0.888,6.2,mobile,Basic,Gyeonggi,fashion,email|sms,Bargain
CUST-004266,2026-03-03,18.0,10,38.22,4,2,0.126,0.235,10.7,desktop,Basic,Daegu,home,email,Bargain
CUST-004267,2026-06-21,34.0,11,25.0,4,2,0.274,0.657,12.5,mobile,Basic,Seoul,home,email|sms,Explorer
CUST-004268,2024-12-18,34.0,11,5.56,7,5,0.007,0.336,18.3,desktop,Basic,Daegu,home,email,Bargain
CUST-004269,2022-08-29,36.0,10,16.35,3,5,0.057,0.457,6.7,desktop,Basic,Busan,sports,email,Loyal
CUST-004270,2026-03-28,33.0,11,19.37,8,3,0.164,0.571,5.9,desktop,Silver,Gyeonggi,home,push|sms,Explorer
CUST-004271,2022-03-31,49.0,9,16.51,5,3,0.182,0.389,30.7,mobile,Basic,Daegu,sports,email|push,Explorer
CUST-004272,2024-03-22,39.0,12,8.97,10,2,0.269,0.463,23.8,mobile,Basic,Gyeonggi,home,push|sms,Bargain
CUST-004273,2025-04-17,41.0,12,19.42,7,3,0.12,0.194,22.0,tablet,Basic,Busan,home,email,Explorer
CUST-004274,2025-08-16,38.0,7,13.53,5,4,0.116,0.045,26.0,desktop,Basic,Seoul,home,email|push,Explorer
CUST-004275,2023-04-29,41.0,20,27.3,4,2,0.064,0.291,31.6,mobile,Gold,Daegu,fashion,sms,Explorer
CUST-004276,2024-01-16,41.0,5,16.28,4,2,0.134,0.155,19.8,desktop,Basic,Busan,electronics,sms,Bargain
CUST-004277,2023-07-30,52.0,10,7.43,2,6,0.059,0.382,20.2,mobile,Silver,Gyeonggi,sports,email|push|sms,Loyal
CUST-004278,2024-07-10,41.0,13,32.58,3,4,0.272,0.479,21.4,mobile,Basic,Seoul,electronics,push|sms,Explorer
CUST-004279,2023-02-23,27.0,16,16.14,8,4,0.221,0.429,32.1,mobile,Gold,Busan,beauty,sms,Bargain
CUST-004280,2025-12-30,36.0,11,33.21,4,5,0.3,0.247,10.1,desktop,Basic,Seoul,fashion,email|sms,Explorer
CUST-004281,2024-09-25,40.0,7,6.7,5,1,0.386,0.906,28.7,mobile,Gold,Gyeonggi,beauty,sms,Bargain
CUST-004282,2023-05-03,38.0,14,15.29,4,5,0.09,0.488,15.4,desktop,Gold,Busan,sports,push,Loyal
CUST-004283,2024-08-13,35.0,14,32.99,7,5,0.064,0.303,31.0,mobile,Silver,Gyeonggi,home,email|push|sms,Explorer
CUST-004284,2022-09-12,67.0,10,23.04,9,6,0.34,0.395,6.5,desktop,Silver,Busan,sports,email|sms,Explorer
CUST-004285,2025-09-23,46.0,7,11.85,4,4,0.07,0.256,23.6,desktop,Basic,Daegu,beauty,push,Loyal
CUST-004286,2023-09-30,18.0,6,16.66,7,2,0.158,0.253,14.0,desktop,Basic,Gyeonggi,fashion,push,Bargain
CUST-004287,2022-12-01,36.0,11,24.77,6,4,0.383,0.735,13.8,mobile,Silver,Daegu,beauty,sms,Bargain
CUST-004288,2022-07-15,33.0,10,16.56,4,2,0.336,0.305,31.7,tablet,Gold,Seoul,beauty,email|push,Bargain
CUST-004289,2023-01-20,18.0,8,7.41,9,4,0.093,0.49,4.4,mobile,Silver,Seoul,fashion,email|push,Bargain
CUST-004290,2024-08-11,45.0,8,18.21,5,3,0.125,0.473,23.1,mobile,Basic,Daegu,home,email,Bargain
CUST-004291,2025-05-09,18.0,5,7.77,8,3,0.06,0.876,12.1,mobile,,Gyeonggi,fashion,email,Bargain
CUST-004292,2026-01-08,41.0,11,8.76,8,2,0.254,0.382,48.2,mobile,Silver,Busan,beauty,push|sms,Bargain
CUST-004293,2022-06-21,46.0,6,18.32,3,2,0.019,0.224,4.8,mobile,Silver,Daegu,home,push,Explorer
CUST-004294,2022-06-24,19.0,13,28.25,4,7,0.075,0.298,16.1,mobile,Silver,Seoul,sports,email|push,Explorer
CUST-004295,2022-03-25,50.0,8,6.79,9,1,0.074,0.188,27.6,mobile,Basic,Seoul,beauty,email,Bargain
CUST-004296,2024-05-31,52.0,8,15.38,10,1,0.233,0.705,19.6,mobile,Basic,Daejeon,electronics,sms,Bargain
CUST-004297,2024-11-02,36.0,10,32.91,5,0,0.173,0.658,38.1,mobile,Silver,Seoul,sports,email,Explorer
CUST-004298,2025-02-12,26.0,8,38.45,5,5,0.253,0.222,8.0,mobile,Silver,Seoul,beauty,push,Bargain
CUST-004299,2023-02-22,43.0,11,58.12,6,0,0.227,0.701,9.5,desktop,Gold,Seoul,electronics,push,Explorer
CUST-004300,2025-10-29,34.0,9,20.52,5,5,0.147,0.326,13.4,mobile,Basic,Gyeonggi,electronics,push,Explorer
CUST-004301,2025-07-20,34.0,12,22.16,7,2,0.233,0.556,10.3,desktop,Basic,Daejeon,home,email|push,Bargain
CUST-004302,2022-03-19,42.0,12,22.61,12,3,0.229,0.255,3.5,tablet,Basic,Gyeonggi,electronics,sms,Explorer
CUST-004303,2022-10-09,35.0,11,12.61,4,3,0.132,0.157,18.7,desktop,Basic,Gyeonggi,electronics,email|push,Bargain
CUST-004304,2023-12-25,43.0,9,10.69,11,2,0.29,0.38,9.8,desktop,Basic,Seoul,electronics,push,Bargain
CUST-004305,2024-06-08,27.0,5,39.07,6,5,0.143,0.349,34.6,mobile,Basic,Seoul,beauty,sms,Explorer
CUST-004306,2023-11-07,30.0,11,16.75,4,3,0.156,0.522,13.6,mobile,Gold,Busan,fashion,push,Bargain
CUST-004307,2024-07-06,37.0,13,21.82,7,4,0.106,0.503,9.6,desktop,Basic,Gyeonggi,sports,email|sms,Explorer
CUST-004308,2022-02-25,26.0,7,8.21,10,3,0.26,0.452,17.8,desktop,Silver,Daejeon,electronics,push,Bargain
CUST-004309,2022-01-06,62.0,8,15.75,2,6,0.343,0.703,5.8,desktop,Basic,Seoul,electronics,email|push|sms,Bargain
CUST-004310,2022-06-07,45.0,10,8.65,5,5,0.119,0.608,30.4,mobile,Basic,Daejeon,fashion,email,Bargain
CUST-004311,2025-02-07,64.0,3,8.89,9,4,0.187,0.477,16.9,mobile,Basic,Gyeonggi,beauty,sms,Bargain
CUST-004312,2022-11-14,18.0,11,11.63,7,3,0.039,0.577,2.8,desktop,Gold,Gyeonggi,electronics,push|sms,Loyal
CUST-004313,2025-06-13,42.0,8,5.23,10,2,0.125,0.376,14.0,tablet,Silver,Seoul,electronics,email,Bargain
CUST-004314,2026-02-18,39.0,6,19.24,5,5,0.3,0.309,4.0,mobile,Basic,Busan,beauty,sms,Explorer
CUST-004315,2025-05-21,27.0,4,11.94,7,7,0.219,0.238,16.7,desktop,Basic,Busan,beauty,email|sms,Explorer
CUST-004316,2023-07-27,38.0,5,27.77,3,3,0.126,0.255,4.5,desktop,Gold,Seoul,home,push,Loyal
CUST-004317,2024-02-16,37.0,8,16.5,7,4,0.083,0.672,12.5,mobile,Gold,Daejeon,fashion,push,Bargain
CUST-004318,2025-10-21,42.0,5,7.88,7,1,0.232,0.537,14.7,tablet,Basic,Gyeonggi,electronics,push,Bargain
CUST-004319,2025-04-02,26.0,13,20.55,4,2,0.11,0.054,13.1,mobile,Silver,Gyeonggi,home,email|push|sms,Explorer
CUST-004320,2022-10-06,43.0,11,17.29,7,6,0.157,0.029,10.3,desktop,Basic,Gyeonggi,beauty,push,Explorer
CUST-004321,2023-11-28,53.0,9,9.63,3,6,0.428,0.248,6.0,mobile,Silver,Gyeonggi,electronics,email,Loyal
CUST-004322,2023-02-11,41.0,13,37.42,7,5,0.398,0.419,33.0,desktop,Silver,Gyeonggi,electronics,push|sms,Explorer
CUST-004323,2022-02-24,27.0,10,19.2,6,1,0.05,0.287,15.1,tablet,Gold,Gyeonggi,beauty,sms,Bargain
CUST-004324,2023-02-13,,11,19.51,7,7,0.358,0.807,8.1,desktop,Silver,Daegu,home,email,Bargain
CUST-004325,2023-09-04,37.0,9,14.87,6,5,0.072,0.55,20.2,mobile,Gold,Seoul,home,email|push,Bargain
CUST-004326,2022-07-16,33.0,12,3.43,3,4,0.247,0.738,24.8,mobile,Gold,Busan,home,push,Bargain
CUST-004327,2025-12-28,43.0,13,8.66,9,2,0.092,0.1,7.5,mobile,Basic,Daejeon,home,push,Loyal
CUST-004328,2025-07-13,52.0,17,25.78,4,4,0.295,0.743,7.0,mobile,Basic,Gyeonggi,electronics,push,Bargain
CUST-004329,2026-07-22,35.0,14,24.82,5,5,0.121,0.486,11.7,mobile,Basic,Gyeonggi,electronics,email|push,Bargain
CUST-004330,2024-09-22,41.0,10,18.1,4,5,0.022,0.33,53.3,mobile,Silver,Seoul,sports,email,At_Risk
CUST-004331,2023-03-03,31.0,13,14.61,7,5,0.045,0.286,39.0,mobile,Gold,Seoul,fashion,push,Bargain
CUST-004332,2023-03-11,35.0,7,18.86,9,1,0.125,0.438,15.1,mobile,Basic,Daegu,beauty,email|push,Bargain
CUST-004333,2022-12-12,26.0,4,10.35,12,3,0.297,0.693,22.9,tablet,Silver,Seoul,home,push,Bargain
CUST-004334,2026-04-24,,11,16.9,7,6,0.1,0.689,38.1,mobile,Basic,Seoul,electronics,email,Bargain
CUST-004335,2025-06-25,45.0,10,16.23,5,6,0.246,0.447,7.1,mobile,Basic,Seoul,electronics,email|sms,Bargain
CUST-004336,2023-08-11,51.0,9,15.44,8,3,0.28,0.496,11.0,mobile,Gold,Seoul,electronics,email,Bargain
CUST-004337,2025-04-24,56.0,7,36.5,7,5,0.236,0.667,3.1,mobile,Gold,Busan,home,push,Explorer
CUST-004338,2023-10-21,54.0,13,24.39,4,3,0.196,0.141,13.4,mobile,Gold,Daejeon,fashion,push,Explorer
CUST-004339,2024-02-19,25.0,4,38.41,2,8,0.05,0.468,10.0,mobile,Basic,Busan,fashion,push,Loyal
CUST-004340,2022-09-20,38.0,6,10.83,7,3,0.139,0.311,13.5,mobile,Gold,Gyeonggi,beauty,sms,Bargain
CUST-004341,2022-06-12,36.0,8,16.36,2,3,0.252,0.521,41.6,mobile,Silver,Gyeonggi,beauty,email,Explorer
CUST-004342,2025-12-26,46.0,9,12.26,9,4,0.114,0.33,17.1,mobile,Silver,Daegu,electronics,sms,Bargain
CUST-004343,2025-03-27,42.0,13,5.31,7,3,0.238,0.391,9.5,mobile,Basic,Seoul,home,sms,Loyal
CUST-004344,2024-05-11,41.0,10,30.45,5,2,0.355,0.891,2.2,mobile,Gold,Seoul,electronics,email|sms,Bargain
CUST-004345,2026-03-25,33.0,4,10.26,5,7,0.129,0.613,4.6,mobile,Basic,Daejeon,electronics,sms,Bargain
CUST-004346,2022-01-31,36.0,7,18.65,4,5,0.136,0.352,15.4,mobile,Silver,Gyeonggi,home,email|push,Explorer
CUST-004347,2023-03-02,39.0,9,20.25,6,6,0.065,0.584,25.9,desktop,Basic,Daegu,beauty,push,Explorer
CUST-004348,2025-04-07,31.0,9,20.03,6,3,0.102,0.749,11.5,desktop,Basic,Gyeonggi,fashion,sms,Bargain
CUST-004349,2026-07-13,39.0,5,14.83,8,6,0.463,0.721,7.3,mobile,Gold,Seoul,fashion,email,Loyal
CUST-004350,2022-05-21,52.0,8,25.55,7,4,0.594,0.311,3.5,desktop,Basic,Seoul,beauty,email|push,Bargain
CUST-004351,2025-03-19,55.0,5,16.6,4,4,0.106,0.356,30.1,desktop,Basic,Busan,fashion,push|sms,Explorer
CUST-004352,2025-11-03,,12,10.41,5,1,0.047,0.366,2.2,desktop,Silver,Busan,sports,push,Bargain
CUST-004353,2023-09-26,46.0,7,22.48,2,5,0.164,0.716,15.8,mobile,Basic,Gyeonggi,home,push,Bargain
CUST-004354,2026-01-17,28.0,7,31.38,8,3,0.151,0.518,15.1,mobile,Basic,Seoul,electronics,email|push|sms,Explorer
CUST-004355,2024-02-28,33.0,7,6.54,7,3,0.235,0.508,4.6,mobile,Basic,Seoul,electronics,sms,Bargain
CUST-004356,2023-09-29,41.0,11,11.0,2,4,0.184,0.453,4.8,desktop,Basic,Daegu,electronics,email|push,Loyal
CUST-004357,2023-10-11,27.0,12,21.16,5,1,0.067,0.249,18.0,mobile,Basic,Gyeonggi,fashion,email|push|sms,Explorer
CUST-004358,2025-12-02,18.0,8,19.81,9,8,0.039,0.357,10.5,mobile,Gold,Gyeonggi,beauty,push,Loyal
CUST-004359,2023-12-31,29.0,10,20.16,4,5,0.175,0.081,4.5,mobile,Silver,Busan,beauty,push,Loyal
CUST-004360,2024-12-03,28.0,10,17.35,12,4,0.074,0.409,2.1,mobile,Silver,Busan,fashion,email,Bargain
CUST-004361,2024-08-24,28.0,8,19.31,7,3,0.242,0.382,8.6,mobile,Basic,Gyeonggi,home,email|push,Bargain
CUST-004362,2024-05-29,39.0,14,45.91,7,2,0.172,0.704,3.8,tablet,Basic,Busan,beauty,sms,Explorer
CUST-004363,2023-02-07,38.0,12,8.47,2,3,0.163,0.387,14.6,mobile,Silver,Seoul,fashion,sms,Loyal
CUST-004364,2026-01-30,35.0,7,15.72,8,4,0.216,0.692,9.4,tablet,Silver,Seoul,fashion,email,Bargain
CUST-004365,2022-03-11,43.0,14,20.43,7,4,0.045,0.339,14.0,desktop,Basic,Daegu,sports,email|push,Explorer
CUST-004366,2026-01-14,31.0,7,10.64,6,3,0.391,0.313,21.4,desktop,Basic,Gyeonggi,fashion,email|sms,Bargain
CUST-004367,2024-02-10,53.0,6,12.2,5,2,0.124,0.465,24.8,desktop,Basic,Seoul,fashion,sms,Bargain
CUST-004368,2023-07-02,44.0,12,16.79,1,3,0.111,0.377,13.9,tablet,Silver,Seoul,fashion,email|push|sms,Explorer
CUST-004369,2024-05-01,20.0,8,13.48,6,0,0.237,0.498,17.0,mobile,Gold,Busan,electronics,email|push,Explorer
CUST-004370,2026-07-06,48.0,13,11.77,7,3,0.38,0.129,32.6,mobile,Basic,Gyeonggi,home,email,Bargain
CUST-004371,2024-02-27,37.0,11,20.75,6,3,0.22,0.721,12.7,mobile,Gold,Gyeonggi,fashion,email,Bargain
CUST-004372,2025-03-26,42.0,12,6.08,9,3,0.18,0.448,35.5,desktop,Silver,Busan,sports,email|push,Bargain
CUST-004373,2025-06-07,31.0,11,40.98,5,3,0.235,0.478,21.6,desktop,Basic,Daegu,home,email,Explorer
CUST-004374,2026-07-12,28.0,4,35.9,6,2,0.266,0.521,11.5,mobile,Basic,Seoul,fashion,email,Explorer
CUST-004375,2026-02-23,50.0,9,31.85,8,3,0.123,0.382,8.5,mobile,Silver,Seoul,electronics,sms,Explorer
CUST-004376,2022-05-18,28.0,14,24.6,8,3,0.09,0.158,6.2,mobile,Silver,Gyeonggi,home,email,Explorer
CUST-004377,2024-07-23,22.0,7,14.9,8,4,0.171,0.214,27.4,mobile,,Gyeonggi,beauty,push,Bargain
CUST-004378,2025-09-10,33.0,13,11.45,4,4,0.279,0.178,7.9,mobile,Silver,Seoul,electronics,push|sms,Loyal
CUST-004379,2025-01-10,40.0,13,27.08,5,4,0.184,0.404,40.2,mobile,Basic,Seoul,fashion,email,Bargain
CUST-004380,2022-06-01,41.0,10,18.44,6,4,0.216,0.534,9.7,mobile,Basic,Seoul,beauty,push,Explorer
CUST-004381,2024-01-10,43.0,12,18.62,10,8,0.029,0.238,26.2,desktop,Basic,Seoul,fashion,email|push|sms,Loyal
CUST-004382,2025-07-09,58.0,4,4.92,9,2,0.006,0.66,12.9,mobile,Basic,Gyeonggi,fashion,push|sms,Bargain
CUST-004383,2026-04-05,34.0,6,11.25,8,3,0.166,0.405,7.7,mobile,Basic,Seoul,electronics,email|sms,Explorer
CUST-004384,2024-09-04,18.0,11,24.49,8,4,0.135,0.182,6.5,desktop,Silver,Busan,home,push,Bargain
CUST-004385,2025-08-30,58.0,7,11.15,3,4,0.096,0.125,20.1,tablet,Silver,Seoul,sports,push,Explorer
CUST-004386,2026-07-03,43.0,6,27.34,2,3,0.081,0.241,9.1,tablet,Gold,Busan,electronics,email,Bargain
CUST-004387,2025-04-04,53.0,3,21.85,9,5,0.132,0.211,2.3,mobile,Basic,Daejeon,fashion,email,Bargain
CUST-004388,2022-02-01,41.0,11,19.97,4,3,0.229,0.154,7.7,mobile,Basic,Daegu,fashion,email|push,Explorer
CUST-004389,2025-06-05,48.0,7,16.4,7,3,0.097,0.789,15.1,mobile,Basic,Seoul,beauty,sms,Bargain
CUST-004390,2023-07-16,38.0,9,8.77,10,2,0.061,0.297,32.1,mobile,Silver,Gyeonggi,beauty,email,Bargain
CUST-004391,2024-03-25,31.0,10,19.76,5,3,0.249,0.472,16.8,desktop,Basic,Busan,sports,email|push,Explorer
CUST-004392,2022-09-27,41.0,9,4.72,8,2,0.321,0.361,12.8,tablet,Gold,Seoul,electronics,email,Bargain
CUST-004393,2023-08-24,28.0,8,30.76,7,2,0.056,0.761,24.2,desktop,Basic,Busan,fashion,email|sms,Bargain
CUST-004394,2025-01-11,43.0,6,26.74,5,2,0.095,0.394,23.8,mobile,Silver,Seoul,beauty,email|push,Bargain
CUST-004395,2023-10-11,24.0,9,5.87,6,3,0.121,0.372,12.8,desktop,Basic,Gyeonggi,fashion,email,Explorer
CUST-004396,2025-07-20,26.0,6,33.95,4,3,0.119,0.034,5.6,mobile,Basic,Seoul,home,push,Explorer
CUST-004397,2024-11-23,58.0,11,16.02,4,4,0.199,0.267,13.8,desktop,Basic,Seoul,home,email,Bargain
CUST-004398,2025-05-10,24.0,6,23.52,6,3,0.205,0.357,13.8,mobile,Basic,Daejeon,home,push|sms,Explorer
CUST-004399,2023-03-28,18.0,6,13.67,4,7,0.385,0.499,14.4,desktop,Basic,Seoul,beauty,email,Loyal
CUST-004400,2025-10-04,51.0,10,20.78,6,2,0.207,0.411,12.1,tablet,Gold,Gyeonggi,beauty,push,Explorer
CUST-004401,2024-06-27,45.0,13,23.03,4,5,0.136,0.313,5.3,desktop,Basic,Busan,electronics,push,Bargain
CUST-004402,2025-11-17,41.0,5,15.11,2,4,0.123,0.403,3.1,mobile,Basic,Daegu,fashion,email,Bargain
CUST-004403,2022-08-11,21.0,7,16.15,9,4,0.121,0.803,7.7,mobile,Silver,Daegu,fashion,email|push,Bargain
CUST-004404,2026-06-02,38.0,6,11.31,7,4,0.38,0.121,5.3,mobile,Basic,Gyeonggi,fashion,email,Bargain
CUST-004405,2022-12-14,46.0,9,26.9,5,6,0.079,0.618,8.3,desktop,Basic,Daejeon,home,email,Loyal
CUST-004406,2025-03-01,36.0,7,6.9,2,5,0.068,0.512,12.8,mobile,Basic,Gyeonggi,beauty,email,Loyal
CUST-004407,2023-06-27,42.0,7,23.68,8,10,0.386,0.349,20.4,mobile,Basic,Seoul,fashion,email,Bargain
CUST-004408,2024-09-09,52.0,8,15.62,5,5,0.422,0.756,11.5,desktop,Basic,Daegu,electronics,sms,Bargain
CUST-004409,2023-01-16,34.0,11,30.78,5,6,0.098,0.499,46.0,desktop,Basic,Daegu,electronics,push|sms,Explorer
CUST-004410,2023-03-24,30.0,9,23.48,6,1,0.073,0.522,9.7,mobile,Basic,Gyeonggi,beauty,push,Explorer
CUST-004411,2023-04-03,28.0,6,10.24,9,6,0.068,0.342,5.7,mobile,Silver,Gyeonggi,sports,email|push|sms,Explorer
CUST-004412,2023-10-10,39.0,11,2.89,7,3,0.105,0.431,11.7,mobile,Basic,Busan,home,push,Bargain
CUST-004413,2022-11-29,55.0,8,4.86,4,0,0.115,0.322,5.2,mobile,Silver,Busan,fashion,push,Bargain
CUST-004414,2022-06-29,29.0,10,20.04,8,5,0.339,0.88,1.8,mobile,Silver,Daejeon,fashion,email|push|sms,Bargain
CUST-004415,2023-02-26,39.0,11,39.18,6,0,0.074,0.218,18.1,desktop,Basic,Daegu,beauty,sms,Explorer
CUST-004416,2022-11-23,27.0,10,18.36,6,6,0.096,0.454,9.2,mobile,Silver,Busan,beauty,push,Loyal
CUST-004417,2024-05-11,54.0,7,17.54,8,0,0.33,0.248,26.2,desktop,Basic,Seoul,electronics,email,Bargain
CUST-004418,2022-03-29,47.0,5,12.13,10,5,0.08,0.768,13.2,tablet,Basic,Seoul,sports,push,Bargain
CUST-004419,2025-12-17,52.0,4,16.37,15,5,0.228,0.523,8.9,desktop,Basic,Daejeon,beauty,email,Bargain
CUST-004420,2023-12-11,48.0,7,37.76,7,2,0.273,0.69,37.9,mobile,Basic,Seoul,electronics,email,Explorer
CUST-004421,2023-02-28,59.0,8,30.93,2,2,0.442,0.788,10.7,mobile,Basic,Busan,fashion,email|push,Explorer
CUST-004422,2025-03-18,32.0,9,24.85,7,8,0.193,0.791,8.7,mobile,Basic,Seoul,fashion,email,Bargain
CUST-004423,2024-12-13,50.0,10,30.62,7,2,0.107,0.667,6.0,mobile,Basic,Seoul,beauty,sms,Bargain
CUST-004424,2022-08-15,51.0,8,4.87,8,3,0.132,0.498,6.8,mobile,Basic,Gyeonggi,fashion,sms,Bargain
CUST-004425,2025-02-02,57.0,7,14.66,6,4,0.255,0.286,14.5,tablet,Gold,Gyeonggi,fashion,push,Bargain
CUST-004426,2023-05-06,28.0,8,20.27,5,6,0.134,0.33,12.9,tablet,Basic,Gyeonggi,home,email,Bargain
CUST-004427,2022-12-27,37.0,12,9.33,6,3,0.095,0.443,6.7,desktop,Basic,Daegu,home,email|push,Bargain
CUST-004428,2026-03-27,23.0,13,7.93,4,2,0.046,0.402,6.5,mobile,Silver,Daegu,beauty,email,Loyal
CUST-004429,2025-02-04,34.0,11,13.76,8,6,0.213,0.258,8.2,mobile,Silver,Gyeonggi,fashion,email,Explorer
CUST-004430,2023-02-02,39.0,7,28.49,3,1,0.256,0.523,19.7,desktop,Basic,Daegu,beauty,push|sms,Explorer
CUST-004431,2024-01-16,31.0,8,20.83,6,4,0.094,0.628,55.0,tablet,Gold,Seoul,electronics,sms,Bargain
CUST-004432,2024-09-05,58.0,14,13.27,10,4,0.077,0.518,37.7,mobile,Basic,Gyeonggi,electronics,email|push,Explorer
CUST-004433,2022-12-02,45.0,9,25.24,6,5,0.038,0.602,6.5,desktop,Basic,Seoul,electronics,email,Explorer
CUST-004434,2023-08-04,31.0,11,26.67,9,3,0.043,0.457,15.9,mobile,Basic,Seoul,electronics,email,Explorer
CUST-004435,2023-05-21,39.0,8,49.95,3,3,0.063,0.412,18.5,mobile,Gold,Seoul,electronics,email,Explorer
CUST-004436,2024-06-14,28.0,14,16.65,3,6,0.256,0.174,7.4,desktop,Basic,Daejeon,beauty,push,Loyal
CUST-004437,2024-11-23,44.0,12,4.1,10,3,0.214,0.408,8.5,mobile,Gold,Busan,electronics,push,Bargain
CUST-004438,2022-11-10,39.0,2,12.19,8,5,0.026,0.168,1.3,tablet,Basic,Seoul,home,push,Bargain
CUST-004439,2024-03-01,28.0,6,21.09,2,3,0.093,0.332,18.2,mobile,Silver,Busan,fashion,email|sms,Loyal
CUST-004440,2024-11-17,35.0,7,33.53,4,6,0.22,0.586,20.2,mobile,Silver,Gyeonggi,electronics,email|push,Explorer
CUST-004441,2023-03-03,47.0,10,27.79,7,3,0.172,0.402,5.4,mobile,Basic,Busan,fashion,email,Bargain
CUST-004442,2025-02-11,47.0,4,8.41,2,3,0.206,0.022,32.4,mobile,Basic,Seoul,beauty,email,Explorer
CUST-004443,2022-07-14,38.0,8,8.38,7,2,0.09,0.516,6.2,mobile,Basic,Seoul,sports,email|push|sms,Bargain
CUST-004444,2026-05-15,37.0,6,24.87,7,1,0.361,0.696,9.7,desktop,Silver,Busan,sports,sms,Bargain
CUST-004445,2025-07-25,53.0,2,41.96,9,3,0.42,0.851,7.8,tablet,Silver,Gyeonggi,sports,email|push,Bargain
CUST-004446,2022-01-17,41.0,13,18.32,6,3,0.086,0.217,16.4,mobile,Silver,Seoul,home,email|push|sms,Bargain
CUST-004447,2024-01-17,33.0,5,10.13,10,2,0.114,0.502,25.7,mobile,Silver,Gyeonggi,home,push,Bargain
CUST-004448,2026-04-18,35.0,5,21.07,7,4,0.299,0.457,21.8,mobile,Gold,Gyeonggi,fashion,email,Bargain
CUST-004449,2025-05-17,42.0,16,11.92,3,6,0.27,0.489,7.1,mobile,Silver,Daegu,fashion,email|sms,Explorer
CUST-004450,2022-07-21,43.0,7,10.87,5,7,0.165,0.569,22.7,mobile,Basic,Gyeonggi,electronics,push|sms,Bargain
CUST-004451,2024-02-26,47.0,7,20.1,5,2,0.455,0.729,12.9,mobile,Basic,Daejeon,home,push,Bargain
CUST-004452,2022-05-16,35.0,4,51.56,5,4,0.046,0.532,39.7,tablet,Basic,Daegu,beauty,sms,Explorer
CUST-004453,2024-06-01,37.0,15,10.7,4,8,0.105,0.705,5.5,mobile,Basic,Busan,sports,push,Loyal
CUST-004454,2023-03-01,39.0,5,28.02,5,6,0.063,0.724,17.5,mobile,Basic,Gyeonggi,electronics,sms,Bargain
CUST-004455,2024-08-15,18.0,7,11.66,3,3,0.199,0.329,21.2,mobile,Silver,Seoul,electronics,push,Explorer
CUST-004456,2022-10-01,36.0,14,34.66,8,1,0.056,0.48,30.4,mobile,Basic,Seoul,home,email,Explorer
CUST-004457,2024-07-06,25.0,9,33.34,7,4,0.275,0.637,13.3,mobile,Basic,Daejeon,fashion,push,Bargain
CUST-004458,2025-08-05,31.0,11,3.97,5,2,0.185,0.334,29.4,mobile,Basic,Daejeon,beauty,push|sms,Bargain
CUST-004459,2023-04-29,43.0,7,45.26,8,6,0.089,0.165,36.9,mobile,Basic,Seoul,home,sms,Explorer
CUST-004460,2023-11-24,44.0,6,5.75,6,4,0.285,0.523,8.8,tablet,Basic,Gyeonggi,fashion,sms,Bargain
CUST-004461,2023-09-18,34.0,13,2.4,5,2,0.029,0.316,29.7,mobile,Basic,Daejeon,sports,email|push,Explorer
CUST-004462,2022-10-11,37.0,8,21.63,6,7,0.285,0.705,8.8,tablet,Gold,Gyeonggi,electronics,email|push,Bargain
CUST-004463,2025-02-12,43.0,5,12.79,3,3,0.047,0.107,16.5,desktop,Basic,Busan,home,push,Bargain
CUST-004464,2025-10-30,42.0,10,27.98,7,3,0.291,0.245,9.6,mobile,Gold,Seoul,electronics,email,Explorer
CUST-004465,2026-01-26,42.0,7,32.34,5,5,0.108,0.322,7.3,mobile,Basic,Daegu,fashion,sms,Explorer
CUST-004466,2024-01-13,35.0,5,12.25,9,3,0.014,0.478,1.4,desktop,Basic,Daejeon,home,push|sms,Explorer
CUST-004467,2022-09-14,28.0,13,22.26,6,5,0.027,0.276,5.2,mobile,Basic,Seoul,sports,email,Bargain
CUST-004468,2025-12-26,18.0,8,2.99,2,6,0.187,0.576,11.3,mobile,Basic,Gyeonggi,electronics,push|sms,Loyal
CUST-004469,2022-06-09,23.0,13,14.09,3,0,0.186,0.469,21.2,desktop,Basic,Seoul,beauty,push,Explorer
CUST-004470,2024-05-12,39.0,13,17.68,5,3,0.022,0.328,5.9,mobile,Silver,Daegu,home,sms,Loyal
CUST-004471,2025-07-25,27.0,6,10.41,7,2,0.004,0.219,11.8,mobile,Basic,Gyeonggi,fashion,email,Bargain
CUST-004472,2023-03-27,30.0,9,33.12,6,9,0.061,0.181,16.3,tablet,Gold,Busan,electronics,sms,Loyal
CUST-004473,2022-10-02,29.0,9,14.21,2,2,0.356,0.602,7.6,mobile,Basic,Daejeon,beauty,sms,Bargain
CUST-004474,2023-02-03,40.0,6,18.7,7,3,0.03,0.437,10.6,desktop,Silver,Seoul,beauty,email,Loyal
CUST-004475,2025-06-04,48.0,10,16.03,10,5,0.132,0.243,40.6,tablet,Basic,Daegu,fashion,push,Bargain
CUST-004476,2024-03-27,34.0,7,20.92,4,4,0.142,0.301,25.6,mobile,Basic,Gyeonggi,fashion,email,Explorer
CUST-004477,2025-01-21,44.0,7,10.41,4,6,0.025,0.336,6.4,mobile,Basic,Seoul,beauty,email|push,Loyal
CUST-004478,2023-03-22,26.0,13,7.86,7,2,0.133,0.238,8.1,mobile,Silver,Busan,sports,sms,Explorer
CUST-004479,2023-12-28,55.0,7,5.93,6,4,0.082,0.034,12.1,mobile,Silver,Daegu,fashion,email,Bargain
CUST-004480,2025-03-23,41.0,11,16.99,8,3,0.126,0.379,18.2,mobile,Gold,Seoul,electronics,sms,Explorer
CUST-004481,2023-07-20,45.0,7,41.52,8,6,0.045,0.428,17.8,mobile,Basic,Gyeonggi,fashion,sms,Explorer
CUST-004482,2026-03-13,54.0,13,27.76,8,4,0.38,0.452,14.8,mobile,Gold,Daegu,electronics,email|sms,Bargain
CUST-004483,2023-03-18,35.0,7,43.59,7,3,0.189,0.512,20.5,desktop,Gold,Daegu,electronics,email|push,Explorer
CUST-004484,2026-06-15,49.0,5,5.68,7,4,0.011,0.625,5.2,desktop,Basic,Daejeon,fashion,sms,Bargain
CUST-004485,2022-05-12,48.0,13,14.7,2,3,0.084,0.426,11.2,desktop,Silver,Daegu,beauty,email|push|sms,Explorer
CUST-004486,2025-02-19,46.0,10,6.87,8,5,0.144,0.047,11.9,tablet,Gold,Seoul,beauty,push|sms,Loyal
CUST-004487,2023-04-11,33.0,4,5.85,7,5,0.049,0.604,12.6,mobile,Silver,Daegu,fashion,email,Bargain
CUST-004488,2026-06-02,41.0,4,11.49,4,6,0.446,0.416,7.0,mobile,Silver,Seoul,beauty,push,Loyal
CUST-004489,2024-01-20,48.0,3,20.62,6,4,0.143,0.279,7.2,mobile,Basic,Seoul,beauty,email|push,Bargain
CUST-004490,2024-10-21,47.0,9,40.82,8,2,0.149,0.441,10.3,mobile,Gold,Daejeon,fashion,sms,Explorer
CUST-004491,2023-12-27,21.0,10,7.43,4,3,0.202,0.772,14.9,mobile,Silver,Seoul,home,email,Bargain
CUST-004492,2023-03-07,54.0,7,18.75,3,2,0.237,0.44,8.8,tablet,Silver,Gyeonggi,fashion,sms,Bargain
CUST-004493,2025-02-07,46.0,5,14.8,3,5,0.139,0.497,5.9,tablet,Silver,Seoul,fashion,sms,Bargain
CUST-004494,2025-12-29,19.0,11,27.66,3,5,0.348,0.594,3.6,mobile,Silver,Daegu,beauty,push,Bargain
CUST-004495,2025-01-01,38.0,7,16.59,9,4,0.141,0.363,15.1,mobile,Silver,Daejeon,fashion,email,Bargain
CUST-004496,2024-09-01,41.0,15,8.53,5,4,0.137,0.175,18.9,mobile,Basic,Gyeonggi,home,email|sms,Bargain
CUST-004497,2025-11-07,44.0,18,28.99,5,1,0.07,0.276,15.9,mobile,Gold,Gyeonggi,fashion,sms,Explorer
CUST-004498,2024-06-25,28.0,15,12.95,6,7,0.055,0.5,19.4,mobile,Basic,Daegu,fashion,email,Loyal
CUST-004499,2026-05-27,24.0,9,14.71,9,2,0.127,0.562,18.6,desktop,Silver,Gyeonggi,fashion,email,Bargain
CUST-004500,2022-12-12,33.0,14,26.13,5,1,0.272,0.234,9.8,mobile,Basic,Daegu,electronics,email|push,Explorer
CUST-004501,2025-11-09,29.0,9,12.34,8,8,0.123,0.314,10.9,mobile,Silver,Busan,beauty,sms,Loyal
CUST-004502,2022-08-30,20.0,7,45.99,5,5,0.062,0.273,18.2,mobile,Basic,Seoul,home,email,Explorer
CUST-004503,2024-03-11,57.0,9,27.35,3,5,0.123,0.468,4.9,desktop,Basic,Seoul,home,email,Loyal
CUST-004504,2023-05-16,43.0,8,8.39,8,3,0.084,0.547,4.5,tablet,Gold,Gyeonggi,home,sms,Loyal
CUST-004505,2025-03-24,41.0,10,10.8,7,3,0.02,0.576,8.7,mobile,Basic,Seoul,fashion,email|push,Loyal
CUST-004506,2024-10-08,43.0,9,28.81,3,3,0.113,0.25,3.4,mobile,Basic,Daejeon,home,email,Explorer
CUST-004507,2025-02-15,44.0,6,31.28,9,2,0.24,0.115,7.9,mobile,Basic,Gyeonggi,sports,sms,Explorer
CUST-004508,2024-02-16,49.0,6,25.23,8,12,0.21,0.614,5.0,mobile,Basic,Daejeon,fashion,email,Loyal
CUST-004509,2024-02-04,35.0,5,11.24,9,3,0.184,0.765,7.7,desktop,Basic,Gyeonggi,electronics,email|push,Bargain
CUST-004510,2022-07-16,40.0,12,23.77,2,3,0.075,0.855,15.5,mobile,Basic,Gyeonggi,beauty,push,Explorer
CUST-004511,2024-03-31,37.0,11,10.75,3,5,0.362,0.463,22.7,mobile,Basic,Gyeonggi,sports,email,Explorer
CUST-004512,2022-01-01,50.0,12,14.01,9,10,0.121,0.444,38.5,mobile,Silver,Busan,home,sms,Bargain
CUST-004513,2025-10-27,30.0,6,13.62,4,0,0.276,0.633,14.7,mobile,Silver,Daegu,fashion,push|sms,Bargain
CUST-004514,2024-04-21,43.0,5,12.08,4,6,0.12,0.541,16.2,mobile,,Gyeonggi,electronics,email|push,Loyal
CUST-004515,2026-04-14,34.0,10,30.29,8,2,0.328,0.082,13.6,mobile,Silver,Gyeonggi,sports,push|sms,Bargain
CUST-004516,2025-09-12,29.0,11,33.16,3,4,0.262,0.483,9.5,mobile,Gold,Seoul,electronics,sms,Loyal
CUST-004517,2023-05-12,25.0,10,15.46,8,7,0.059,0.511,6.5,desktop,Silver,Seoul,home,sms,Loyal
CUST-004518,2022-03-03,42.0,7,8.59,5,5,0.025,0.235,6.0,desktop,Silver,Gyeonggi,fashion,email,Loyal
CUST-004519,2026-04-06,42.0,14,15.3,3,6,0.344,0.233,7.6,mobile,Silver,Daegu,fashion,email|sms,Explorer
CUST-004520,2022-01-05,18.0,10,11.1,10,8,0.315,0.8,3.2,tablet,Basic,Daegu,beauty,email|push,Bargain
CUST-004521,2025-02-13,22.0,10,38.16,12,4,0.288,0.852,30.8,mobile,Basic,Seoul,electronics,email,Bargain
CUST-004522,2023-09-19,41.0,8,22.52,8,3,0.272,0.174,3.6,mobile,Gold,Daegu,fashion,sms,Bargain
CUST-004523,2026-03-20,50.0,11,13.98,5,0,0.116,0.239,10.3,desktop,Silver,Daegu,beauty,email|push|sms,Explorer
CUST-004524,2023-01-11,35.0,9,10.38,9,4,0.116,0.793,13.0,desktop,Silver,Busan,electronics,sms,Bargain
CUST-004525,2023-05-11,47.0,13,24.28,8,4,0.173,0.367,6.8,desktop,Basic,Seoul,electronics,push,Explorer
CUST-004526,2023-04-07,42.0,11,12.05,4,3,0.085,0.284,7.7,desktop,Basic,Daejeon,electronics,email|sms,Loyal
CUST-004527,2025-04-08,41.0,6,14.48,5,4,0.381,0.683,20.2,tablet,Basic,Seoul,home,email|push|sms,Explorer
CUST-004528,2022-08-04,32.0,4,8.01,8,6,0.125,0.619,10.2,mobile,Silver,Gyeonggi,beauty,push,Bargain
CUST-004529,2024-09-08,44.0,12,17.43,7,6,0.054,0.548,1.1,mobile,Basic,Gyeonggi,sports,push,Bargain
CUST-004530,2024-05-25,57.0,10,8.08,10,1,0.157,0.31,19.3,mobile,Basic,Gyeonggi,sports,email|sms,Bargain
CUST-004531,2022-03-01,28.0,11,21.6,2,6,0.061,0.642,8.5,mobile,Gold,Daejeon,home,push,Loyal
CUST-004532,2025-11-09,37.0,5,21.51,5,0,0.32,0.289,15.1,desktop,Silver,Daegu,home,sms,Bargain
CUST-004533,2023-09-26,44.0,4,14.88,4,4,0.051,0.309,16.4,desktop,Silver,Seoul,home,push|sms,Bargain
CUST-004534,2025-08-03,36.0,12,13.92,11,9,0.22,0.544,13.9,desktop,Gold,Daegu,fashion,sms,Loyal
CUST-004535,2022-06-12,38.0,10,16.7,9,6,0.126,0.236,11.0,mobile,Gold,Seoul,beauty,push,Loyal
CUST-004536,2024-05-12,39.0,10,22.97,4,6,0.119,0.173,5.6,desktop,Basic,Gyeonggi,beauty,email|push,Loyal
CUST-004537,2026-03-22,43.0,10,17.57,7,4,0.159,0.488,18.0,mobile,Basic,Daegu,electronics,email|sms,Bargain
CUST-004538,2026-01-05,47.0,5,9.52,7,6,0.106,0.624,15.2,tablet,Basic,Gyeonggi,beauty,email|sms,Bargain
CUST-004539,2024-08-16,18.0,9,11.78,3,2,0.216,0.38,9.7,mobile,Basic,Busan,electronics,push,Bargain
CUST-004540,2022-02-28,41.0,14,8.77,9,1,0.29,0.252,1.3,mobile,Basic,Daegu,home,sms,Bargain
CUST-004541,2024-02-01,22.0,9,23.32,3,6,0.101,0.448,9.0,mobile,Silver,Seoul,beauty,email|sms,Explorer
CUST-004542,2025-05-27,44.0,5,20.93,4,4,0.143,0.553,9.6,mobile,Basic,Gyeonggi,fashion,push,Bargain
CUST-004543,2022-05-21,56.0,7,36.23,8,1,0.251,0.486,8.1,desktop,Silver,Gyeonggi,electronics,email|push,Explorer
CUST-004544,2024-02-22,49.0,9,25.63,6,5,0.037,0.29,10.6,mobile,Silver,Seoul,fashion,email,Explorer
CUST-004545,2024-05-12,18.0,8,24.48,8,2,0.105,0.4,12.9,mobile,Basic,Daegu,home,push,Explorer
CUST-004546,2023-06-29,46.0,9,25.37,2,5,0.196,0.09,18.8,tablet,Silver,Seoul,fashion,email|push,Explorer
CUST-004547,2026-06-20,53.0,16,14.99,4,0,0.106,0.088,20.4,mobile,Silver,Daegu,electronics,email,Explorer
CUST-004548,2022-11-16,57.0,11,22.23,7,5,0.093,0.135,12.7,desktop,Silver,Gyeonggi,fashion,email,Explorer
CUST-004549,2022-04-09,32.0,12,33.1,7,6,0.221,0.598,4.2,mobile,Basic,Gyeonggi,home,email|sms,Explorer
CUST-004550,2024-11-03,33.0,7,12.65,9,4,0.022,0.575,22.2,mobile,Silver,Gyeonggi,beauty,push,Bargain
CUST-004551,2022-12-18,49.0,12,11.16,8,6,0.245,0.581,20.0,desktop,Silver,Busan,fashion,sms,Explorer
CUST-004552,2022-09-05,43.0,10,13.08,8,4,0.194,0.536,34.6,mobile,Basic,Daegu,electronics,email|push,Bargain
CUST-004553,2023-08-26,21.0,9,30.24,9,3,0.103,0.778,8.5,desktop,Basic,Gyeonggi,beauty,email|sms,Bargain
CUST-004554,2025-10-11,54.0,7,6.0,4,4,0.195,0.606,1.7,desktop,Silver,Gyeonggi,sports,email|sms,Bargain
CUST-004555,2024-09-29,55.0,11,6.39,12,7,0.238,0.19,9.6,mobile,Basic,Busan,home,push|sms,Bargain
CUST-004556,2025-01-26,48.0,8,16.24,7,4,0.123,0.397,8.5,mobile,Gold,Gyeonggi,electronics,email,Loyal
CUST-004557,2025-01-22,50.0,5,18.6,4,2,0.216,0.409,11.8,mobile,Silver,Seoul,fashion,push,Bargain
CUST-004558,2024-01-18,26.0,12,16.05,6,5,0.047,0.178,0.9,mobile,Silver,Seoul,home,push,Loyal
CUST-004559,2024-03-18,44.0,14,8.37,5,5,0.175,0.674,13.4,mobile,Basic,Seoul,electronics,sms,Explorer
CUST-004560,2022-10-22,42.0,9,8.74,10,7,0.163,0.215,15.2,mobile,Gold,Daejeon,home,sms,Loyal
CUST-004561,2023-04-18,36.0,6,24.52,8,5,0.11,0.685,42.2,mobile,Silver,Busan,home,sms,Explorer
CUST-004562,2025-02-04,38.0,6,20.07,6,6,0.357,0.797,31.4,tablet,Silver,Seoul,electronics,sms,Loyal
CUST-004563,2025-02-25,40.0,12,25.07,5,2,0.166,0.398,23.4,desktop,Silver,Daejeon,sports,email|push|sms,Bargain
CUST-004564,2022-12-31,55.0,11,14.36,7,6,0.187,0.636,3.8,mobile,Basic,Busan,sports,push|sms,Bargain
CUST-004565,2025-05-28,30.0,10,15.92,6,2,0.243,0.583,20.4,desktop,Basic,Gyeonggi,beauty,email|push,Bargain
CUST-004566,2022-05-17,33.0,9,3.65,7,3,0.067,0.269,9.7,tablet,Basic,Gyeonggi,beauty,email,Loyal
CUST-004567,2024-04-09,36.0,11,27.54,7,4,0.126,0.604,4.1,desktop,Basic,Busan,beauty,email|push|sms,Bargain
CUST-004568,2024-10-25,52.0,11,24.85,3,2,0.223,0.407,4.2,mobile,Silver,Daegu,beauty,push,Bargain
CUST-004569,2024-10-23,40.0,5,4.5,9,3,0.165,0.252,11.6,mobile,Gold,Daejeon,home,push|sms,Bargain
CUST-004570,2025-05-14,29.0,10,31.86,3,3,0.238,0.424,17.7,desktop,Silver,Daejeon,sports,push,Explorer
CUST-004571,2025-12-20,22.0,4,12.28,6,3,0.044,0.545,15.4,desktop,Silver,Gyeonggi,beauty,email|sms,Explorer
CUST-004572,2022-03-01,45.0,10,24.02,7,2,0.39,0.511,9.2,desktop,Silver,Seoul,fashion,email|push,Bargain
CUST-004573,2023-09-20,21.0,7,10.21,4,5,0.221,0.454,9.2,mobile,Basic,Daegu,sports,email,Bargain
CUST-004574,2023-08-03,40.0,4,18.3,7,2,0.062,0.378,6.2,mobile,Silver,Daegu,sports,sms,Bargain
CUST-004575,2026-06-04,48.0,10,5.79,12,1,0.045,0.264,2.5,mobile,Silver,Gyeonggi,beauty,email,Explorer
CUST-004576,2024-05-31,18.0,8,17.67,7,3,0.131,0.499,39.9,desktop,Basic,Daegu,electronics,email|push,Explorer
CUST-004577,2024-07-21,38.0,11,20.14,5,3,0.243,0.35,33.5,mobile,Silver,Gyeonggi,home,email|push|sms,Explorer
CUST-004578,2022-04-15,35.0,10,15.02,5,5,0.418,0.489,6.3,mobile,Basic,Busan,fashion,push,Bargain
CUST-004579,2023-06-07,32.0,7,19.49,5,1,0.167,0.515,11.3,mobile,Basic,Seoul,beauty,email,Bargain
CUST-004580,2023-04-12,60.0,12,20.35,8,3,0.166,0.38,8.7,desktop,Silver,Seoul,home,sms,Bargain
CUST-004581,2026-04-13,44.0,8,13.27,12,4,0.106,0.514,6.6,mobile,Gold,Busan,home,sms,Bargain
CUST-004582,2024-09-08,57.0,12,15.92,9,6,0.091,0.191,29.5,mobile,Basic,Gyeonggi,fashion,email,Loyal
CUST-004583,2023-03-06,30.0,11,18.3,4,2,0.215,0.295,0.7,mobile,Silver,Busan,electronics,email,Bargain
CUST-004584,2022-05-03,37.0,5,24.73,3,1,0.05,0.427,20.9,mobile,Silver,Gyeonggi,home,email|push,Explorer
CUST-004585,2022-04-12,47.0,7,44.58,3,3,0.053,0.837,16.8,desktop,Silver,Gyeonggi,electronics,push|sms,Bargain
CUST-004586,2022-01-24,37.0,5,24.46,4,2,0.195,0.687,23.3,desktop,Silver,Gyeonggi,home,push,Bargain
CUST-004587,2024-01-15,37.0,11,9.93,3,2,0.098,0.63,4.2,mobile,Silver,Gyeonggi,beauty,push,Explorer
CUST-004588,2024-02-28,31.0,10,6.19,9,6,0.184,0.41,12.7,mobile,Gold,Daejeon,home,push|sms,Loyal
CUST-004589,2023-01-24,45.0,9,12.69,3,6,0.258,0.315,14.2,mobile,Basic,Seoul,fashion,email,Loyal
CUST-004590,2026-07-29,21.0,11,26.55,7,5,0.166,0.481,12.4,mobile,Gold,Gyeonggi,sports,email|push,Explorer
CUST-004591,2023-08-28,46.0,16,2.86,7,4,0.017,0.731,17.7,mobile,Basic,Daejeon,fashion,email,Bargain
CUST-004592,2022-01-26,47.0,6,23.13,8,1,0.049,0.348,10.4,desktop,Gold,Daejeon,sports,sms,Explorer
CUST-004593,2025-10-09,26.0,14,13.6,6,2,0.15,0.237,2.8,mobile,Gold,Daegu,fashion,email|push,Bargain
CUST-004594,2023-02-14,37.0,11,17.81,7,4,0.271,0.811,19.2,desktop,Gold,Gyeonggi,beauty,email|push,Bargain
CUST-004595,2026-01-23,40.0,14,6.45,3,1,0.419,0.374,12.9,tablet,Basic,Daegu,sports,push,Bargain
CUST-004596,2022-12-14,66.0,9,18.59,8,3,0.122,0.293,19.7,tablet,Silver,Gyeonggi,beauty,sms,Explorer
CUST-004597,2022-08-04,61.0,13,9.49,10,4,0.307,0.29,6.4,desktop,Basic,Daejeon,electronics,email,Explorer
CUST-004598,2023-08-11,41.0,10,39.69,4,4,0.187,0.25,28.9,desktop,Basic,Daegu,fashion,email,Explorer
CUST-004599,2024-05-22,52.0,12,9.89,8,8,0.209,0.195,10.3,mobile,Basic,Gyeonggi,fashion,push|sms,Bargain
CUST-004600,2024-11-13,49.0,8,12.09,7,3,0.352,0.136,7.7,desktop,Silver,Gyeonggi,home,push,Explorer
CUST-004601,2022-02-17,33.0,12,17.7,2,2,0.16,0.271,28.0,tablet,Silver,Seoul,electronics,sms,Explorer
CUST-004602,2024-04-22,19.0,6,15.81,5,7,0.033,0.112,12.8,desktop,Silver,Gyeonggi,fashion,email|sms,Loyal
CUST-004603,2022-02-09,27.0,10,30.03,8,2,0.142,0.569,7.5,desktop,Gold,Gyeonggi,beauty,sms,Explorer
CUST-004604,2024-09-02,46.0,9,4.11,4,4,0.2,0.158,8.8,desktop,Basic,Seoul,fashion,push,Bargain
CUST-004605,2023-01-29,28.0,11,6.81,6,6,0.057,0.792,15.9,mobile,Basic,Busan,electronics,sms,Bargain
CUST-004606,2022-03-05,49.0,12,11.13,5,3,0.049,0.843,6.9,desktop,Basic,Daejeon,home,sms,Bargain
CUST-004607,2024-05-23,25.0,9,33.49,7,4,0.224,0.166,31.4,mobile,Silver,Busan,home,push,Bargain
CUST-004608,2024-06-15,35.0,15,14.03,5,6,0.095,0.539,10.7,mobile,Silver,Seoul,sports,email|push|sms,Loyal
CUST-004609,2024-10-22,40.0,5,45.64,4,6,0.44,0.526,14.6,tablet,Basic,Seoul,electronics,email|sms,Explorer
CUST-004610,2024-12-06,26.0,10,12.4,5,4,0.077,0.25,7.9,mobile,Silver,Seoul,electronics,email,Explorer
CUST-004611,2023-03-24,38.0,7,13.35,7,1,0.181,0.304,9.9,tablet,Gold,Seoul,electronics,email,Bargain
CUST-004612,2023-09-03,42.0,7,15.06,6,3,0.073,0.565,17.1,desktop,Basic,Seoul,sports,email|push,Bargain
CUST-004613,2024-06-20,50.0,9,22.95,6,4,0.104,0.715,9.9,mobile,Basic,Daejeon,fashion,sms,Bargain
CUST-004614,2022-07-07,37.0,11,38.83,7,1,0.057,0.694,9.9,desktop,Gold,Daegu,home,email,Bargain
CUST-004615,2022-11-22,31.0,13,14.29,7,4,0.424,0.708,4.7,mobile,Silver,Daejeon,beauty,push|sms,Bargain
CUST-004616,2025-11-20,36.0,7,36.2,4,8,0.349,0.449,4.7,desktop,Basic,Gyeonggi,beauty,email|push,Loyal
CUST-004617,2025-11-22,45.0,9,6.49,6,6,0.065,0.388,17.3,desktop,Silver,Gyeonggi,fashion,push,Loyal
CUST-004618,2024-10-06,47.0,4,21.11,7,2,0.049,0.656,10.4,tablet,Silver,Seoul,fashion,sms,Bargain
CUST-004619,2023-06-09,44.0,9,25.21,7,10,0.278,0.533,22.3,desktop,Basic,Seoul,home,push,Loyal
CUST-004620,2023-04-18,40.0,6,31.01,6,6,0.219,0.335,17.5,tablet,Silver,Daejeon,fashion,push,Explorer
CUST-004621,2024-08-14,22.0,11,17.44,3,3,0.257,0.321,6.8,mobile,Silver,Gyeonggi,fashion,sms,Explorer
CUST-004622,2022-06-18,39.0,11,24.3,9,4,0.2,0.598,6.9,mobile,Basic,Gyeonggi,electronics,push|sms,Bargain
CUST-004623,2024-10-29,50.0,7,34.87,4,2,0.155,0.645,11.7,desktop,Silver,Daegu,beauty,push|sms,Bargain
CUST-004624,2023-05-15,28.0,4,21.86,7,5,0.225,0.232,11.5,mobile,Gold,Daegu,home,sms,Bargain
CUST-004625,2022-12-22,41.0,9,10.7,6,4,0.094,0.419,7.8,mobile,Silver,Seoul,beauty,email,Explorer
CUST-004626,2024-05-24,34.0,9,13.21,7,1,0.409,0.342,13.0,mobile,Gold,Busan,beauty,push,Bargain
CUST-004627,2025-08-31,39.0,8,3.48,6,8,0.111,0.387,1.7,mobile,Silver,Daegu,sports,push|sms,Loyal
CUST-004628,2026-07-24,44.0,13,9.21,8,3,0.299,0.308,2.7,desktop,Basic,Gyeonggi,beauty,push,Loyal
CUST-004629,2023-02-08,42.0,8,16.24,6,2,0.283,0.131,3.7,desktop,Basic,Seoul,sports,push|sms,Loyal
CUST-004630,2022-10-08,41.0,7,30.66,5,5,0.203,0.382,23.2,mobile,Gold,Seoul,home,push|sms,Explorer
CUST-004631,2024-08-13,47.0,9,32.38,9,6,0.212,0.505,6.3,mobile,Gold,Gyeonggi,home,push,Explorer
CUST-004632,2024-05-31,34.0,5,24.51,5,1,0.298,0.556,5.0,mobile,Silver,Daegu,electronics,push,Explorer
CUST-004633,2023-12-10,32.0,8,42.21,9,4,0.151,0.295,20.6,mobile,Basic,Gyeonggi,fashion,push,Explorer
CUST-004634,2025-01-25,38.0,11,30.16,7,6,0.051,0.351,7.4,desktop,Silver,Daejeon,sports,email,Explorer
CUST-004635,2025-09-07,46.0,11,21.47,5,5,0.135,0.279,5.5,tablet,Gold,Busan,fashion,email|push,Loyal
CUST-004636,2024-03-26,48.0,8,12.96,11,3,0.115,0.771,14.7,tablet,Silver,Busan,home,sms,Loyal
CUST-004637,2025-05-11,41.0,7,8.07,7,4,0.027,0.233,2.6,desktop,Silver,Seoul,beauty,push,Explorer
CUST-004638,2022-11-04,45.0,7,9.36,7,2,0.018,0.183,15.4,mobile,Basic,Gyeonggi,home,email,Bargain
CUST-004639,2024-02-25,30.0,7,11.29,5,4,0.015,0.023,14.6,mobile,Silver,Seoul,fashion,email|push,Explorer
CUST-004640,2023-04-02,41.0,10,27.49,6,5,0.205,0.656,10.1,desktop,Gold,Gyeonggi,sports,email|push,Loyal
CUST-004641,2025-08-31,32.0,5,14.17,4,5,0.095,0.62,3.4,mobile,Basic,Seoul,home,push,Loyal
CUST-004642,2024-05-12,53.0,10,42.59,11,1,0.05,0.459,18.1,mobile,Basic,Gyeonggi,beauty,email|sms,Explorer
CUST-004643,2023-04-23,30.0,9,10.21,4,6,0.039,0.442,2.7,mobile,Basic,Gyeonggi,beauty,push,Explorer
CUST-004644,2024-12-20,23.0,4,10.36,6,1,0.209,0.307,8.0,mobile,Basic,Seoul,fashion,push,Bargain
CUST-004645,2023-02-16,48.0,9,14.21,9,7,0.238,0.439,7.8,mobile,Gold,Busan,electronics,push,Loyal
CUST-004646,2023-03-06,68.0,11,20.46,5,1,0.039,0.24,5.6,desktop,Basic,Daejeon,fashion,push,Explorer
CUST-004647,2024-04-20,26.0,12,23.53,8,2,0.308,0.43,9.7,mobile,Gold,Gyeonggi,beauty,email|push|sms,Explorer
CUST-004648,2026-02-06,27.0,7,24.05,8,5,0.036,0.37,41.9,mobile,Basic,Gyeonggi,electronics,push,Bargain
CUST-004649,2024-01-16,26.0,5,14.73,11,3,0.038,0.551,7.2,mobile,Basic,Seoul,home,push,Bargain
CUST-004650,2026-06-03,23.0,4,23.94,8,5,0.198,0.538,15.6,desktop,Basic,Gyeonggi,sports,push,Bargain
CUST-004651,2026-03-04,39.0,7,23.39,5,3,0.143,0.343,2.3,mobile,Basic,Gyeonggi,sports,sms,Bargain
CUST-004652,2024-03-24,42.0,4,23.39,3,3,0.139,0.555,5.1,mobile,Silver,Busan,home,email|push,Explorer
CUST-004653,2023-05-18,37.0,12,10.69,5,3,0.08,0.215,2.5,desktop,Basic,Seoul,beauty,email,Bargain
CUST-004654,2025-06-12,42.0,8,20.2,7,6,0.134,0.836,21.6,mobile,Basic,Seoul,beauty,email,Bargain
CUST-004655,2025-12-27,52.0,7,35.43,6,6,0.344,0.213,6.9,desktop,Basic,Seoul,beauty,sms,Explorer
CUST-004656,2024-02-08,37.0,7,19.11,8,1,0.245,0.493,7.0,mobile,Basic,Daegu,beauty,email|push,Explorer
CUST-004657,2022-06-20,19.0,8,7.25,6,1,0.191,0.594,21.3,mobile,Silver,Daegu,fashion,push|sms,Bargain
CUST-004658,2024-11-25,61.0,9,15.65,6,3,0.206,0.091,13.7,mobile,Basic,Gyeonggi,sports,email,Bargain
CUST-004659,2025-05-09,44.0,9,6.41,6,3,0.003,0.404,5.1,desktop,Gold,Seoul,electronics,email|push,Loyal
CUST-004660,2025-01-20,48.0,6,22.63,7,4,0.406,0.272,16.1,mobile,Basic,Seoul,sports,email|push,Bargain
CUST-004661,2025-08-26,29.0,12,9.11,4,5,0.128,0.215,1.4,mobile,Basic,Busan,home,email|push,Loyal
CUST-004662,2024-11-30,18.0,10,14.2,3,4,0.411,0.175,28.9,mobile,Silver,Gyeonggi,fashion,push,Explorer
CUST-004663,2026-06-28,54.0,13,37.07,7,5,0.204,0.578,5.9,mobile,Silver,Gyeonggi,fashion,sms,Explorer
CUST-004664,2023-08-13,18.0,9,12.75,3,7,0.144,0.518,9.5,desktop,Silver,Busan,electronics,email|sms,Explorer
CUST-004665,2022-08-21,35.0,7,25.92,13,2,0.056,0.526,16.1,mobile,Basic,Daejeon,electronics,push,Explorer
CUST-004666,2026-01-31,67.0,13,5.24,12,2,0.144,0.703,16.0,mobile,Silver,Gyeonggi,beauty,push|sms,Bargain
CUST-004667,2024-07-16,32.0,5,28.42,3,5,0.225,0.628,14.1,mobile,Silver,Busan,beauty,email|sms,Loyal
CUST-004668,2022-06-21,40.0,11,31.83,4,6,0.134,0.265,4.6,mobile,Basic,Busan,fashion,sms,Bargain
CUST-004669,2023-09-21,46.0,6,36.29,4,4,0.397,0.582,5.2,mobile,Basic,Daejeon,beauty,push,Bargain
CUST-004670,2025-09-06,30.0,11,17.2,8,2,0.063,0.321,6.5,mobile,Silver,Busan,home,email,Explorer
CUST-004671,2025-01-21,41.0,5,14.42,2,7,0.021,0.246,3.8,mobile,Gold,Daejeon,beauty,email,Bargain
CUST-004672,2026-04-14,36.0,9,3.73,2,5,0.333,0.743,2.4,mobile,Silver,Busan,beauty,sms,Bargain
CUST-004673,2025-08-02,20.0,11,16.55,8,0,0.141,0.261,13.3,mobile,Basic,Gyeonggi,fashion,email|push,Explorer
CUST-004674,2023-03-09,23.0,9,16.18,9,2,0.492,0.369,18.8,mobile,Silver,Daegu,electronics,email|push|sms,Bargain
CUST-004675,2022-01-08,20.0,13,10.72,5,3,0.156,0.28,23.3,tablet,Gold,Daegu,electronics,email,Explorer
CUST-004676,2025-09-21,58.0,8,16.38,7,3,0.402,0.248,18.2,mobile,Gold,Seoul,fashion,push,Bargain
CUST-004677,2024-07-11,42.0,11,19.33,6,6,0.186,0.729,8.0,mobile,Basic,Seoul,sports,push,Explorer
CUST-004678,2022-05-01,31.0,10,40.47,7,4,0.297,0.639,18.4,mobile,Basic,Gyeonggi,fashion,push,Explorer
CUST-004679,2023-02-18,34.0,13,12.99,7,5,0.211,0.345,14.7,desktop,Basic,Seoul,home,email|sms,Loyal
CUST-004680,2022-07-22,25.0,4,25.98,6,3,0.24,0.468,5.6,desktop,Gold,Gyeonggi,fashion,push,Bargain
CUST-004681,2022-07-28,54.0,5,23.6,4,1,0.096,0.725,15.6,mobile,Basic,Busan,sports,sms,Explorer
CUST-004682,2022-08-18,54.0,8,9.29,5,0,0.071,0.396,13.2,desktop,Silver,Seoul,sports,email,Explorer
CUST-004683,2025-01-22,45.0,9,22.29,5,4,0.274,0.53,23.6,desktop,Basic,Gyeonggi,electronics,email,Explorer
CUST-004684,2023-11-03,47.0,8,29.22,8,3,0.188,0.657,0.2,mobile,Basic,Seoul,beauty,email,Explorer
CUST-004685,2022-09-09,42.0,6,4.55,7,5,0.228,0.801,8.9,mobile,Gold,Gyeonggi,fashion,email,Bargain
CUST-004686,2022-11-14,50.0,8,23.53,4,3,0.055,0.247,13.8,mobile,Basic,Gyeonggi,sports,email|push,Explorer
CUST-004687,2024-04-28,51.0,10,27.05,6,8,0.221,0.477,11.4,desktop,Basic,Busan,beauty,email|push,Loyal
CUST-004688,2022-03-25,39.0,6,33.36,2,1,0.339,0.563,10.3,desktop,Basic,Gyeonggi,beauty,email|push|sms,Explorer
CUST-004689,2022-10-27,38.0,12,16.28,4,4,0.147,0.668,34.7,mobile,Silver,Gyeonggi,home,sms,Bargain
CUST-004690,2026-03-14,38.0,8,22.63,2,2,0.031,0.689,15.3,mobile,Silver,Busan,beauty,email,Bargain
CUST-004691,2022-04-12,44.0,12,13.53,6,5,0.098,0.421,6.9,mobile,Basic,Seoul,home,email,Bargain
CUST-004692,2024-07-18,57.0,12,35.04,5,4,0.127,0.742,40.9,mobile,Silver,Daegu,electronics,email|sms,Bargain
CUST-004693,2023-11-18,37.0,12,22.65,8,6,0.259,0.57,49.7,mobile,Basic,Seoul,beauty,push|sms,Loyal
CUST-004694,2024-03-27,58.0,11,9.88,9,2,0.322,0.458,12.2,mobile,Basic,Gyeonggi,fashion,email|push|sms,Bargain
CUST-004695,2024-05-23,42.0,12,31.86,7,5,0.133,0.308,5.5,tablet,Basic,Daegu,electronics,push,Explorer
CUST-004696,2023-09-01,19.0,11,9.91,11,4,0.149,0.591,2.8,mobile,Basic,Busan,fashion,email|push|sms,Bargain
CUST-004697,2026-02-12,36.0,5,7.49,9,1,0.091,0.415,13.8,mobile,Silver,Seoul,fashion,email,Bargain
CUST-004698,2023-11-30,53.0,8,10.19,5,5,0.063,0.474,13.1,tablet,Gold,Busan,electronics,email|sms,Loyal
CUST-004699,2024-11-19,47.0,5,25.97,5,6,0.145,0.755,20.5,desktop,Basic,Gyeonggi,electronics,email,Explorer
CUST-004700,2023-10-19,31.0,4,33.4,9,3,0.039,0.305,12.4,desktop,Basic,Gyeonggi,sports,email,Explorer
CUST-004701,2022-03-01,46.0,14,18.94,4,7,0.103,0.45,34.2,mobile,Basic,Busan,fashion,email|push,Loyal
CUST-004702,2025-08-01,41.0,9,31.0,9,4,0.155,0.395,12.5,mobile,Basic,Seoul,fashion,push,Explorer
CUST-004703,2024-05-11,26.0,7,24.66,9,4,0.337,0.761,3.7,desktop,Silver,Busan,fashion,email|push,Explorer
CUST-004704,2022-09-12,34.0,10,23.6,9,3,0.116,0.624,16.0,desktop,Gold,Gyeonggi,sports,email,Bargain
CUST-004705,2024-04-21,29.0,10,6.18,5,2,0.179,0.55,2.1,mobile,Basic,Seoul,home,sms,Bargain
CUST-004706,2023-08-12,40.0,7,8.0,3,5,0.124,0.728,16.4,mobile,Silver,Daegu,beauty,email,Bargain
CUST-004707,2024-10-22,58.0,10,23.66,9,2,0.105,0.283,40.8,desktop,Gold,Gyeonggi,fashion,email,Explorer
CUST-004708,2024-02-27,34.0,5,10.68,9,4,0.175,0.263,15.4,mobile,Gold,Daejeon,electronics,email|push|sms,Bargain
CUST-004709,2023-04-16,18.0,9,31.12,6,6,0.122,0.587,10.6,mobile,Silver,Daejeon,electronics,email|push,Explorer
CUST-004710,2022-11-23,28.0,6,30.37,6,9,0.333,0.592,16.2,desktop,Basic,Busan,fashion,sms,Explorer
CUST-004711,2025-09-26,36.0,10,8.28,4,3,0.046,0.391,24.4,desktop,Basic,Daegu,beauty,sms,Explorer
CUST-004712,2022-11-25,33.0,12,22.04,6,2,0.161,0.376,19.4,mobile,Basic,Seoul,electronics,email,Explorer
CUST-004713,2025-06-08,44.0,9,22.91,2,6,0.148,0.316,17.9,desktop,Basic,Seoul,beauty,sms,Explorer
CUST-004714,2023-06-13,44.0,10,6.06,7,6,0.076,0.3,4.7,mobile,Basic,Seoul,fashion,email|push|sms,Loyal
CUST-004715,2023-04-26,38.0,13,37.69,4,2,0.092,0.661,14.0,tablet,Basic,Busan,home,sms,Explorer
CUST-004716,2023-02-18,21.0,9,20.34,7,3,0.067,0.172,14.2,mobile,Silver,Seoul,fashion,email,Bargain
CUST-004717,2023-09-03,44.0,5,14.09,5,2,0.214,0.796,29.6,mobile,Basic,Daejeon,electronics,sms,Bargain
CUST-004718,2025-05-28,45.0,14,21.32,11,1,0.108,0.858,5.8,mobile,Silver,Seoul,fashion,email|push,Explorer
CUST-004719,2024-12-27,27.0,3,29.47,8,5,0.171,0.279,4.6,desktop,Basic,Daejeon,electronics,email|push,Explorer
CUST-004720,2026-03-07,55.0,9,15.22,8,3,0.173,0.253,25.6,mobile,Basic,Busan,home,push|sms,Bargain
CUST-004721,2023-03-05,24.0,11,12.19,6,4,0.053,0.329,7.8,mobile,Basic,Gyeonggi,fashion,push|sms,Bargain
CUST-004722,2025-05-29,43.0,9,30.72,5,2,0.274,0.578,3.9,desktop,Silver,Seoul,fashion,email|push,Bargain
CUST-004723,2025-10-28,42.0,7,14.78,5,2,0.036,0.027,30.6,desktop,Silver,Busan,fashion,email,Bargain
CUST-004724,2026-01-10,53.0,8,9.25,6,6,0.104,0.45,14.1,mobile,Basic,Gyeonggi,home,sms,Bargain
CUST-004725,2023-01-07,31.0,8,25.53,8,2,0.208,0.387,3.8,mobile,Silver,Busan,sports,email|push,Bargain
CUST-004726,2025-05-27,33.0,19,12.92,4,3,0.09,0.346,25.5,mobile,Basic,Busan,beauty,email|push,Bargain
CUST-004727,2025-12-02,65.0,12,9.39,4,1,0.057,0.527,12.7,desktop,Basic,Gyeonggi,fashion,push|sms,Bargain
CUST-004728,2023-01-13,34.0,4,18.94,8,6,0.089,0.11,17.8,mobile,Basic,Seoul,fashion,email,Loyal
CUST-004729,2025-06-03,42.0,8,17.82,4,5,0.084,0.718,9.2,mobile,Basic,Busan,sports,email,Bargain
CUST-004730,2024-07-06,43.0,5,28.69,6,3,0.335,0.84,12.9,desktop,Silver,Daejeon,fashion,email,Bargain
CUST-004731,2022-11-23,27.0,8,25.13,5,5,0.014,0.392,10.9,desktop,Basic,Seoul,electronics,email|push,Explorer
CUST-004732,2024-12-02,30.0,10,9.57,1,6,0.206,0.617,11.7,tablet,Silver,Gyeonggi,fashion,sms,Bargain
CUST-004733,2023-03-09,46.0,8,44.08,3,4,0.207,0.486,14.4,desktop,Basic,Gyeonggi,sports,sms,Bargain
CUST-004734,2025-06-01,41.0,8,39.42,5,3,0.14,0.63,8.2,mobile,Silver,Seoul,beauty,email,Explorer
CUST-004735,2025-11-12,33.0,9,6.94,6,4,0.126,0.72,10.7,mobile,Silver,Daejeon,fashion,push,Bargain
CUST-004736,2023-08-19,52.0,13,6.76,11,4,0.249,0.178,19.7,tablet,Basic,Daejeon,beauty,push,Explorer
CUST-004737,2023-09-07,34.0,8,9.55,3,3,0.12,0.536,14.0,desktop,Basic,Gyeonggi,fashion,push,Bargain
CUST-004738,2025-01-13,42.0,8,22.61,4,2,0.123,0.249,10.7,tablet,Basic,Gyeonggi,home,push,Explorer
CUST-004739,2025-05-24,39.0,11,70.95,4,4,0.151,0.24,2.6,mobile,Basic,Gyeonggi,beauty,push,Explorer
CUST-004740,2022-10-19,37.0,5,12.48,4,5,0.339,0.375,51.5,desktop,Gold,Busan,home,sms,At_Risk
CUST-004741,2025-04-30,39.0,8,17.97,11,2,0.076,0.357,1.6,mobile,Basic,Gyeonggi,fashion,email|sms,Explorer
CUST-004742,2023-04-07,18.0,12,40.74,7,2,0.102,0.268,10.1,desktop,Basic,Daegu,electronics,sms,Bargain
CUST-004743,2025-03-07,42.0,10,17.62,4,3,0.279,0.395,7.4,mobile,Gold,Seoul,electronics,push,Bargain
CUST-004744,2025-04-20,34.0,8,19.4,4,0,0.125,0.248,12.6,mobile,Gold,Seoul,sports,email,Bargain
CUST-004745,2023-12-05,23.0,12,29.86,4,3,0.128,0.651,30.1,desktop,Basic,Gyeonggi,fashion,sms,Explorer
CUST-004746,2025-09-25,42.0,6,23.36,8,0,0.181,0.765,17.4,mobile,Basic,Daegu,fashion,sms,Bargain
CUST-004747,2025-06-07,22.0,9,7.74,5,5,0.201,0.368,9.5,mobile,Basic,Seoul,electronics,email|push,Loyal
CUST-004748,2025-11-20,28.0,10,17.99,6,3,0.073,0.433,1.3,mobile,Gold,Seoul,beauty,sms,Bargain
CUST-004749,2026-01-26,39.0,10,3.69,6,8,0.236,0.129,28.8,mobile,Basic,Seoul,beauty,push,Loyal
CUST-004750,2022-01-17,46.0,6,12.12,8,3,0.105,0.756,37.1,tablet,Basic,Gyeonggi,beauty,email|push,Bargain
CUST-004751,2024-09-05,18.0,5,11.06,8,5,0.115,0.905,18.7,desktop,Basic,Gyeonggi,electronics,email|sms,Bargain
CUST-004752,2026-07-25,33.0,15,12.63,6,4,0.422,0.517,10.5,desktop,Basic,Busan,home,push,Explorer
CUST-004753,2025-08-28,41.0,12,16.6,7,4,0.259,0.163,14.3,mobile,Basic,Daejeon,fashion,email,Explorer
CUST-004754,2022-04-11,39.0,7,25.75,11,3,0.116,0.461,9.0,mobile,Basic,Gyeonggi,fashion,email|sms,Explorer
CUST-004755,2025-06-23,47.0,8,14.25,8,4,0.078,0.842,2.1,mobile,Basic,Busan,home,push,Bargain
CUST-004756,2023-11-08,40.0,10,13.44,5,5,0.088,0.578,14.8,mobile,Gold,Daejeon,home,push,Loyal
CUST-004757,2025-01-13,31.0,11,8.95,2,3,0.316,0.266,8.8,mobile,Basic,Gyeonggi,fashion,email,Bargain
CUST-004758,2026-03-22,45.0,7,3.53,3,6,0.133,0.589,23.1,mobile,Basic,Daegu,fashion,push,Explorer
CUST-004759,2022-07-27,53.0,8,34.16,7,2,0.07,0.113,7.3,mobile,Gold,Gyeonggi,sports,email|sms,Loyal
CUST-004760,2024-04-26,48.0,12,6.18,4,6,0.157,0.26,9.5,mobile,Basic,Seoul,electronics,push|sms,Bargain
CUST-004761,2024-09-24,51.0,10,22.77,6,6,0.163,0.564,15.1,mobile,Basic,Busan,electronics,email,Bargain
CUST-004762,2024-09-08,43.0,9,3.96,4,4,0.156,0.321,15.6,desktop,Gold,Busan,fashion,push,Bargain
CUST-004763,2022-03-01,49.0,7,20.76,4,5,0.164,0.011,19.8,mobile,Basic,Daejeon,electronics,push,Explorer
CUST-004764,2024-10-19,55.0,13,36.52,3,7,0.167,0.409,13.9,desktop,Basic,Gyeonggi,home,push,Bargain
CUST-004765,2022-09-14,38.0,15,13.53,2,6,0.307,0.055,12.0,desktop,Basic,Gyeonggi,electronics,email,Explorer
CUST-004766,2022-12-26,18.0,7,22.87,5,4,0.309,0.366,3.3,mobile,Basic,Gyeonggi,fashion,push|sms,Explorer
CUST-004767,2023-12-08,33.0,6,22.77,5,4,0.299,0.639,4.2,desktop,Basic,Gyeonggi,fashion,email|push|sms,Explorer
CUST-004768,2024-08-06,45.0,8,28.67,7,3,0.047,0.346,14.5,tablet,Silver,Seoul,fashion,email,Loyal
CUST-004769,2023-04-22,54.0,5,7.39,8,8,0.027,0.489,16.5,mobile,Silver,Seoul,fashion,push,Loyal
CUST-004770,2022-08-12,41.0,16,20.41,4,4,0.064,0.77,15.0,mobile,Silver,Seoul,sports,email,Explorer
CUST-004771,2022-05-29,31.0,13,18.62,7,5,0.147,0.558,6.9,tablet,Gold,Seoul,home,email,Explorer
CUST-004772,2023-10-23,25.0,4,17.16,9,5,0.236,0.095,7.4,desktop,Gold,Gyeonggi,electronics,push,Bargain
CUST-004773,2024-09-26,48.0,4,14.7,2,7,0.043,0.395,12.6,desktop,Basic,Busan,home,push,Loyal
CUST-004774,2024-04-16,38.0,8,28.98,5,6,0.281,0.692,3.6,mobile,Basic,Daegu,beauty,email|push|sms,Bargain
CUST-004775,2024-02-14,58.0,12,21.59,6,2,0.135,0.595,10.6,mobile,Basic,Seoul,sports,push,Explorer
CUST-004776,2023-07-05,35.0,7,14.31,4,6,0.132,0.752,26.1,desktop,Basic,Busan,beauty,email|sms,Loyal
CUST-004777,2024-10-27,51.0,6,12.26,7,2,0.071,0.55,4.9,desktop,Gold,Daejeon,home,push,Bargain
CUST-004778,2023-03-29,46.0,6,11.8,4,2,0.158,0.303,10.7,tablet,Basic,Gyeonggi,fashion,email,Bargain
CUST-004779,2025-03-06,54.0,5,23.8,4,2,0.171,0.7,14.8,mobile,Gold,Busan,electronics,email|sms,Explorer
CUST-004780,2022-07-03,29.0,12,50.16,7,4,0.043,0.883,6.2,desktop,Silver,Gyeonggi,beauty,sms,Explorer
CUST-004781,2024-07-04,39.0,6,22.4,5,3,0.078,0.365,11.9,mobile,Basic,Seoul,home,email|sms,Explorer
CUST-004782,2023-02-01,48.0,6,9.87,10,2,0.03,0.253,12.2,desktop,Basic,Gyeonggi,fashion,push,Bargain
CUST-004783,2023-03-14,39.0,18,18.81,4,5,0.218,0.269,23.4,mobile,Silver,Busan,fashion,sms,Explorer
CUST-004784,2026-02-19,34.0,11,9.59,4,4,0.27,0.755,4.8,mobile,Basic,Seoul,fashion,email|push,Bargain
CUST-004785,2022-05-06,47.0,8,22.22,7,0,0.337,0.255,13.7,mobile,Basic,Seoul,electronics,email|push,Explorer
CUST-004786,2022-12-09,34.0,12,30.23,5,8,0.293,0.106,5.0,desktop,Gold,Daejeon,fashion,email,Loyal
CUST-004787,2024-12-21,40.0,6,3.01,9,4,0.191,0.756,39.5,mobile,Basic,Busan,electronics,email,Bargain
CUST-004788,2025-04-12,57.0,7,32.72,8,7,0.291,0.301,9.6,mobile,Basic,Daejeon,fashion,email|sms,Explorer
CUST-004789,2022-06-02,32.0,9,21.9,4,4,0.179,0.638,6.6,mobile,Gold,Busan,beauty,push,Loyal
CUST-004790,2026-07-28,30.0,8,4.21,8,4,0.177,0.737,11.7,mobile,Basic,Seoul,beauty,email|sms,Bargain
CUST-004791,2023-01-04,39.0,7,37.82,2,4,0.332,0.877,6.6,mobile,Basic,Gyeonggi,home,push,Bargain
CUST-004792,2026-01-26,27.0,8,4.05,6,6,0.065,0.574,18.9,desktop,Silver,Daejeon,electronics,email,Loyal
CUST-004793,2026-02-27,26.0,10,14.36,6,1,0.187,0.622,16.6,mobile,Basic,Daejeon,sports,sms,Bargain
CUST-004794,2026-05-23,54.0,9,22.73,5,2,0.174,0.833,8.9,mobile,Silver,Daejeon,electronics,sms,Bargain
CUST-004795,2022-01-27,35.0,10,27.05,3,6,0.599,0.386,17.7,desktop,Basic,Seoul,fashion,email|push|sms,Bargain
CUST-004796,2025-04-20,27.0,20,32.58,4,4,0.056,0.686,8.0,mobile,Gold,Busan,home,push,Loyal
CUST-004797,2024-12-22,53.0,8,13.4,5,1,0.17,0.429,9.1,mobile,Silver,Seoul,beauty,email,Bargain
CUST-004798,2023-07-03,25.0,10,5.48,6,3,0.206,0.375,36.0,mobile,Basic,Daejeon,sports,email|push,Bargain
CUST-004799,2026-06-08,39.0,13,14.09,10,4,0.234,0.178,10.1,desktop,Silver,Daejeon,fashion,email|push|sms,Loyal
CUST-004800,2023-07-02,47.0,8,34.68,4,2,0.088,0.403,3.6,desktop,Basic,Gyeonggi,beauty,email|push|sms,Explorer
CUST-004801,2026-02-19,42.0,10,25.3,1,3,0.243,0.138,21.9,mobile,Gold,Seoul,beauty,push,Bargain
CUST-004802,2023-03-02,63.0,14,13.18,10,5,0.309,0.307,6.8,mobile,,Gyeonggi,electronics,sms,Explorer
CUST-004803,2025-11-23,31.0,5,12.91,7,6,0.277,0.575,24.8,desktop,Gold,Daegu,home,sms,Bargain
CUST-004804,2022-11-25,57.0,7,22.77,5,4,0.056,0.279,41.2,desktop,Basic,Seoul,electronics,sms,At_Risk
CUST-004805,2024-04-04,35.0,9,17.85,1,3,0.165,0.321,3.7,mobile,Basic,Daegu,fashion,sms,Bargain
CUST-004806,2023-11-08,32.0,10,17.43,11,4,0.257,0.267,11.3,mobile,Basic,Seoul,electronics,sms,Bargain
CUST-004807,2024-04-10,37.0,7,23.63,5,4,0.015,0.17,22.6,mobile,Silver,Seoul,home,email|push,Loyal
CUST-004808,2026-03-30,32.0,7,5.36,5,3,0.143,0.678,7.0,mobile,Silver,Busan,fashion,push|sms,Bargain
CUST-004809,2025-09-10,41.0,6,2.41,9,6,0.117,0.326,20.5,tablet,Basic,Daegu,home,sms,Bargain
CUST-004810,2022-08-14,37.0,13,19.62,5,5,0.122,0.346,22.5,tablet,Basic,Seoul,electronics,email|sms,Bargain
CUST-004811,2025-09-22,55.0,9,6.51,1,3,0.079,0.485,11.9,desktop,Gold,Gyeonggi,beauty,push,Loyal
CUST-004812,2025-09-12,40.0,4,21.5,3,4,0.25,0.164,15.4,mobile,Silver,Daegu,sports,email|push|sms,Explorer
CUST-004813,2025-04-23,36.0,10,29.43,9,3,0.101,0.631,25.9,mobile,Silver,Gyeonggi,home,sms,Explorer
CUST-004814,2023-03-11,18.0,10,26.32,6,5,0.069,0.411,3.9,mobile,Basic,Busan,fashion,email|push,Loyal
CUST-004815,2024-06-30,38.0,7,27.91,2,5,0.065,0.348,5.5,mobile,Basic,Gyeonggi,beauty,push,Explorer
CUST-004816,2022-11-05,31.0,8,34.13,11,3,0.123,0.179,6.0,desktop,Basic,Daegu,beauty,email,Explorer
CUST-004817,2023-06-20,52.0,6,18.01,6,6,0.427,0.198,13.3,mobile,Gold,Daegu,home,sms,Loyal
CUST-004818,2022-03-01,31.0,10,13.86,11,5,0.081,0.626,17.3,tablet,Basic,Seoul,fashion,sms,Bargain
CUST-004819,2024-09-09,39.0,6,38.7,4,4,0.24,0.71,25.3,mobile,Basic,Seoul,beauty,push|sms,Bargain
CUST-004820,2026-03-31,55.0,10,9.55,2,5,0.121,0.424,3.3,mobile,Gold,Seoul,beauty,sms,Loyal
CUST-004821,2025-01-06,48.0,9,11.93,6,6,0.173,0.63,19.7,mobile,Basic,Gyeonggi,fashion,push,Explorer
CUST-004822,2025-04-30,30.0,9,18.17,7,1,0.084,0.286,7.1,desktop,Gold,Daejeon,sports,push,Bargain
CUST-004823,2024-10-12,25.0,10,16.92,7,1,0.169,0.151,10.8,mobile,Silver,Gyeonggi,sports,push,Bargain
CUST-004824,2024-10-06,44.0,4,32.85,10,0,0.18,0.314,41.0,mobile,Basic,Daegu,fashion,email,Bargain
CUST-004825,2026-06-14,70.0,4,6.3,13,4,0.493,0.107,26.4,desktop,Basic,Gyeonggi,beauty,sms,At_Risk
CUST-004826,2024-08-07,28.0,10,183.42,5,0,0.083,0.509,6.4,mobile,Silver,Daegu,beauty,email|push,Bargain
CUST-004827,2026-05-26,43.0,10,3.99,4,5,0.022,0.713,6.3,mobile,Basic,Daejeon,home,email|push,Bargain
CUST-004828,2025-07-31,38.0,16,46.35,7,5,0.015,0.264,41.2,desktop,Basic,Daejeon,electronics,push,Bargain
CUST-004829,2024-08-10,46.0,13,21.17,3,8,0.042,0.594,19.6,mobile,Basic,Daegu,electronics,sms,Loyal
CUST-004830,2023-01-26,56.0,7,26.34,12,1,0.092,0.439,6.2,tablet,Silver,Busan,beauty,push,Bargain
CUST-004831,2022-02-26,35.0,9,21.61,12,3,0.031,0.815,5.0,desktop,Basic,Gyeonggi,fashion,push,Bargain
CUST-004832,2023-04-08,26.0,11,24.18,8,2,0.142,0.505,13.2,mobile,Silver,Gyeonggi,home,sms,Bargain
CUST-004833,2023-01-01,58.0,9,6.6,5,5,0.134,0.285,5.8,tablet,Basic,Seoul,beauty,push,Loyal
CUST-004834,2023-02-08,29.0,10,12.86,7,1,0.192,0.516,15.6,tablet,Basic,Seoul,electronics,email|sms,Bargain
CUST-004835,2024-01-06,28.0,7,25.61,4,2,0.109,0.729,48.5,mobile,Basic,Seoul,sports,push|sms,Bargain
CUST-004836,2024-06-21,35.0,8,20.29,8,4,0.352,0.568,6.8,mobile,Silver,Gyeonggi,home,email,Explorer
CUST-004837,2023-11-20,48.0,9,20.45,6,5,0.279,0.146,36.4,desktop,Silver,Busan,home,email|sms,Explorer
CUST-004838,2022-08-30,39.0,11,7.12,8,5,0.115,0.209,4.8,mobile,Basic,Daegu,fashion,push,Explorer
CUST-004839,2026-07-05,59.0,10,27.96,6,9,0.242,0.751,43.0,mobile,Basic,Busan,home,sms,Explorer
CUST-004840,2025-04-19,43.0,8,20.24,6,0,0.048,0.238,12.6,mobile,Silver,Seoul,fashion,email,Bargain
CUST-004841,2022-11-07,36.0,9,12.8,8,4,0.142,0.081,28.3,mobile,Basic,Busan,beauty,email|push,Explorer
CUST-004842,2023-03-02,18.0,10,22.68,8,9,0.423,0.551,19.8,mobile,Gold,Busan,electronics,push,Loyal
CUST-004843,2023-06-28,21.0,11,17.18,7,4,0.024,0.505,12.9,tablet,Basic,Daegu,sports,email,Explorer
CUST-004844,2025-11-18,52.0,12,9.02,9,6,0.076,0.454,4.2,mobile,Basic,Busan,fashion,email,Bargain
CUST-004845,2022-07-02,65.0,6,10.35,4,3,0.124,0.408,35.0,desktop,Basic,Gyeonggi,fashion,push,Loyal
CUST-004846,2022-07-25,46.0,12,20.5,4,4,0.133,0.206,7.3,desktop,Silver,Daegu,electronics,email,Loyal
CUST-004847,2024-12-29,39.0,10,17.69,12,4,0.148,0.603,7.4,mobile,Basic,Daegu,beauty,email,Bargain
CUST-004848,2025-11-16,53.0,5,15.96,10,4,0.109,0.405,13.0,desktop,Gold,Seoul,home,email|push|sms,Explorer
CUST-004849,2022-03-22,52.0,9,20.66,2,2,0.112,0.685,18.6,tablet,Basic,Seoul,electronics,email,Explorer
CUST-004850,2022-09-25,59.0,12,20.72,8,3,0.021,0.398,13.9,desktop,Gold,Seoul,fashion,push|sms,Loyal
CUST-004851,2022-03-15,41.0,9,18.17,6,2,0.044,0.803,3.1,mobile,Silver,Gyeonggi,beauty,email|push,Bargain
CUST-004852,2022-06-23,31.0,6,20.11,10,2,0.065,0.598,21.4,mobile,Silver,Daegu,fashion,sms,Bargain
CUST-004853,2022-07-01,22.0,4,17.18,1,5,0.338,0.454,5.0,mobile,Silver,Gyeonggi,home,push,Bargain
CUST-004854,2024-07-15,51.0,4,20.76,2,4,0.131,0.532,15.0,desktop,Basic,Gyeonggi,beauty,sms,Explorer
CUST-004855,2023-01-08,46.0,6,7.89,3,2,0.35,0.528,3.7,mobile,Gold,Seoul,electronics,email|push|sms,Bargain
CUST-004856,2026-06-06,51.0,8,9.18,4,4,0.334,0.35,15.5,mobile,Basic,Gyeonggi,fashion,sms,Bargain
CUST-004857,2024-12-03,37.0,13,20.6,5,5,0.137,0.332,26.0,mobile,Gold,Gyeonggi,fashion,sms,Bargain
CUST-004858,2023-09-14,45.0,11,27.08,5,3,0.137,0.389,5.1,mobile,Silver,Busan,home,push,Bargain
CUST-004859,2024-03-04,47.0,10,51.26,4,3,0.192,0.394,20.0,desktop,Basic,Daejeon,home,push,Explorer
CUST-004860,2025-08-23,41.0,15,16.31,6,3,0.28,0.7,4.9,mobile,Basic,Busan,fashion,email|push,Bargain
CUST-004861,2025-04-09,44.0,10,40.94,4,5,0.179,0.17,21.2,mobile,Silver,Seoul,home,email|push,Explorer
CUST-004862,2022-08-21,47.0,6,27.64,5,5,0.005,0.672,14.4,desktop,Basic,Gyeonggi,fashion,email,Bargain
CUST-004863,2025-11-08,52.0,11,23.9,3,6,0.216,0.547,4.9,desktop,Gold,Daegu,beauty,email|push|sms,Bargain
CUST-004864,2023-02-15,44.0,6,20.8,7,3,0.099,0.51,8.0,mobile,Basic,Gyeonggi,beauty,email,Explorer
CUST-004865,2025-06-21,46.0,8,10.12,6,4,0.275,0.302,4.5,tablet,Silver,Daegu,fashion,sms,Loyal
CUST-004866,2023-10-13,,5,8.54,4,2,0.087,0.582,12.9,mobile,Gold,Seoul,beauty,email|push,Bargain
CUST-004867,2024-01-28,30.0,8,17.46,8,1,0.193,0.8,5.0,mobile,Basic,Daegu,beauty,push,Bargain
CUST-004868,2026-01-20,55.0,6,16.67,7,3,0.189,0.17,11.4,mobile,Silver,Seoul,beauty,email|push,Explorer
CUST-004869,2025-06-18,33.0,12,18.38,8,3,0.182,0.536,14.4,desktop,Silver,Seoul,electronics,push,Explorer
CUST-004870,2026-02-20,50.0,7,22.85,9,5,0.137,0.432,23.0,mobile,Basic,Daegu,sports,email|push,Loyal
CUST-004871,2024-06-22,47.0,11,20.82,7,4,0.033,0.174,13.4,mobile,Basic,Gyeonggi,electronics,email,Explorer
CUST-004872,2023-06-09,51.0,6,9.32,4,6,0.149,0.244,17.5,mobile,Silver,Gyeonggi,sports,push,Loyal
CUST-004873,2024-02-26,39.0,7,17.33,6,7,0.05,0.335,38.7,desktop,Silver,Gyeonggi,electronics,email,Explorer
CUST-004874,2024-09-03,53.0,9,6.77,10,4,0.296,0.281,34.1,desktop,Gold,Busan,sports,email,At_Risk
CUST-004875,2022-03-28,22.0,5,46.87,6,3,0.091,0.118,37.2,mobile,Silver,Busan,electronics,email,Explorer
CUST-004876,2024-11-24,47.0,9,6.01,3,5,0.31,0.422,5.6,desktop,Gold,Seoul,fashion,push,Loyal
CUST-004877,2025-11-28,45.0,4,31.61,7,3,0.134,0.501,29.5,mobile,Basic,Gyeonggi,fashion,email|sms,At_Risk
CUST-004878,2024-07-20,49.0,10,12.26,5,2,0.14,0.426,4.5,desktop,Silver,Daejeon,beauty,email,Loyal
CUST-004879,2025-05-09,61.0,3,12.55,3,5,0.043,0.385,15.4,mobile,Silver,Busan,home,email|push,Loyal
CUST-004880,2025-08-14,54.0,11,8.26,10,3,0.217,0.751,15.0,mobile,Basic,Seoul,electronics,email|push,Bargain
CUST-004881,2026-01-20,38.0,12,12.9,10,3,0.35,0.532,8.1,mobile,Gold,Seoul,beauty,sms,Bargain
CUST-004882,2025-05-20,35.0,7,19.88,6,6,0.213,0.358,7.6,mobile,Basic,Gyeonggi,beauty,sms,Loyal
CUST-004883,2024-03-25,43.0,8,37.69,5,4,0.158,0.219,10.4,tablet,Gold,Gyeonggi,electronics,sms,Explorer
CUST-004884,2025-06-10,33.0,14,29.14,5,4,0.274,0.469,21.7,mobile,Basic,Seoul,electronics,push,Explorer
CUST-004885,2022-02-04,59.0,10,21.42,7,4,0.032,0.916,4.8,desktop,Silver,Daejeon,beauty,push|sms,Explorer
CUST-004886,2024-11-07,36.0,10,32.87,9,7,0.188,0.59,5.3,desktop,Silver,Busan,sports,push,Loyal
CUST-004887,2024-05-20,46.0,5,15.39,8,4,0.311,0.167,11.3,mobile,Silver,Seoul,fashion,push,Bargain
CUST-004888,2024-06-26,50.0,11,10.45,8,3,0.268,0.578,5.3,mobile,Basic,Seoul,sports,push|sms,Explorer
CUST-004889,2024-12-30,26.0,7,20.22,8,5,0.014,0.308,15.3,mobile,Silver,Seoul,fashion,sms,Loyal
CUST-004890,2025-07-09,49.0,13,7.17,4,3,0.056,0.318,15.7,mobile,Basic,Seoul,sports,push,Explorer
CUST-004891,2026-03-27,39.0,5,16.06,5,2,0.098,0.167,10.8,desktop,Basic,Seoul,home,sms,Loyal
CUST-004892,2023-05-12,35.0,11,31.08,3,7,0.303,0.612,12.9,mobile,Gold,Daejeon,home,email|push|sms,Loyal
CUST-004893,2026-04-21,37.0,8,31.23,5,4,0.38,0.477,23.9,mobile,Silver,Seoul,home,push|sms,Bargain
CUST-004894,2023-11-12,29.0,8,14.99,6,5,0.055,0.4,10.8,mobile,Gold,Seoul,electronics,email,Bargain
CUST-004895,2024-08-13,36.0,8,21.69,3,0,0.261,0.37,3.7,tablet,Basic,Seoul,electronics,email,Explorer
CUST-004896,2024-05-09,37.0,9,25.7,7,2,0.123,0.396,16.0,desktop,Basic,Gyeonggi,beauty,push|sms,Explorer
CUST-004897,2024-01-14,26.0,12,17.33,8,5,0.359,0.554,2.4,mobile,Silver,Gyeonggi,electronics,email,Bargain
CUST-004898,2023-11-04,57.0,6,68.31,8,7,0.117,0.308,6.5,desktop,Silver,Seoul,fashion,email,Explorer
CUST-004899,2023-04-15,49.0,11,19.08,9,3,0.242,0.322,5.3,mobile,Basic,Daegu,electronics,sms,Bargain
CUST-004900,2026-03-30,54.0,6,13.76,7,7,0.061,0.365,13.7,mobile,Gold,Gyeonggi,fashion,email|push,Loyal
CUST-004901,2024-04-06,49.0,6,6.41,5,2,0.121,0.191,15.3,mobile,Basic,Gyeonggi,fashion,email|push,Bargain
CUST-004902,2023-06-23,38.0,3,47.02,3,2,0.145,0.192,7.7,mobile,Silver,Seoul,beauty,email|push,Explorer
CUST-004903,2024-11-22,47.0,10,12.43,9,2,0.041,0.909,6.6,desktop,Silver,Busan,fashion,push|sms,Bargain
CUST-004904,2025-09-20,42.0,12,19.26,7,6,0.404,0.531,22.2,mobile,Silver,Busan,electronics,email,Bargain
CUST-004905,2025-12-05,45.0,10,14.12,3,8,0.141,0.704,19.9,desktop,Basic,Daegu,electronics,push,Loyal
CUST-004906,2022-02-07,44.0,12,12.79,4,5,0.121,0.19,6.3,mobile,Basic,Seoul,fashion,email,Loyal
CUST-004907,2022-09-29,54.0,10,21.75,11,3,0.203,0.583,16.7,tablet,Basic,Gyeonggi,beauty,push,Bargain
CUST-004908,2024-11-23,42.0,10,24.21,11,4,0.193,0.748,5.8,mobile,Silver,Gyeonggi,fashion,email,Explorer
CUST-004909,2025-12-17,36.0,12,28.07,4,4,0.264,0.653,22.5,tablet,Basic,Gyeonggi,electronics,push,Explorer
CUST-004910,2025-02-23,35.0,3,19.44,8,4,0.237,0.613,15.5,desktop,Silver,Gyeonggi,fashion,push,Bargain
CUST-004911,2025-01-21,42.0,12,8.98,4,4,0.272,0.473,27.3,desktop,Gold,Busan,electronics,email,Explorer
CUST-004912,2022-08-26,22.0,8,16.12,8,6,0.242,0.258,13.1,desktop,Silver,Gyeonggi,fashion,sms,Explorer
CUST-004913,2025-05-28,37.0,8,20.67,5,4,0.184,0.195,16.5,desktop,Basic,Daegu,beauty,email,Loyal
CUST-004914,2023-09-20,45.0,7,27.55,6,3,0.089,0.462,11.2,mobile,Gold,Busan,electronics,email,Bargain
CUST-004915,2026-01-08,22.0,9,9.68,11,4,0.37,0.66,37.0,mobile,Basic,Seoul,fashion,email,Bargain
CUST-004916,2023-03-25,49.0,9,15.64,7,4,0.032,0.324,16.8,mobile,Silver,Busan,fashion,email|sms,Loyal
CUST-004917,2024-10-19,34.0,13,4.83,3,1,0.151,0.271,9.5,tablet,Gold,Daejeon,electronics,email|push|sms,Explorer
CUST-004918,2023-11-16,53.0,15,26.56,5,7,0.107,0.489,17.6,mobile,Basic,Seoul,sports,sms,Explorer
CUST-004919,2025-11-22,54.0,10,9.86,7,3,0.159,0.776,11.2,mobile,Basic,Seoul,home,email,Bargain
CUST-004920,2026-02-06,31.0,5,3.23,10,5,0.09,0.309,11.8,desktop,Silver,Daegu,sports,push,Bargain
CUST-004921,2023-11-10,37.0,10,14.53,5,3,0.197,0.566,8.5,mobile,Silver,Seoul,fashion,push|sms,Explorer
CUST-004922,2025-10-01,44.0,6,16.4,6,3,0.228,0.286,11.4,desktop,Basic,Seoul,sports,email|push,Explorer
CUST-004923,2026-05-04,38.0,8,18.11,4,3,0.261,0.541,17.5,mobile,Basic,Seoul,fashion,push,Bargain
CUST-004924,2024-09-18,,8,7.81,4,4,0.422,0.418,29.0,mobile,Gold,Gyeonggi,sports,email|push,Bargain
CUST-004925,2025-02-13,38.0,12,22.23,4,2,0.189,0.419,2.8,desktop,Basic,Busan,electronics,sms,Explorer
CUST-004926,2024-06-17,27.0,13,15.64,4,8,0.165,0.226,15.4,mobile,Basic,Busan,home,sms,Loyal
CUST-004927,2022-12-07,51.0,9,20.01,7,4,0.057,0.788,14.6,desktop,Silver,Daegu,fashion,push,Bargain
CUST-004928,2025-09-08,56.0,7,20.46,9,5,0.529,0.327,21.7,mobile,Basic,Seoul,beauty,sms,Explorer
CUST-004929,2023-02-01,57.0,14,24.0,14,6,0.441,0.125,11.8,desktop,Gold,Busan,sports,email,Explorer
CUST-004930,2025-03-17,42.0,13,7.31,5,1,0.175,0.211,19.3,mobile,Basic,Gyeonggi,sports,sms,Explorer
CUST-004931,2026-07-28,34.0,6,36.27,4,1,0.492,0.789,14.8,mobile,Silver,Gyeonggi,fashion,sms,Explorer
CUST-004932,2023-03-21,36.0,11,29.07,7,1,0.038,0.42,31.0,mobile,Silver,Gyeonggi,sports,push|sms,Explorer
CUST-004933,2025-01-03,38.0,10,7.44,6,4,0.095,0.446,79.5,mobile,Silver,Seoul,fashion,sms,At_Risk
CUST-004934,2022-07-24,44.0,18,14.22,2,6,0.118,0.484,19.0,mobile,Silver,Busan,sports,push,Loyal
CUST-004935,2024-06-14,25.0,5,9.34,1,2,0.118,0.474,9.3,mobile,Basic,Gyeonggi,home,email|push,Explorer
CUST-004936,2022-08-27,52.0,6,22.53,4,5,0.102,0.358,14.2,desktop,Gold,Gyeonggi,beauty,email|sms,Loyal
CUST-004937,2025-04-15,36.0,8,9.9,2,3,0.182,0.071,6.8,mobile,Basic,Daejeon,beauty,email|push,Explorer
CUST-004938,2026-02-11,23.0,7,56.09,5,0,0.376,0.164,4.4,desktop,Basic,Seoul,electronics,push,Explorer
CUST-004939,2022-11-17,57.0,11,7.5,3,4,0.214,0.143,18.3,mobile,Gold,Daegu,home,email,Loyal
CUST-004940,2025-11-04,39.0,9,16.61,4,5,0.484,0.566,5.5,desktop,Basic,Gyeonggi,home,sms,Bargain
CUST-004941,2022-06-15,24.0,9,14.96,2,6,0.381,0.685,11.7,mobile,Silver,Gyeonggi,sports,email,Explorer
CUST-004942,2026-03-10,32.0,10,23.76,7,1,0.181,0.306,15.0,mobile,Basic,Busan,fashion,sms,Explorer
CUST-004943,2024-03-02,61.0,6,8.66,7,3,0.004,0.454,9.6,mobile,Gold,Busan,electronics,sms,Explorer
CUST-004944,2022-02-23,53.0,11,10.06,8,1,0.294,0.503,10.1,tablet,Gold,Daegu,home,sms,Bargain
CUST-004945,2023-12-16,30.0,13,22.53,6,2,0.113,0.494,40.6,tablet,Silver,Gyeonggi,home,push,Explorer
CUST-004946,2022-12-24,38.0,10,17.37,3,8,0.017,0.273,16.3,mobile,Basic,Seoul,sports,email|push,Loyal
CUST-004947,2022-09-27,32.0,8,16.16,4,4,0.096,0.188,14.4,tablet,Gold,Gyeonggi,fashion,sms,Loyal
CUST-004948,2022-12-04,39.0,5,44.56,8,5,0.186,0.139,8.0,desktop,,Daejeon,home,push,Explorer
CUST-004949,2026-01-07,40.0,6,21.24,3,2,0.075,0.606,14.6,mobile,Basic,Seoul,beauty,push|sms,Bargain
CUST-004950,2025-11-27,37.0,8,16.09,2,2,0.087,0.449,23.6,mobile,Gold,Seoul,beauty,email,Bargain
CUST-004951,2023-02-21,54.0,10,12.22,5,6,0.327,0.407,10.6,mobile,Silver,Seoul,sports,email,Bargain
CUST-004952,2023-11-22,47.0,8,14.45,7,5,0.099,0.321,23.4,mobile,Silver,Gyeonggi,beauty,sms,Explorer
CUST-004953,2026-06-17,31.0,9,18.52,6,4,0.15,0.253,15.5,mobile,Silver,Seoul,fashion,push,Loyal
CUST-004954,2022-09-08,37.0,11,12.83,4,5,0.084,0.309,5.8,mobile,Silver,Gyeonggi,sports,push,Bargain
CUST-004955,2024-02-12,51.0,9,3.24,5,8,0.163,0.248,10.7,desktop,Silver,Gyeonggi,beauty,push,Loyal
CUST-004956,2026-06-04,43.0,5,10.1,7,4,0.242,0.798,30.3,desktop,Basic,Gyeonggi,home,sms,Bargain
CUST-004957,2023-10-08,29.0,10,20.13,2,2,0.344,0.857,20.4,mobile,Silver,Gyeonggi,electronics,push,Bargain
CUST-004958,2026-05-05,31.0,10,24.27,6,3,0.143,0.559,10.0,mobile,Basic,Gyeonggi,beauty,push,Explorer
CUST-004959,2026-03-26,35.0,9,12.36,5,7,0.268,0.493,30.6,desktop,Silver,Gyeonggi,fashion,push,Bargain
CUST-004960,2026-01-30,23.0,10,31.0,6,6,0.018,0.523,17.8,mobile,Basic,Seoul,fashion,push|sms,Loyal
CUST-004961,2025-02-22,42.0,8,6.07,10,3,0.102,0.184,6.6,tablet,Silver,Seoul,sports,email,Bargain
CUST-004962,2022-12-20,44.0,11,37.14,7,2,0.174,0.62,21.1,desktop,Silver,Daejeon,beauty,email,Bargain
CUST-004963,2026-03-11,46.0,6,27.54,8,5,0.122,0.761,36.0,mobile,Basic,Gyeonggi,sports,email,Explorer
CUST-004964,2022-02-07,23.0,10,15.71,7,4,0.137,0.344,1.6,mobile,Gold,Seoul,fashion,sms,Bargain
CUST-004965,2022-10-21,31.0,8,17.5,5,2,0.413,0.585,13.3,desktop,Silver,Gyeonggi,fashion,email|sms,Bargain
CUST-004966,2022-05-24,37.0,3,18.99,8,8,0.236,0.192,19.2,desktop,Gold,Daejeon,home,email|push,Loyal
CUST-004967,2024-06-03,38.0,6,15.74,6,4,0.183,0.471,6.4,desktop,Gold,Gyeonggi,fashion,sms,Loyal
CUST-004968,2025-08-02,51.0,10,10.33,3,3,0.369,0.709,5.6,desktop,Silver,Seoul,electronics,email,Bargain
CUST-004969,2025-07-09,26.0,5,33.74,10,3,0.299,0.551,13.5,tablet,Silver,Seoul,beauty,sms,Explorer
CUST-004970,2024-03-21,26.0,15,8.96,5,4,0.073,0.29,15.1,mobile,Gold,Seoul,electronics,sms,Loyal
CUST-004971,2023-01-16,34.0,9,4.33,7,1,0.227,0.125,11.3,mobile,Gold,Gyeonggi,beauty,email,Loyal
CUST-004972,2025-04-19,22.0,11,27.45,3,3,0.077,0.282,3.6,mobile,Basic,Gyeonggi,beauty,email|push,Explorer
CUST-004973,2025-09-05,42.0,10,22.92,6,4,0.153,0.45,11.6,desktop,Silver,Daegu,fashion,email|sms,Explorer
CUST-004974,2023-11-25,60.0,12,20.6,8,2,0.163,0.445,25.5,desktop,Basic,Seoul,sports,push,Bargain
CUST-004975,2025-06-06,51.0,10,22.57,5,3,0.241,0.528,7.3,desktop,Silver,Gyeonggi,sports,push|sms,Explorer
CUST-004976,2023-06-01,36.0,4,18.23,9,9,0.377,0.272,12.9,desktop,,Busan,beauty,sms,Explorer
CUST-004977,2025-06-28,45.0,9,17.41,6,3,0.053,0.644,11.1,mobile,Basic,Daejeon,electronics,push,Bargain
CUST-004978,2022-04-15,26.0,14,21.81,7,4,0.196,0.419,21.8,mobile,Gold,Seoul,beauty,email|push|sms,Explorer
CUST-004979,2022-05-26,35.0,7,24.19,3,4,0.119,0.261,13.0,mobile,Silver,Daegu,beauty,push,Explorer
CUST-004980,2025-09-29,42.0,9,13.83,2,2,0.149,0.282,4.2,desktop,Silver,Daegu,fashion,email|push|sms,Loyal
CUST-004981,2024-06-30,31.0,9,29.81,2,3,0.217,0.362,31.7,mobile,Basic,Seoul,fashion,sms,Explorer
CUST-004982,2025-06-03,30.0,8,32.99,13,3,0.16,0.09,3.7,mobile,Gold,Seoul,home,push,Bargain
CUST-004983,2025-04-17,,6,4.5,9,5,0.116,0.121,15.8,mobile,Gold,Seoul,home,email,Bargain
CUST-004984,2022-07-13,44.0,14,42.19,6,5,0.163,0.436,8.6,mobile,Basic,Gyeonggi,home,push,Explorer
CUST-004985,2023-05-03,39.0,5,14.24,8,3,0.238,0.396,9.0,desktop,Silver,Gyeonggi,electronics,email|push|sms,Explorer
CUST-004986,2024-04-26,21.0,12,12.36,6,3,0.128,0.456,12.0,desktop,Silver,Busan,beauty,push,Bargain
CUST-004987,2025-05-25,43.0,3,17.52,7,1,0.113,0.8,35.0,mobile,Silver,Seoul,beauty,email,Bargain
CUST-004988,2025-05-22,23.0,6,16.9,9,4,0.107,0.151,11.1,mobile,Basic,Seoul,home,email,Loyal
CUST-004989,2022-07-06,40.0,12,5.96,7,7,0.17,0.183,5.8,desktop,Basic,Gyeonggi,fashion,push|sms,Loyal
CUST-004990,2024-10-10,34.0,5,18.11,4,2,0.107,0.363,7.1,mobile,Gold,Gyeonggi,sports,push,Explorer
CUST-004991,2024-08-09,47.0,7,24.57,6,5,0.312,0.649,14.0,mobile,Silver,Busan,beauty,email,Bargain
CUST-004992,2025-10-10,33.0,15,30.93,5,2,0.058,0.84,22.8,tablet,Basic,Gyeonggi,sports,email,Explorer
CUST-004993,2025-01-22,37.0,3,10.63,10,4,0.217,0.312,16.6,desktop,Basic,Seoul,home,push|sms,Explorer
CUST-004994,2023-07-25,39.0,5,9.32,6,2,0.165,0.257,7.6,mobile,Gold,Gyeonggi,beauty,email,Bargain
CUST-004995,2025-05-25,31.0,12,12.39,6,2,0.105,0.207,37.0,desktop,Gold,Gyeonggi,sports,email,Bargain
CUST-004996,2023-08-05,35.0,9,34.08,11,2,0.087,0.71,13.3,mobile,Gold,Seoul,electronics,email|sms,Explorer
CUST-004997,2026-03-01,29.0,10,20.63,5,6,0.203,0.248,41.3,mobile,Gold,Daejeon,electronics,email,Explorer
CUST-004998,2023-12-20,18.0,13,10.29,3,7,0.157,0.512,41.4,tablet,Silver,Busan,home,sms,Loyal
CUST-004999,2023-07-12,40.0,10,5.26,3,3,0.254,0.21,20.9,mobile,Silver,Seoul,sports,push,Bargain
CUST-005000,2026-05-25,40.0,6,5.07,3,7,0.348,0.176,13.9,desktop,Silver,Busan,beauty,email|push,Loyal
CUST-005001,2024-12-05,34.0,11,6.82,2,2,0.157,0.597,36.0,mobile,Silver,Daegu,sports,email|push,Explorer
CUST-005002,2026-05-16,46.0,8,20.59,8,2,0.25,0.86,11.2,desktop,Silver,Gyeonggi,fashion,email,Bargain
CUST-005003,2023-01-27,58.0,11,9.01,7,3,0.257,0.765,10.8,mobile,Basic,Gyeonggi,fashion,push|sms,Bargain
CUST-005004,2024-04-13,24.0,6,14.78,8,2,0.02,0.722,2.9,mobile,Basic,Daejeon,beauty,email,Bargain
CUST-005005,2025-03-07,49.0,9,24.35,6,2,0.154,0.313,26.0,mobile,Gold,Daegu,beauty,email|push|sms,Explorer
CUST-005006,2022-03-03,47.0,9,11.8,5,7,0.152,0.531,13.3,mobile,Basic,Busan,electronics,sms,Loyal
CUST-005007,2024-07-20,35.0,12,3.81,1,3,0.314,0.267,12.5,mobile,Silver,Seoul,beauty,email|sms,Loyal
CUST-005008,2022-01-09,42.0,13,14.61,12,1,0.02,0.067,15.4,desktop,Gold,Gyeonggi,fashion,push,Bargain
CUST-005009,2024-02-08,41.0,6,18.97,6,3,0.536,0.706,18.5,mobile,Silver,Gyeonggi,fashion,email|sms,Explorer
CUST-005010,2024-01-06,18.0,11,17.49,7,6,0.162,0.591,20.1,mobile,Basic,Busan,fashion,push,Bargain
CUST-005011,2022-10-23,40.0,14,6.07,6,9,0.154,0.23,14.0,mobile,Gold,Daejeon,sports,email|push,Loyal
CUST-005012,2023-07-15,34.0,9,40.44,11,5,0.034,0.572,29.6,mobile,Basic,Gyeonggi,sports,email|sms,Explorer
CUST-005013,2026-04-27,35.0,10,30.99,8,2,0.455,0.296,4.6,mobile,Basic,Gyeonggi,beauty,email,Explorer
CUST-005014,2026-05-19,37.0,13,29.71,7,6,0.055,0.355,8.5,mobile,Silver,Seoul,beauty,email|push,Explorer
CUST-005015,2026-03-13,37.0,15,23.76,8,6,0.199,0.326,6.1,desktop,Silver,Seoul,fashion,push,Explorer
CUST-005016,2022-06-15,36.0,13,4.19,5,6,0.419,0.547,8.4,mobile,Basic,Seoul,fashion,email|push,Bargain
CUST-005017,2026-04-14,34.0,13,28.05,9,3,0.06,0.343,9.9,mobile,Basic,Seoul,home,email,Explorer
CUST-005018,2022-04-12,43.0,4,29.85,7,4,0.376,0.371,21.6,desktop,Silver,Daegu,beauty,email,Bargain
CUST-005019,2025-09-28,53.0,9,6.71,7,3,0.139,0.455,6.7,mobile,Basic,Seoul,fashion,email,Explorer
CUST-005020,2025-12-27,35.0,9,21.71,8,2,0.088,0.736,10.5,mobile,Basic,Busan,beauty,email|sms,Bargain
CUST-005021,2026-04-12,33.0,11,8.27,5,2,0.054,0.417,3.5,mobile,Basic,Seoul,home,email|push|sms,Bargain
CUST-005022,2023-06-10,22.0,11,12.81,5,3,0.075,0.914,7.0,mobile,Gold,Busan,fashion,sms,Loyal
CUST-005023,2026-06-05,22.0,7,13.55,11,2,0.262,0.345,8.6,mobile,Basic,Daejeon,electronics,push,Bargain
CUST-005024,2022-12-18,52.0,10,45.14,11,4,0.387,0.181,8.5,desktop,Silver,Seoul,home,sms,Explorer
CUST-005025,2023-09-23,49.0,7,6.53,7,0,0.108,0.512,5.2,tablet,Gold,Daegu,fashion,email,Explorer
CUST-005026,2024-02-24,33.0,10,20.67,6,3,0.406,0.567,16.6,mobile,Basic,Seoul,electronics,push,Bargain
CUST-005027,2025-09-01,32.0,7,20.48,7,3,0.069,0.633,13.6,mobile,Silver,Gyeonggi,fashion,push,Bargain
CUST-005028,2022-06-27,32.0,9,36.17,11,4,0.275,0.587,6.5,tablet,Silver,Seoul,electronics,email|sms,Explorer
CUST-005029,2023-05-14,34.0,7,32.74,6,2,0.048,0.508,10.7,desktop,Gold,Gyeonggi,home,push,Bargain
CUST-005030,2024-10-06,29.0,11,14.4,6,5,0.097,0.354,2.3,mobile,Basic,Seoul,fashion,sms,Loyal
CUST-005031,2024-11-02,24.0,8,27.62,5,6,0.056,0.645,6.8,mobile,Silver,Gyeonggi,beauty,push,Explorer
CUST-005032,2023-01-03,40.0,9,23.02,3,1,0.115,0.573,21.3,tablet,Basic,Daegu,home,email|push,At_Risk
CUST-005033,2022-06-24,45.0,12,4.62,11,2,0.263,0.467,12.4,desktop,Basic,Seoul,fashion,email,Bargain
CUST-005034,2025-02-19,41.0,10,26.94,6,3,0.352,0.315,34.8,mobile,Basic,Gyeonggi,fashion,email|sms,Bargain
CUST-005035,2023-06-01,53.0,10,27.36,7,4,0.09,0.273,3.6,mobile,Basic,Seoul,home,email,Bargain
CUST-005036,2026-04-20,36.0,9,22.41,2,3,0.221,0.591,2.7,tablet,Basic,Seoul,electronics,email,Explorer
CUST-005037,2024-05-06,53.0,10,45.05,7,4,0.258,0.405,17.9,mobile,Silver,Gyeonggi,fashion,push,Explorer
CUST-005038,2024-06-16,47.0,7,12.01,4,4,0.212,0.694,7.0,mobile,Silver,Gyeonggi,beauty,push,Bargain
CUST-005039,2024-08-28,45.0,11,15.95,5,5,0.118,0.66,11.2,desktop,Basic,Daejeon,fashion,push,Explorer
CUST-005040,2022-07-01,46.0,3,21.66,7,3,0.181,0.475,2.7,desktop,Basic,Seoul,home,email,Bargain
CUST-005041,2022-12-02,37.0,4,32.0,7,1,0.129,0.424,4.9,mobile,Basic,Seoul,beauty,email,Explorer
CUST-005042,2022-05-13,34.0,5,24.03,7,3,0.044,0.31,7.2,desktop,Basic,Busan,home,push,Bargain
CUST-005043,2024-11-13,36.0,11,14.55,5,2,0.412,0.208,8.2,mobile,Basic,Busan,sports,push,Explorer
CUST-005044,2025-04-23,34.0,12,18.67,9,4,0.15,0.572,28.0,desktop,Gold,Seoul,fashion,email|sms,Bargain
CUST-005045,2024-03-03,27.0,7,5.44,4,6,0.154,0.624,9.0,mobile,Basic,Seoul,home,push,Loyal
CUST-005046,2023-12-27,34.0,8,12.79,9,5,0.162,0.218,17.5,mobile,Basic,Seoul,sports,email|push,Explorer
CUST-005047,2022-03-19,29.0,4,14.91,9,2,0.392,0.223,15.5,mobile,Gold,Gyeonggi,electronics,push,Bargain
CUST-005048,2023-10-09,45.0,7,12.15,8,3,0.196,0.333,47.0,mobile,Gold,Daejeon,fashion,email,At_Risk
CUST-005049,2022-06-14,51.0,12,11.11,5,6,0.247,0.269,37.6,mobile,Basic,Gyeonggi,home,email|push,Bargain
CUST-005050,2024-11-02,52.0,13,13.76,2,1,0.197,0.675,6.3,mobile,Basic,Seoul,beauty,sms,Explorer
CUST-005051,2024-07-10,44.0,9,33.4,5,3,0.088,0.788,23.7,desktop,Basic,Gyeonggi,beauty,email,Bargain
CUST-005052,2026-05-22,45.0,11,21.77,3,3,0.114,0.328,17.4,desktop,Basic,Daegu,home,push,Bargain
CUST-005053,2022-01-20,52.0,9,16.65,11,4,0.041,0.131,10.3,tablet,Basic,Gyeonggi,fashion,email|push,Bargain
CUST-005054,2024-10-21,26.0,8,7.9,3,4,0.344,0.448,18.1,mobile,Basic,Gyeonggi,sports,push,Loyal
CUST-005055,2023-08-27,39.0,6,30.13,5,2,0.083,0.228,14.2,mobile,Basic,Gyeonggi,fashion,email|sms,Explorer
CUST-005056,2025-06-11,47.0,4,12.97,6,3,0.24,0.647,10.3,desktop,Basic,Seoul,home,push,Bargain
CUST-005057,2025-11-10,46.0,9,17.92,5,4,0.03,0.253,22.3,mobile,Basic,Busan,fashion,push|sms,Explorer
CUST-005058,2025-06-17,32.0,14,18.85,2,4,0.198,0.349,8.5,mobile,Basic,Busan,sports,push,Bargain
CUST-005059,2025-10-13,32.0,10,11.02,5,5,0.098,0.632,7.2,mobile,Silver,Daegu,fashion,sms,Loyal
CUST-005060,2022-06-25,45.0,5,18.42,10,3,0.164,0.23,9.4,mobile,Basic,Busan,fashion,email|sms,Bargain
CUST-005061,2023-08-26,23.0,10,37.17,4,3,0.029,0.362,36.9,desktop,Gold,Gyeonggi,home,email|push,Explorer
CUST-005062,2025-01-19,41.0,11,22.02,3,3,0.05,0.585,5.8,mobile,Silver,Seoul,home,email,Bargain
CUST-005063,2023-06-18,38.0,11,27.11,4,3,0.07,0.791,6.9,mobile,Basic,Seoul,fashion,email,Bargain
CUST-005064,2025-03-23,24.0,10,9.06,8,4,0.031,0.167,15.6,desktop,Silver,Gyeonggi,fashion,email,Bargain
CUST-005065,2024-07-07,36.0,9,29.71,7,4,0.052,0.609,4.4,mobile,Basic,Seoul,home,email|push,Bargain
CUST-005066,2023-11-11,50.0,8,10.96,3,7,0.321,0.234,13.9,tablet,Basic,Daejeon,beauty,sms,Loyal
CUST-005067,2025-10-10,51.0,9,14.44,6,5,0.365,0.227,6.1,tablet,Silver,Seoul,fashion,sms,Explorer
CUST-005068,2025-01-02,28.0,8,10.25,5,3,0.206,0.686,24.4,mobile,Basic,Busan,beauty,email,Bargain
CUST-005069,2024-05-07,37.0,8,19.71,2,3,0.409,0.445,9.4,desktop,Basic,Gyeonggi,electronics,push,Explorer
CUST-005070,2026-05-28,36.0,9,10.5,6,4,0.126,0.787,12.6,mobile,Silver,Busan,sports,push,Explorer
CUST-005071,2023-12-29,19.0,16,27.16,4,3,0.156,0.642,30.6,tablet,Basic,Seoul,electronics,sms,Explorer
CUST-005072,2022-01-23,24.0,6,20.64,4,4,0.115,0.37,11.0,mobile,Silver,Busan,fashion,push,Bargain
CUST-005073,2024-06-26,51.0,9,5.59,6,7,0.082,0.16,10.1,desktop,Silver,Seoul,fashion,email|push,Loyal
CUST-005074,2023-06-18,35.0,12,20.35,5,3,0.159,0.678,5.5,mobile,Gold,Daejeon,electronics,sms,Bargain
CUST-005075,2023-01-20,34.0,5,24.34,5,7,0.205,0.136,11.1,mobile,Silver,Seoul,home,email|push,Explorer
CUST-005076,2023-02-01,42.0,5,17.9,4,4,0.357,0.549,7.9,mobile,Silver,Seoul,beauty,push,Bargain
CUST-005077,2022-01-04,39.0,4,46.33,6,3,0.206,0.546,7.2,mobile,Gold,Daegu,home,email,Explorer
CUST-005078,2026-03-30,39.0,10,7.72,8,6,0.14,0.48,9.1,mobile,Silver,Gyeonggi,fashion,push|sms,Bargain
CUST-005079,2022-12-18,40.0,8,8.39,6,2,0.221,0.275,16.0,mobile,Basic,Busan,electronics,sms,Bargain
CUST-005080,2025-03-27,33.0,13,13.07,6,6,0.078,0.418,14.8,mobile,Basic,Gyeonggi,fashion,email|push,Bargain
CUST-005081,2022-05-02,37.0,15,20.83,8,4,0.123,0.356,13.3,desktop,Basic,Gyeonggi,sports,email|push,Explorer
CUST-005082,2022-06-17,18.0,8,19.05,6,4,0.147,0.876,3.5,mobile,Gold,Busan,fashion,push,Bargain
CUST-005083,2024-11-30,40.0,9,18.84,8,4,0.149,0.269,2.5,mobile,Basic,Gyeonggi,beauty,email|push|sms,Explorer
CUST-005084,2026-07-15,42.0,11,23.34,4,6,0.282,0.519,22.9,mobile,Basic,Seoul,electronics,email,Bargain
CUST-005085,2025-02-17,24.0,9,41.14,9,4,0.144,0.652,17.3,mobile,Silver,Gyeonggi,fashion,email,Explorer
CUST-005086,2024-06-16,37.0,9,11.86,4,3,0.219,0.818,23.9,mobile,Silver,Busan,fashion,email|sms,Bargain
CUST-005087,2024-04-23,18.0,8,17.3,5,6,0.152,0.779,3.4,desktop,Basic,Busan,fashion,sms,Bargain
CUST-005088,2024-04-28,40.0,15,24.67,6,1,0.115,0.344,1.8,desktop,Silver,Gyeonggi,electronics,email|push,Explorer
CUST-005089,2026-01-13,23.0,11,17.24,4,2,0.299,0.421,6.7,mobile,Basic,Gyeonggi,home,push|sms,Explorer
CUST-005090,2024-05-24,24.0,6,30.13,4,4,0.192,0.201,8.4,desktop,Basic,Seoul,beauty,email,Loyal
CUST-005091,2023-11-09,47.0,5,21.18,7,2,0.248,0.736,8.4,mobile,Basic,Seoul,electronics,email,Bargain
CUST-005092,2024-10-29,60.0,4,14.89,6,4,0.203,0.06,3.7,mobile,Basic,Busan,home,push,Loyal
CUST-005093,2025-07-23,40.0,6,32.65,7,3,0.146,0.41,12.6,desktop,Silver,Seoul,home,push,Explorer
CUST-005094,2022-08-15,37.0,4,10.59,6,3,0.32,0.704,9.9,mobile,Basic,Busan,home,email,Bargain
CUST-005095,2023-12-22,29.0,8,5.19,9,8,0.25,0.312,13.4,mobile,Silver,Gyeonggi,electronics,email,Explorer
CUST-005096,2025-11-12,21.0,7,20.46,6,3,0.016,0.381,20.5,mobile,Basic,Seoul,beauty,push,Bargain
CUST-005097,2025-09-15,18.0,10,34.94,6,6,0.089,0.262,24.4,mobile,Silver,Seoul,sports,email,Explorer
CUST-005098,2024-07-13,51.0,13,36.42,6,6,0.306,0.237,9.8,mobile,Silver,Daejeon,sports,email,Explorer
CUST-005099,2026-07-03,38.0,6,6.46,3,6,0.015,0.54,2.0,mobile,Gold,Busan,home,email,Loyal
CUST-005100,2022-02-12,33.0,9,16.41,10,2,0.185,0.248,4.7,tablet,Silver,Gyeonggi,home,email|push,Explorer
CUST-005101,2023-01-10,19.0,11,10.77,3,4,0.206,0.368,40.4,mobile,Gold,Gyeonggi,electronics,push,Explorer
CUST-005102,2026-07-23,51.0,6,33.43,4,4,0.177,0.196,18.2,mobile,Basic,Seoul,home,email|sms,Explorer
CUST-005103,2025-12-28,51.0,13,15.46,4,6,0.014,0.32,11.0,desktop,Gold,Gyeonggi,electronics,email,Loyal
CUST-005104,2024-08-26,38.0,9,29.53,3,7,0.33,0.651,4.6,mobile,Silver,Seoul,fashion,push,Explorer
CUST-005105,2022-10-09,30.0,9,21.52,8,3,0.051,0.628,15.8,desktop,Basic,Daejeon,beauty,sms,Bargain
CUST-005106,2022-08-08,26.0,7,11.35,9,5,0.19,0.135,7.0,mobile,Basic,Busan,fashion,email|push,Loyal
CUST-005107,2022-01-25,39.0,10,19.36,2,5,0.111,0.582,8.7,desktop,Basic,Seoul,home,email,Explorer
CUST-005108,2026-06-14,39.0,8,15.25,6,0,0.19,0.542,40.5,mobile,Silver,Daejeon,sports,email,Bargain
CUST-005109,2023-08-29,32.0,6,21.9,7,8,0.228,0.39,10.2,desktop,Basic,Gyeonggi,electronics,email,Explorer
CUST-005110,2023-03-20,40.0,6,15.16,8,4,0.28,0.342,8.7,mobile,Silver,Gyeonggi,beauty,email|sms,Loyal
CUST-005111,2024-04-06,20.0,6,18.36,5,4,0.04,0.283,4.8,desktop,Silver,Seoul,fashion,push|sms,Explorer
CUST-005112,2022-11-28,35.0,7,12.6,5,6,0.243,0.415,10.6,tablet,Silver,Gyeonggi,fashion,push,Loyal
CUST-005113,2025-11-11,49.0,9,23.58,3,3,0.124,0.565,21.1,desktop,Basic,Seoul,electronics,push|sms,Bargain
CUST-005114,2023-07-25,35.0,12,4.86,10,4,0.239,0.542,8.8,desktop,Silver,Daejeon,fashion,email|sms,Bargain
CUST-005115,2022-10-10,39.0,8,13.28,7,4,0.168,0.26,28.9,mobile,Gold,Gyeonggi,fashion,email|push,Bargain
CUST-005116,2023-07-08,34.0,3,19.53,13,3,0.05,0.369,9.0,desktop,Basic,Seoul,sports,sms,Bargain
CUST-005117,2025-05-22,54.0,7,22.77,8,2,0.322,0.259,4.8,desktop,Silver,Seoul,electronics,push|sms,Explorer
CUST-005118,2023-04-03,35.0,11,22.86,4,7,0.036,0.567,17.5,desktop,Basic,Seoul,fashion,push,Bargain
CUST-005119,2025-01-27,54.0,6,23.49,9,6,0.127,0.101,9.6,tablet,Gold,Gyeonggi,beauty,push,Loyal
CUST-005120,2025-07-03,53.0,7,30.75,7,1,0.073,0.522,16.3,mobile,Basic,Gyeonggi,home,sms,Explorer
CUST-005121,2025-04-30,26.0,7,23.25,6,2,0.203,0.315,18.6,mobile,Silver,Gyeonggi,home,email,Explorer
CUST-005122,2023-11-06,35.0,6,14.73,3,7,0.272,0.59,6.1,desktop,Gold,Daejeon,beauty,email|push|sms,Loyal
CUST-005123,2022-10-04,50.0,9,33.71,7,4,0.097,0.445,24.7,desktop,Gold,Daejeon,fashion,email|sms,Explorer
CUST-005124,2023-02-20,24.0,6,18.34,3,0,0.221,0.301,10.6,mobile,Basic,Daejeon,beauty,email|push,Explorer
CUST-005125,2025-11-05,46.0,6,6.84,7,2,0.149,0.497,12.4,mobile,Basic,Gyeonggi,electronics,push,Bargain
CUST-005126,2022-01-12,70.0,8,17.99,8,1,0.04,0.802,9.7,mobile,Basic,Seoul,electronics,push,Explorer
CUST-005127,2025-09-22,48.0,10,20.4,4,6,0.13,0.633,11.5,mobile,Silver,Gyeonggi,sports,push,Bargain
CUST-005128,2025-05-29,29.0,12,13.23,7,2,0.249,0.092,11.9,desktop,Silver,Seoul,beauty,push|sms,Explorer
CUST-005129,2024-02-02,52.0,7,18.72,6,4,0.484,0.571,12.8,mobile,Basic,Seoul,electronics,sms,Bargain
CUST-005130,2024-04-13,45.0,7,14.77,3,5,0.076,0.262,11.1,desktop,Basic,Seoul,electronics,sms,Bargain
CUST-005131,2026-03-12,31.0,8,8.4,4,4,0.018,0.465,21.1,mobile,Gold,Gyeonggi,fashion,email|push|sms,Loyal
CUST-005132,2026-05-01,44.0,6,24.98,9,4,0.203,0.76,3.9,mobile,Silver,Daejeon,beauty,push,Bargain
CUST-005133,2023-10-25,56.0,8,33.56,7,4,0.342,0.063,18.4,desktop,Silver,Gyeonggi,home,sms,Explorer
CUST-005134,2024-02-12,31.0,6,32.09,5,1,0.146,0.554,13.6,mobile,Basic,Seoul,electronics,sms,Explorer
CUST-005135,2025-01-12,44.0,10,10.89,6,3,0.093,0.125,7.3,mobile,Basic,Gyeonggi,electronics,email|push,Explorer
CUST-005136,2026-01-25,33.0,13,2.22,9,5,0.147,0.549,40.9,mobile,Basic,Daejeon,sports,push,Bargain
CUST-005137,2024-12-26,44.0,6,11.37,5,5,0.122,0.518,15.2,desktop,Gold,Daegu,home,email|sms,Bargain
CUST-005138,2025-09-19,22.0,9,17.64,4,2,0.082,0.251,22.3,mobile,Silver,Gyeonggi,sports,sms,Explorer
CUST-005139,2024-03-25,27.0,9,27.06,4,3,0.077,0.51,6.1,desktop,Basic,Seoul,fashion,email|sms,Explorer
CUST-005140,2025-03-01,39.0,4,20.58,7,2,0.216,0.235,11.3,mobile,Basic,Busan,electronics,sms,Explorer
CUST-005141,2022-11-26,34.0,12,19.72,6,4,0.162,0.789,10.7,mobile,Silver,Gyeonggi,home,sms,Bargain
CUST-005142,2024-10-10,37.0,14,28.43,5,4,0.032,0.34,16.7,mobile,Basic,Seoul,beauty,sms,Explorer
CUST-005143,2026-03-28,46.0,12,14.29,5,4,0.327,0.373,9.7,desktop,Basic,Gyeonggi,fashion,email|push,Explorer
CUST-005144,2024-08-01,31.0,6,7.04,3,7,0.243,0.51,23.8,desktop,Basic,Daegu,beauty,sms,Explorer
CUST-005145,2025-11-05,22.0,7,7.09,11,3,0.045,0.758,18.4,desktop,Gold,Daejeon,fashion,email|push|sms,Bargain
CUST-005146,2023-09-16,31.0,9,16.56,9,2,0.052,0.648,16.5,desktop,Silver,Seoul,home,push|sms,Explorer
CUST-005147,2022-04-14,23.0,10,14.67,6,3,0.06,0.328,8.2,mobile,Basic,Busan,electronics,sms,Bargain
CUST-005148,2026-01-10,48.0,14,9.72,5,5,0.098,0.304,18.5,desktop,Basic,Seoul,sports,sms,Explorer
CUST-005149,2022-01-13,48.0,5,13.0,7,2,0.055,0.328,14.2,desktop,Basic,Gyeonggi,sports,push,Bargain
CUST-005150,2023-12-27,28.0,7,35.94,0,2,0.154,0.102,9.4,desktop,Silver,Gyeonggi,fashion,push,Explorer
CUST-005151,2025-03-26,43.0,13,22.35,6,1,0.352,0.228,39.4,desktop,Silver,Seoul,beauty,push|sms,Explorer
CUST-005152,2022-02-15,53.0,12,12.53,5,1,0.322,0.638,14.9,mobile,Gold,Gyeonggi,fashion,sms,Explorer
CUST-005153,2026-07-29,47.0,13,10.1,7,5,0.223,0.645,8.8,mobile,Basic,Busan,sports,sms,Bargain
CUST-005154,2025-12-04,35.0,7,15.91,2,1,0.149,0.259,8.0,mobile,Silver,Seoul,beauty,email|sms,Bargain
CUST-005155,2025-07-27,27.0,12,25.55,4,4,0.547,0.446,2.0,desktop,Gold,Gyeonggi,home,email,Explorer
CUST-005156,2025-12-04,60.0,16,17.38,6,4,0.104,0.525,20.1,mobile,Basic,Busan,fashion,email,Bargain
CUST-005157,2022-06-19,38.0,13,19.56,5,4,0.159,0.305,11.9,mobile,Basic,Seoul,fashion,email|sms,Bargain
CUST-005158,2024-08-09,35.0,8,10.48,2,1,0.068,0.556,14.4,desktop,Basic,Daegu,electronics,sms,Bargain
CUST-005159,2025-05-11,46.0,11,5.65,2,3,0.016,0.495,23.9,desktop,Basic,Gyeonggi,electronics,email,Bargain
CUST-005160,2022-09-17,42.0,8,13.9,8,4,0.392,0.348,22.9,desktop,Basic,Seoul,beauty,email|push,Explorer
CUST-005161,2022-07-05,34.0,10,7.13,5,5,0.252,0.468,2.3,mobile,Silver,Daejeon,electronics,email|push,Explorer
CUST-005162,2022-05-17,44.0,9,26.64,3,5,0.055,0.652,6.9,mobile,Basic,Busan,home,push,Loyal
CUST-005163,2025-11-22,41.0,7,9.25,6,4,0.076,0.32,3.5,tablet,Gold,Seoul,beauty,email,Bargain
CUST-005164,2024-02-20,28.0,14,35.28,3,7,0.124,0.453,19.7,desktop,Silver,Gyeonggi,beauty,push,Loyal
CUST-005165,2023-09-08,36.0,11,15.33,4,7,0.26,0.303,10.5,mobile,Silver,Seoul,electronics,push,Loyal
CUST-005166,2024-04-14,56.0,12,15.18,7,7,0.137,0.582,3.8,mobile,Basic,Seoul,beauty,email|push,Loyal
CUST-005167,2024-02-17,37.0,8,33.38,5,5,0.313,0.444,59.1,mobile,Silver,Daejeon,beauty,push,At_Risk
CUST-005168,2023-10-17,60.0,10,34.7,8,4,0.131,0.246,22.2,desktop,Basic,Gyeonggi,home,email,Explorer
CUST-005169,2024-08-27,52.0,5,9.88,6,4,0.209,0.493,8.5,desktop,Basic,Seoul,beauty,email,Bargain
CUST-005170,2024-11-26,45.0,9,8.48,6,8,0.465,0.106,9.1,desktop,Basic,Seoul,home,push,Loyal
CUST-005171,2025-03-10,38.0,9,12.65,8,4,0.136,0.252,23.1,desktop,Basic,Gyeonggi,fashion,push,Bargain
CUST-005172,2025-07-08,32.0,11,26.88,8,1,0.015,0.441,6.1,mobile,Silver,Busan,sports,email|push,Bargain
CUST-005173,2023-04-28,42.0,8,24.09,3,3,0.209,0.399,4.9,mobile,Basic,Busan,home,email|push,Bargain
CUST-005174,2024-09-18,49.0,7,10.09,6,3,0.12,0.401,30.3,mobile,Basic,Daegu,sports,email,Bargain
CUST-005175,2023-10-25,32.0,7,12.13,4,3,0.425,0.445,4.8,desktop,Basic,Busan,electronics,sms,Explorer
CUST-005176,2023-10-05,28.0,12,25.67,3,2,0.147,0.117,50.4,mobile,Silver,Seoul,beauty,push,Bargain
CUST-005177,2023-07-18,40.0,13,39.68,4,10,0.272,0.533,14.9,mobile,Basic,Gyeonggi,beauty,email,Loyal
CUST-005178,2025-05-21,61.0,6,37.15,6,6,0.297,0.249,5.7,tablet,Silver,Gyeonggi,sports,email|sms,Explorer
CUST-005179,2025-09-07,51.0,6,12.05,4,5,0.322,0.582,16.6,mobile,Basic,Gyeonggi,electronics,email|push,Explorer
CUST-005180,2022-12-30,51.0,7,12.76,7,4,0.407,0.264,1.2,mobile,Basic,Daegu,beauty,email|sms,Bargain
CUST-005181,2026-03-03,25.0,11,14.88,7,3,0.077,0.263,7.1,mobile,Basic,Gyeonggi,sports,email,Explorer
CUST-005182,2022-08-14,43.0,9,7.81,6,4,0.144,0.396,11.7,mobile,Silver,Gyeonggi,beauty,email|push|sms,Explorer
CUST-005183,2025-01-13,47.0,7,30.08,9,3,0.167,0.117,12.5,mobile,Basic,Seoul,fashion,email|push,Explorer
CUST-005184,2024-10-08,51.0,10,4.74,5,3,0.262,0.318,15.6,desktop,Basic,Gyeonggi,fashion,email|push|sms,Explorer
CUST-005185,2022-11-25,38.0,6,17.12,6,5,0.468,0.12,9.7,mobile,Basic,Gyeonggi,electronics,email|push,Explorer
CUST-005186,2024-03-07,44.0,7,12.52,4,5,0.335,0.412,10.8,desktop,Silver,Gyeonggi,beauty,email,Bargain
CUST-005187,2024-09-13,43.0,9,21.39,3,3,0.278,0.307,4.8,mobile,Basic,Seoul,fashion,email,Explorer
CUST-005188,2024-03-24,34.0,5,7.76,8,5,0.248,0.185,3.6,desktop,Gold,Gyeonggi,fashion,push,Loyal
CUST-005189,2023-12-25,60.0,9,16.25,3,4,0.242,0.417,17.5,mobile,Basic,Busan,home,email,Explorer
CUST-005190,2023-12-04,45.0,5,36.06,5,5,0.094,0.684,20.5,mobile,Silver,Gyeonggi,beauty,email|sms,Explorer
CUST-005191,2022-04-17,20.0,11,19.44,8,4,0.023,0.682,4.3,desktop,Gold,Daejeon,fashion,email|push|sms,Bargain
CUST-005192,2026-02-24,47.0,12,7.99,2,4,0.09,0.698,7.9,mobile,Silver,Gyeonggi,beauty,push,Bargain
CUST-005193,2022-06-18,34.0,8,15.21,4,2,0.133,0.731,7.9,mobile,Basic,Gyeonggi,home,push,Bargain
CUST-005194,2022-10-16,29.0,8,15.47,5,5,0.009,0.784,6.4,mobile,Basic,Busan,fashion,email|sms,Loyal
CUST-005195,2024-04-05,30.0,11,28.14,2,4,0.141,0.698,12.8,mobile,Basic,Gyeonggi,beauty,email,Bargain
CUST-005196,2024-02-24,33.0,10,19.07,7,4,0.118,0.143,15.7,mobile,Silver,Gyeonggi,sports,email|push,Bargain
CUST-005197,2023-08-28,28.0,13,14.05,7,4,0.022,0.315,17.9,mobile,Silver,Daegu,fashion,push,Bargain
CUST-005198,2022-06-28,40.0,8,26.12,4,7,0.178,0.517,13.6,mobile,Basic,Seoul,beauty,email,Loyal
CUST-005199,2023-05-26,49.0,7,16.22,4,3,0.235,0.304,3.1,mobile,Silver,Gyeonggi,fashion,email,Bargain
CUST-005200,2026-02-06,43.0,4,13.77,5,6,0.057,0.312,22.3,mobile,Silver,Busan,sports,sms,Loyal
CUST-005201,2025-05-22,35.0,3,16.42,5,3,0.195,0.299,1.8,desktop,Gold,Seoul,electronics,email|sms,Bargain
CUST-005202,2024-07-15,38.0,9,21.61,7,3,0.042,0.314,2.3,mobile,Basic,Seoul,fashion,email,Explorer
CUST-005203,2026-05-05,38.0,12,29.1,8,2,0.007,0.188,1.9,mobile,Gold,Gyeonggi,sports,email|sms,Explorer
CUST-005204,2024-07-27,38.0,10,22.54,8,7,0.054,0.277,16.7,mobile,Basic,Gyeonggi,fashion,sms,Loyal
CUST-005205,2023-02-07,29.0,7,9.76,3,6,0.225,0.235,14.3,desktop,Basic,Seoul,home,email|push,Loyal
CUST-005206,2024-04-04,37.0,15,13.29,6,5,0.259,0.437,22.0,mobile,Silver,Daegu,fashion,sms,Loyal
CUST-005207,2023-02-06,48.0,10,5.21,7,6,0.132,0.516,7.4,mobile,Silver,Daegu,home,email,Bargain
CUST-005208,2024-09-01,44.0,12,11.78,7,3,0.064,0.571,15.1,mobile,Silver,Busan,sports,sms,Bargain
CUST-005209,2023-09-29,49.0,16,40.66,3,5,0.204,0.489,22.8,desktop,Gold,Daejeon,fashion,email|sms,Explorer
CUST-005210,2024-12-26,56.0,10,6.55,4,2,0.233,0.097,7.6,mobile,Gold,Busan,electronics,sms,Bargain
CUST-005211,2024-08-02,40.0,7,33.53,7,4,0.147,0.558,22.1,mobile,Basic,Seoul,home,sms,Explorer
CUST-005212,2022-01-12,45.0,17,17.14,7,4,0.231,0.539,9.1,mobile,Basic,Daegu,beauty,sms,Explorer
CUST-005213,2025-10-13,56.0,9,36.39,9,7,0.047,0.583,22.2,desktop,Basic,Busan,sports,push,Bargain
CUST-005214,2022-09-29,37.0,10,43.91,9,5,0.279,0.439,24.7,mobile,Silver,Gyeonggi,electronics,push|sms,Bargain
CUST-005215,2023-10-07,53.0,12,5.37,8,2,0.328,0.471,21.3,mobile,Gold,Daejeon,fashion,email|push|sms,Explorer
CUST-005216,2023-07-14,45.0,7,13.04,3,4,0.142,0.172,5.5,desktop,Silver,Seoul,fashion,email|push,Loyal
CUST-005217,2024-02-12,48.0,9,9.24,6,4,0.061,0.259,7.9,mobile,Silver,Seoul,electronics,push,Loyal
CUST-005218,2022-12-22,26.0,8,13.93,6,2,0.274,0.714,23.0,desktop,Basic,Gyeonggi,sports,email|push|sms,Bargain
CUST-005219,2024-11-04,30.0,8,13.42,5,3,0.181,0.564,13.7,desktop,Gold,Gyeonggi,electronics,email|sms,Loyal
CUST-005220,2025-02-23,29.0,8,14.07,7,4,0.064,0.182,4.3,desktop,Basic,Daejeon,beauty,push,Bargain
CUST-005221,2025-05-14,47.0,9,17.23,6,7,0.172,0.274,5.1,desktop,Basic,Daegu,home,email|push,Loyal
CUST-005222,2024-01-05,24.0,11,17.96,9,5,0.11,0.816,12.0,mobile,Silver,Gyeonggi,fashion,email,Loyal
CUST-005223,2025-06-22,53.0,10,23.27,9,8,0.088,0.396,11.2,mobile,Basic,Daegu,home,email,Loyal
CUST-005224,2025-10-15,33.0,6,13.73,3,7,0.064,0.33,30.5,mobile,Basic,Daegu,fashion,email,Bargain
CUST-005225,2024-12-24,40.0,7,12.54,8,2,0.388,0.527,5.6,mobile,Silver,Seoul,beauty,sms,Bargain
CUST-005226,2025-02-26,65.0,12,6.11,6,1,0.256,0.896,13.1,mobile,Gold,Gyeonggi,electronics,email,Bargain
CUST-005227,2022-07-01,53.0,9,10.89,3,5,0.131,0.22,11.5,mobile,Basic,Seoul,fashion,sms,Loyal
CUST-005228,2025-07-24,24.0,10,34.94,2,3,0.5,0.455,0.8,tablet,Basic,Seoul,sports,push,Explorer
CUST-005229,2022-06-04,52.0,8,16.2,4,5,0.276,0.502,16.8,desktop,Gold,Seoul,home,email|push,Explorer
CUST-005230,2023-04-08,46.0,8,13.67,5,2,0.437,0.208,17.1,mobile,Basic,Seoul,sports,push,Bargain
CUST-005231,2022-03-14,28.0,7,12.02,6,1,0.099,0.639,21.1,mobile,Silver,Busan,fashion,push|sms,Bargain
CUST-005232,2023-05-27,37.0,10,20.87,9,3,0.116,0.567,4.9,desktop,Silver,Gyeonggi,fashion,push,Bargain
CUST-005233,2022-08-19,37.0,4,15.97,4,8,0.041,0.443,21.1,mobile,Silver,Gyeonggi,electronics,sms,Loyal
CUST-005234,2025-03-27,42.0,5,9.32,8,2,0.189,0.576,2.4,mobile,Silver,Daejeon,fashion,email|sms,Bargain
CUST-005235,2022-09-18,50.0,12,28.22,5,5,0.099,0.612,11.4,desktop,Basic,Gyeonggi,fashion,email,Explorer
CUST-005236,2024-01-04,18.0,8,35.21,4,1,0.106,0.361,26.2,mobile,Basic,Seoul,fashion,email|push|sms,Explorer
CUST-005237,2025-09-20,37.0,5,16.18,9,4,0.239,0.205,9.3,mobile,Basic,Gyeonggi,electronics,email,Explorer
CUST-005238,2022-10-04,51.0,7,20.61,4,3,0.025,0.337,12.6,desktop,Silver,Busan,beauty,sms,Loyal
CUST-005239,2026-05-25,51.0,8,35.62,5,4,0.306,0.165,1.9,mobile,Basic,Busan,fashion,push,Explorer
CUST-005240,2023-12-28,35.0,10,12.93,5,6,0.084,0.202,7.1,mobile,Gold,Seoul,fashion,sms,Loyal
CUST-005241,2024-08-06,34.0,9,22.65,1,6,0.076,0.631,12.7,mobile,Gold,Daegu,beauty,push,Loyal
CUST-005242,2025-12-10,31.0,11,10.99,2,7,0.02,0.899,30.7,desktop,Silver,Seoul,electronics,email,Explorer
CUST-005243,2025-11-10,46.0,6,12.05,7,4,0.032,0.299,14.1,mobile,Silver,Seoul,fashion,email|push|sms,Bargain
CUST-005244,2023-10-01,,11,12.99,5,4,0.075,0.636,47.8,mobile,Basic,Daegu,home,email,Bargain
CUST-005245,2024-01-07,47.0,6,5.43,4,5,0.117,0.379,4.0,mobile,Silver,Seoul,home,push,Loyal
CUST-005246,2023-08-31,56.0,9,23.3,3,4,0.157,0.47,9.8,mobile,Basic,Gyeonggi,sports,email,Explorer
CUST-005247,2024-08-02,40.0,14,15.25,6,3,0.134,0.399,9.4,mobile,Basic,Busan,sports,push,Loyal
CUST-005248,2025-04-09,53.0,12,19.51,10,4,0.293,0.246,9.2,mobile,Basic,Gyeonggi,home,email,Explorer
CUST-005249,2025-03-28,45.0,14,54.49,8,3,0.113,0.217,0.6,mobile,Gold,Seoul,home,email|sms,Explorer
CUST-005250,2026-05-01,55.0,9,3.74,10,2,0.089,0.394,1.4,mobile,Basic,Busan,fashion,push|sms,Bargain
CUST-005251,2024-05-20,41.0,11,14.54,6,4,0.155,0.327,14.9,desktop,Silver,Daegu,fashion,email|push,Loyal
CUST-005252,2024-08-29,40.0,12,16.51,6,4,0.254,0.258,17.8,mobile,Silver,Gyeonggi,fashion,sms,Loyal
CUST-005253,2023-12-22,24.0,13,10.33,2,5,0.162,0.513,28.8,mobile,Basic,Gyeonggi,sports,email,Loyal
CUST-005254,2025-07-02,39.0,12,13.47,9,1,0.071,0.527,42.9,mobile,Basic,Gyeonggi,home,email,Bargain
CUST-005255,2025-12-24,60.0,12,18.93,2,3,0.185,0.494,20.4,mobile,Basic,Daegu,fashion,email|push|sms,Explorer
CUST-005256,2022-12-19,50.0,9,24.78,3,3,0.294,0.223,12.1,mobile,Silver,Daegu,beauty,sms,Explorer
CUST-005257,2022-06-01,32.0,12,7.5,5,1,0.112,0.368,23.7,mobile,Basic,Busan,home,sms,Bargain
CUST-005258,2024-10-15,19.0,7,20.69,5,1,0.083,0.277,4.1,mobile,Silver,Busan,home,email|sms,Explorer
CUST-005259,2026-05-15,31.0,8,18.79,7,0,0.368,0.637,31.4,desktop,Basic,Daejeon,electronics,sms,Bargain
CUST-005260,2022-03-18,44.0,5,21.78,5,10,0.203,0.514,10.8,mobile,Silver,Seoul,beauty,sms,Loyal
CUST-005261,2024-05-11,23.0,9,11.48,7,4,0.234,0.467,11.5,mobile,Basic,Seoul,beauty,push,Bargain
CUST-005262,2023-08-21,38.0,7,5.09,2,2,0.28,0.256,4.5,mobile,Basic,Daegu,fashion,push|sms,Bargain
CUST-005263,2025-06-10,37.0,6,17.12,6,3,0.136,0.435,13.1,desktop,Gold,Gyeonggi,electronics,email|push,Bargain
CUST-005264,2026-06-03,26.0,5,5.51,2,5,0.157,0.464,2.2,mobile,Basic,Daegu,home,push,Loyal
CUST-005265,2023-08-12,43.0,5,17.49,5,4,0.133,0.046,23.8,mobile,Silver,Gyeonggi,beauty,push|sms,Explorer
CUST-005266,2023-10-29,26.0,5,10.19,2,1,0.077,0.511,4.9,desktop,Basic,Seoul,fashion,email,Bargain
CUST-005267,2025-11-24,51.0,11,32.62,4,9,0.392,0.304,11.1,desktop,Silver,Gyeonggi,fashion,push|sms,Loyal
CUST-005268,2023-11-29,32.0,13,26.95,5,4,0.233,0.511,31.9,mobile,Silver,Seoul,beauty,sms,Bargain
CUST-005269,2024-10-27,47.0,9,13.31,4,3,0.052,0.723,7.7,desktop,Gold,Gyeonggi,fashion,push|sms,Bargain
CUST-005270,2024-12-15,36.0,6,23.51,4,3,0.435,0.279,19.8,mobile,Silver,Gyeonggi,home,push|sms,Explorer
CUST-005271,2025-01-03,32.0,10,23.21,4,4,0.064,0.754,29.4,mobile,Silver,Seoul,fashion,push,Explorer
CUST-005272,2023-11-16,39.0,13,28.97,7,8,0.126,0.777,8.6,mobile,Silver,Seoul,beauty,email|push,Bargain
CUST-005273,2022-02-15,28.0,10,15.9,7,5,0.18,0.725,8.8,mobile,Basic,Daejeon,electronics,sms,Bargain
CUST-005274,2022-06-03,25.0,10,24.94,7,3,0.108,0.415,5.9,mobile,Basic,Gyeonggi,fashion,email,Explorer
CUST-005275,2022-11-06,41.0,12,20.07,6,5,0.413,0.16,24.8,mobile,Basic,Seoul,fashion,email|sms,Explorer
CUST-005276,2022-01-10,50.0,9,40.38,7,7,0.147,0.387,1.9,desktop,Basic,Seoul,electronics,email,Explorer
CUST-005277,2025-10-08,38.0,15,16.04,8,3,0.103,0.334,6.0,desktop,Basic,Seoul,sports,email,Loyal
CUST-005278,2025-11-14,39.0,11,12.59,5,5,0.155,0.671,3.1,mobile,Basic,Gyeonggi,home,email,Loyal
CUST-005279,2022-08-11,36.0,12,29.64,11,4,0.221,0.639,5.7,mobile,Basic,Seoul,sports,email|push|sms,Bargain
CUST-005280,2024-03-20,34.0,11,11.4,5,4,0.077,0.726,12.7,mobile,Basic,Busan,fashion,push,Bargain
CUST-005281,2023-03-02,29.0,10,12.11,6,4,0.131,0.558,14.2,desktop,Gold,Daegu,beauty,push,Loyal
CUST-005282,2026-01-25,41.0,8,10.48,11,4,0.204,0.23,15.2,mobile,Basic,Daegu,beauty,email,Explorer
CUST-005283,2023-02-09,22.0,11,31.34,15,6,0.258,0.925,4.9,mobile,Basic,Busan,beauty,email|push,Bargain
CUST-005284,2022-07-18,25.0,10,21.76,2,6,0.164,0.658,10.4,tablet,Silver,Seoul,fashion,email,Loyal
CUST-005285,2022-11-14,37.0,10,17.21,7,1,0.182,0.585,12.3,mobile,Basic,Daegu,electronics,sms,Bargain
CUST-005286,2024-11-20,34.0,9,8.12,7,2,0.167,0.418,12.5,mobile,Gold,Gyeonggi,electronics,push,Bargain
CUST-005287,2024-06-01,44.0,13,43.85,9,2,0.288,0.513,5.2,mobile,Basic,Gyeonggi,electronics,sms,Explorer
CUST-005288,2022-12-10,44.0,5,19.17,7,5,0.176,0.308,3.8,mobile,Gold,Seoul,home,push,Explorer
CUST-005289,2022-08-10,49.0,8,11.1,6,4,0.045,0.336,13.6,desktop,Basic,Seoul,fashion,email|push,Loyal
CUST-005290,2024-11-16,20.0,4,22.47,2,2,0.391,0.195,20.7,mobile,Basic,Busan,fashion,email,Explorer
CUST-005291,2024-01-18,29.0,9,23.09,5,5,0.192,0.189,7.5,mobile,Silver,Daegu,fashion,email,Loyal
CUST-005292,2022-11-30,68.0,16,9.2,10,3,0.138,0.316,15.4,mobile,Silver,Gyeonggi,fashion,email,Bargain
CUST-005293,2023-10-16,46.0,12,31.88,6,8,0.159,0.442,8.2,desktop,Silver,Gyeonggi,sports,push,Explorer
CUST-005294,2024-12-14,18.0,6,37.6,3,1,0.215,0.555,6.2,desktop,Basic,Gyeonggi,home,push,Explorer
CUST-005295,2022-02-20,48.0,8,17.33,6,2,0.07,0.171,15.5,desktop,Basic,Daegu,fashion,email,Explorer
CUST-005296,2025-04-04,51.0,10,23.46,3,6,0.186,0.682,30.4,mobile,Basic,Busan,home,email,Bargain
CUST-005297,2026-05-26,25.0,8,2.86,8,5,0.286,0.337,23.8,desktop,Basic,Daejeon,beauty,email|push,Loyal
CUST-005298,2023-04-20,33.0,8,16.01,4,4,0.114,0.507,21.8,mobile,Gold,Seoul,beauty,push,Loyal
CUST-005299,2023-02-28,33.0,14,34.2,4,2,0.19,0.373,12.9,mobile,Gold,Busan,beauty,email,Loyal
CUST-005300,2026-04-13,32.0,7,22.0,10,0,0.108,0.725,1.6,mobile,Basic,Gyeonggi,sports,email,Explorer
CUST-005301,2026-06-19,25.0,10,32.94,7,8,0.155,0.387,26.6,mobile,Basic,Gyeonggi,electronics,push,Explorer
CUST-005302,2025-06-17,32.0,4,25.94,6,1,0.102,0.59,3.9,mobile,Gold,Daejeon,sports,sms,Explorer
CUST-005303,2024-08-09,52.0,9,13.6,5,3,0.111,0.465,11.8,mobile,Basic,Gyeonggi,sports,push,Bargain
CUST-005304,2025-04-15,32.0,10,6.75,3,3,0.108,0.414,21.6,desktop,Basic,Gyeonggi,fashion,email,Bargain
CUST-005305,2023-02-20,53.0,6,26.98,1,5,0.177,0.136,8.6,mobile,Basic,Gyeonggi,home,email|push,Explorer
CUST-005306,2024-01-29,39.0,12,17.56,4,5,0.182,0.216,16.7,mobile,Basic,Gyeonggi,fashion,push,Explorer
CUST-005307,2023-06-30,21.0,6,20.9,5,4,0.114,0.689,29.0,mobile,Basic,Gyeonggi,fashion,push,Explorer
CUST-005308,2022-05-19,36.0,5,14.58,6,4,0.263,0.563,9.8,mobile,Basic,Busan,electronics,push,Bargain
CUST-005309,2025-01-11,47.0,8,44.43,6,2,0.098,0.381,2.4,mobile,Silver,Seoul,beauty,push,Bargain
CUST-005310,2025-08-24,44.0,5,16.92,10,3,0.185,0.775,11.0,mobile,Basic,Seoul,fashion,sms,Bargain
CUST-005311,2022-03-23,31.0,7,8.46,5,1,0.059,0.428,3.4,mobile,Silver,Daegu,fashion,email,Bargain
CUST-005312,2022-05-26,46.0,12,26.41,5,3,0.265,0.633,5.2,mobile,Basic,Seoul,fashion,sms,Bargain
CUST-005313,2025-09-03,25.0,15,2.91,6,1,0.071,0.66,13.2,mobile,Basic,Daejeon,fashion,email|push|sms,Bargain
CUST-005314,2025-08-20,31.0,6,11.17,4,2,0.118,0.647,30.0,mobile,Basic,Daegu,fashion,sms,Bargain
CUST-005315,2022-07-23,37.0,16,4.53,5,5,0.227,0.48,7.6,mobile,Basic,Busan,beauty,email,Bargain
CUST-005316,2024-08-12,35.0,9,31.89,9,4,0.152,0.54,11.0,tablet,Basic,Busan,fashion,email|sms,Explorer
CUST-005317,2022-04-26,52.0,9,22.99,6,4,0.016,0.27,21.3,mobile,Silver,Seoul,beauty,push,Explorer
CUST-005318,2022-03-08,52.0,10,35.29,2,3,0.395,0.707,10.2,desktop,Silver,Seoul,home,email,Explorer
CUST-005319,2025-04-01,40.0,8,10.82,5,3,0.164,0.624,25.8,tablet,Gold,Seoul,sports,email,Loyal
CUST-005320,2024-07-27,49.0,5,23.6,7,1,0.123,0.45,8.4,mobile,Basic,Seoul,electronics,email,Explorer
CUST-005321,2024-05-07,25.0,6,36.7,6,1,0.428,0.752,8.7,desktop,Basic,Seoul,sports,email,Explorer
CUST-005322,2025-09-25,42.0,11,16.96,11,2,0.164,0.333,5.0,mobile,Basic,Gyeonggi,beauty,email,Explorer
CUST-005323,2024-03-10,34.0,14,49.11,13,1,0.105,0.615,6.2,mobile,Basic,Daegu,fashion,push,Explorer
CUST-005324,2024-06-18,18.0,10,38.24,5,2,0.271,0.184,16.2,desktop,Silver,Daegu,electronics,email|sms,Explorer
CUST-005325,2022-10-30,19.0,10,22.91,9,3,0.041,0.606,22.1,mobile,Silver,Daejeon,electronics,email|push|sms,Explorer
CUST-005326,2024-12-22,44.0,5,24.79,6,0,0.179,0.258,15.2,tablet,Basic,Seoul,home,email,Bargain
CUST-005327,2026-07-21,43.0,5,36.09,3,3,0.113,0.161,10.1,desktop,Basic,Seoul,sports,email,Explorer
CUST-005328,2024-09-24,29.0,7,23.85,8,4,0.408,0.419,11.2,mobile,Basic,Busan,beauty,email|sms,Bargain
CUST-005329,2022-02-21,36.0,10,13.25,8,6,0.137,0.178,5.8,mobile,Basic,Seoul,fashion,email|push,Bargain
CUST-005330,2023-03-17,38.0,7,18.44,6,6,0.215,0.445,12.4,mobile,Basic,Daegu,electronics,email|push|sms,Bargain
CUST-005331,2023-01-06,57.0,10,22.34,10,4,0.11,0.157,58.9,mobile,Basic,Daegu,electronics,push|sms,At_Risk
CUST-005332,2022-06-23,34.0,4,36.82,7,5,0.081,0.229,31.2,mobile,Basic,Daegu,home,email,Explorer
CUST-005333,2024-04-25,45.0,5,21.52,8,6,0.628,0.465,29.6,mobile,Basic,Gyeonggi,beauty,push,Bargain
CUST-005334,2023-02-20,39.0,10,41.81,7,4,0.319,0.512,19.1,mobile,Silver,Gyeonggi,fashion,push|sms,Bargain
CUST-005335,2024-03-29,51.0,6,11.93,7,3,0.023,0.506,11.3,desktop,Basic,Gyeonggi,electronics,push|sms,Explorer
CUST-005336,2022-05-25,36.0,12,9.96,8,4,0.145,0.261,12.1,mobile,Basic,Seoul,home,email|push,Bargain
CUST-005337,2023-01-08,37.0,12,10.62,4,4,0.139,0.496,3.7,mobile,Basic,Seoul,fashion,email,Bargain
CUST-005338,2023-06-17,50.0,8,14.46,5,2,0.061,0.584,5.5,mobile,Basic,Seoul,home,email|push|sms,Bargain
CUST-005339,2024-08-22,38.0,9,37.71,11,7,0.172,0.484,19.6,desktop,Silver,Seoul,sports,email,Explorer
CUST-005340,2025-12-14,55.0,6,14.7,7,4,0.029,0.374,5.0,mobile,Basic,Gyeonggi,fashion,email,Bargain
CUST-005341,2024-03-10,24.0,9,8.96,10,4,0.479,0.471,12.9,tablet,Gold,Daejeon,electronics,email|push|sms,Bargain
CUST-005342,2023-07-01,31.0,12,23.94,4,6,0.305,0.337,5.0,mobile,Basic,Gyeonggi,beauty,email,Explorer
CUST-005343,2025-07-01,31.0,11,14.25,5,3,0.096,0.197,19.0,mobile,Silver,Gyeonggi,electronics,email|push,Loyal
CUST-005344,2023-02-16,34.0,8,9.68,8,2,0.14,0.511,22.8,mobile,Gold,Daejeon,sports,email,Bargain
CUST-005345,2026-07-06,44.0,7,10.07,5,4,0.075,0.278,4.9,tablet,Silver,Daejeon,fashion,email|push|sms,Bargain
CUST-005346,2022-08-09,26.0,5,36.04,5,2,0.265,0.054,4.1,mobile,Basic,Seoul,beauty,push,Explorer
CUST-005347,2025-09-04,42.0,11,10.02,9,2,0.358,0.676,15.2,mobile,Silver,Gyeonggi,home,email,Bargain
CUST-005348,2022-09-10,30.0,9,8.93,6,5,0.196,0.611,4.7,mobile,Basic,Gyeonggi,home,email,Loyal
CUST-005349,2022-05-10,31.0,8,19.35,7,4,0.131,0.792,22.1,tablet,Basic,Daegu,sports,sms,Bargain
CUST-005350,2022-07-25,34.0,13,19.37,4,1,0.309,0.723,9.3,mobile,Gold,Gyeonggi,electronics,push,Bargain
CUST-005351,2026-03-06,28.0,13,7.62,5,6,0.052,0.583,1.8,mobile,Basic,Gyeonggi,home,email,Bargain
CUST-005352,2022-02-13,23.0,10,14.41,8,5,0.297,0.363,31.7,mobile,Basic,Gyeonggi,home,push,Explorer
CUST-005353,2023-12-04,39.0,8,10.28,7,5,0.236,0.211,1.6,desktop,Gold,Seoul,beauty,sms,Loyal
CUST-005354,2025-03-03,44.0,7,21.88,4,7,0.219,0.255,27.3,mobile,Silver,Seoul,fashion,push,Bargain
CUST-005355,2023-09-05,44.0,13,13.22,6,3,0.048,0.571,14.2,mobile,Gold,Gyeonggi,home,email,Loyal
CUST-005356,2025-09-26,25.0,8,19.45,7,3,0.062,0.161,16.5,mobile,Basic,Gyeonggi,beauty,push|sms,Explorer
CUST-005357,2024-11-25,51.0,8,15.5,10,3,0.277,0.625,3.7,mobile,Basic,Seoul,fashion,push,Bargain
CUST-005358,2022-02-26,53.0,9,24.3,4,2,0.154,0.508,6.7,desktop,Gold,Gyeonggi,electronics,push|sms,Bargain
CUST-005359,2025-10-22,25.0,6,11.6,10,2,0.178,0.025,39.4,desktop,Basic,Gyeonggi,home,email,Bargain
CUST-005360,2024-10-19,44.0,4,17.35,6,7,0.625,0.692,10.5,mobile,Silver,Seoul,fashion,push,Explorer
CUST-005361,2024-09-22,28.0,12,7.32,6,6,0.115,0.74,4.8,mobile,Gold,Busan,home,email|push|sms,Loyal
CUST-005362,2024-01-16,24.0,7,30.27,7,2,0.072,0.292,3.6,mobile,Basic,Gyeonggi,electronics,sms,Explorer
CUST-005363,2022-10-26,44.0,11,3.2,2,9,0.085,0.685,8.2,mobile,Silver,Busan,sports,email|push,Loyal
CUST-005364,2026-02-18,31.0,10,12.75,2,3,0.086,0.612,5.7,mobile,Silver,Gyeonggi,beauty,email,Loyal
CUST-005365,2023-02-14,31.0,6,20.44,6,4,0.199,0.637,4.9,mobile,Basic,Busan,electronics,push,Bargain
CUST-005366,2023-11-21,31.0,11,17.94,3,2,0.19,0.556,31.6,mobile,Basic,Gyeonggi,beauty,sms,Bargain
CUST-005367,2024-02-29,30.0,11,10.21,4,2,0.09,0.465,11.7,desktop,Basic,Gyeonggi,fashion,push|sms,Bargain
CUST-005368,2022-01-12,38.0,11,12.84,3,7,0.155,0.593,13.2,mobile,Basic,Daejeon,sports,push,Loyal
CUST-005369,2026-03-13,35.0,4,17.58,7,3,0.158,0.634,7.7,desktop,Basic,Daejeon,sports,email,Explorer
CUST-005370,2026-06-09,19.0,10,10.2,4,3,0.134,0.702,7.7,mobile,Silver,Seoul,beauty,email,Bargain
CUST-005371,2022-03-22,44.0,8,5.0,6,2,0.184,0.121,17.6,desktop,Basic,Gyeonggi,electronics,email,Bargain
CUST-005372,2022-08-14,46.0,6,44.07,8,3,0.284,0.167,4.8,mobile,Silver,Daejeon,fashion,email,Explorer
CUST-005373,2024-12-28,37.0,11,10.48,5,3,0.078,0.729,15.9,mobile,Gold,Busan,electronics,push,Bargain
CUST-005374,2024-08-24,30.0,8,12.2,7,2,0.038,0.735,28.7,mobile,Basic,Seoul,home,email|push|sms,Bargain
CUST-005375,2023-12-11,42.0,7,7.53,6,4,0.14,0.098,5.0,mobile,Gold,Seoul,home,email,Loyal
CUST-005376,2024-09-22,37.0,7,13.26,3,4,0.008,0.549,4.3,mobile,Silver,Daegu,home,push|sms,Loyal
CUST-005377,2024-05-25,32.0,10,7.2,5,4,0.41,0.464,6.5,mobile,Basic,Gyeonggi,home,email,Bargain
CUST-005378,2023-04-25,46.0,7,30.59,4,2,0.103,0.284,14.7,mobile,Basic,Seoul,home,email|push,Explorer
CUST-005379,2025-09-24,31.0,11,7.31,11,1,0.059,0.357,2.9,mobile,Basic,Gyeonggi,home,email,Bargain
CUST-005380,2023-04-25,33.0,8,40.18,5,6,0.046,0.473,5.4,mobile,Basic,Daegu,fashion,email,Explorer
CUST-005381,2022-09-22,54.0,8,18.11,5,2,0.072,0.674,11.9,tablet,Basic,Seoul,electronics,email,Explorer
CUST-005382,2025-12-22,51.0,6,24.2,7,6,0.118,0.43,12.7,mobile,Gold,Busan,fashion,email,Loyal
CUST-005383,2022-07-21,33.0,5,13.17,2,4,0.147,0.533,15.3,mobile,Basic,Daegu,fashion,email,Loyal
CUST-005384,2024-09-07,45.0,7,13.79,7,2,0.276,0.201,10.9,desktop,Silver,Daegu,beauty,push,Bargain
CUST-005385,2024-12-20,34.0,14,12.35,6,2,0.373,0.432,14.9,mobile,Gold,Gyeonggi,beauty,email|sms,Bargain
CUST-005386,2025-12-29,39.0,21,5.58,9,3,0.412,0.508,6.4,mobile,Silver,Gyeonggi,home,email|push,Bargain
CUST-005387,2022-06-06,40.0,12,9.09,9,2,0.128,0.59,22.1,mobile,Silver,Gyeonggi,electronics,push,Bargain
CUST-005388,2024-03-01,26.0,9,41.54,4,4,0.009,0.524,5.1,mobile,Silver,Seoul,fashion,email|push|sms,Explorer
CUST-005389,2022-11-24,30.0,5,26.44,3,3,0.505,0.699,5.3,desktop,Silver,Daegu,beauty,email|push|sms,Bargain
CUST-005390,2022-06-13,36.0,11,18.41,8,4,0.072,0.308,6.4,desktop,,Daejeon,sports,email,Loyal
CUST-005391,2024-11-06,42.0,3,16.61,6,5,0.161,0.691,11.9,mobile,Basic,Seoul,fashion,push|sms,Bargain
CUST-005392,2025-02-02,33.0,13,10.91,5,3,0.239,0.324,11.2,desktop,Basic,Seoul,home,push|sms,Bargain
CUST-005393,2022-04-01,38.0,11,19.46,3,3,0.356,0.461,17.5,mobile,Basic,Seoul,beauty,email|push|sms,Bargain
CUST-005394,2022-05-03,42.0,5,35.32,6,3,0.047,0.16,6.0,mobile,Basic,Busan,fashion,email|push|sms,Explorer
CUST-005395,2026-07-08,,14,20.75,4,1,0.112,0.287,3.0,mobile,Basic,Daejeon,beauty,email|push,Explorer
CUST-005396,2026-07-10,63.0,11,11.53,12,6,0.035,0.521,3.1,desktop,Basic,Gyeonggi,electronics,email,Bargain
CUST-005397,2026-03-29,44.0,8,7.59,8,4,0.2,0.065,4.0,desktop,Basic,Gyeonggi,home,push,Explorer
CUST-005398,2023-08-05,27.0,9,8.22,10,2,0.285,0.328,11.2,mobile,Basic,Seoul,electronics,email|push|sms,Bargain
CUST-005399,2026-05-03,19.0,10,19.58,3,6,0.199,0.394,0.9,desktop,Silver,Seoul,fashion,sms,Loyal
CUST-005400,2026-07-13,28.0,15,20.36,5,4,0.081,0.279,68.7,desktop,Basic,Daegu,fashion,push,At_Risk
CUST-005401,2026-03-04,43.0,13,11.32,4,1,0.306,0.278,5.3,desktop,Basic,Seoul,fashion,email,Explorer
CUST-005402,2024-03-11,33.0,13,15.74,4,3,0.18,0.461,3.6,mobile,Basic,Seoul,home,email|push,Bargain
CUST-005403,2024-01-23,42.0,8,60.95,5,3,0.294,0.45,3.4,desktop,Basic,Seoul,fashion,push,Explorer
CUST-005404,2025-07-03,45.0,8,14.09,5,2,0.248,0.075,4.7,desktop,Basic,Daejeon,home,push,Bargain
CUST-005405,2023-01-15,44.0,11,9.96,3,2,0.405,0.773,19.7,desktop,Basic,Daegu,home,push,Bargain
CUST-005406,2024-08-06,53.0,9,27.64,13,2,0.131,0.485,5.1,mobile,Silver,Seoul,electronics,sms,Explorer
CUST-005407,2022-05-20,34.0,8,16.06,5,2,0.068,0.411,13.6,desktop,Basic,Gyeonggi,beauty,email,Bargain
CUST-005408,2022-05-17,44.0,10,7.72,8,2,0.066,0.656,14.5,desktop,Basic,Busan,beauty,email,Bargain
CUST-005409,2024-01-10,46.0,7,13.34,8,7,0.085,0.764,27.7,mobile,Basic,Gyeonggi,beauty,email,Explorer
CUST-005410,2024-06-14,27.0,7,30.19,2,3,0.055,0.11,21.8,desktop,Basic,Seoul,beauty,push,Explorer
CUST-005411,2026-07-19,37.0,12,24.53,3,4,0.445,0.319,6.1,desktop,Gold,Daejeon,home,email|push,Bargain
CUST-005412,2024-12-13,40.0,12,6.66,4,2,0.196,0.538,2.6,mobile,Basic,Busan,fashion,email,Loyal
CUST-005413,2024-09-22,45.0,5,20.97,3,3,0.487,0.214,4.8,desktop,Gold,Gyeonggi,sports,email,Bargain
CUST-005414,2025-08-28,25.0,5,14.49,5,3,0.224,0.294,10.8,desktop,Silver,Gyeonggi,beauty,sms,Explorer
CUST-005415,2024-06-24,29.0,14,16.01,3,1,0.124,0.733,4.4,mobile,Basic,Gyeonggi,fashion,email|sms,Bargain
CUST-005416,2025-09-05,36.0,7,7.39,7,1,0.221,0.101,9.1,mobile,Gold,Gyeonggi,fashion,push|sms,Bargain
CUST-005417,2025-11-10,34.0,8,13.01,6,3,0.044,0.15,21.9,mobile,Silver,Gyeonggi,fashion,sms,Bargain
CUST-005418,2023-05-10,46.0,6,36.09,5,4,0.228,0.571,17.0,mobile,Basic,Gyeonggi,electronics,email,Explorer
CUST-005419,2025-04-06,36.0,8,9.31,8,1,0.269,0.58,16.0,desktop,Silver,Seoul,fashion,email,Bargain
CUST-005420,2026-04-20,30.0,4,42.59,11,2,0.162,0.826,1.2,desktop,Basic,Daejeon,home,email,Explorer
CUST-005421,2024-06-02,40.0,8,10.92,7,4,0.141,0.264,15.5,mobile,Basic,Daegu,home,push,Bargain
CUST-005422,2026-06-02,51.0,13,37.93,7,1,0.063,0.583,6.0,mobile,Basic,Seoul,beauty,email,Explorer
CUST-005423,2023-10-26,41.0,11,22.75,3,3,0.082,0.592,11.3,mobile,Basic,Gyeonggi,beauty,email,Bargain
CUST-005424,2025-09-29,42.0,7,17.81,8,9,0.195,0.445,14.1,desktop,Silver,Gyeonggi,fashion,email|push|sms,Loyal
CUST-005425,2023-11-28,42.0,14,22.47,4,4,0.028,0.139,12.6,mobile,Silver,Gyeonggi,beauty,email,Bargain
CUST-005426,2024-06-19,41.0,10,23.58,6,6,0.199,0.627,35.2,desktop,Basic,Daegu,sports,push,Bargain
CUST-005427,2024-11-11,30.0,10,19.75,8,4,0.17,0.766,14.6,mobile,Silver,Busan,fashion,sms,Bargain
CUST-005428,2025-04-10,35.0,12,25.33,2,4,0.017,0.42,9.1,desktop,Silver,Busan,home,email,Explorer
CUST-005429,2025-01-31,52.0,6,11.85,7,2,0.073,0.645,1.6,tablet,Silver,Daegu,home,email,Bargain
CUST-005430,2022-05-19,32.0,7,4.0,2,4,0.231,0.454,35.1,desktop,Gold,Seoul,fashion,push,At_Risk
CUST-005431,2023-11-09,39.0,8,17.44,6,8,0.424,0.744,37.2,mobile,Basic,Seoul,home,email,Explorer
CUST-005432,2024-01-27,18.0,13,9.44,3,2,0.045,0.415,10.8,desktop,Silver,Busan,home,email,Bargain
CUST-005433,2024-08-30,56.0,5,20.37,4,5,0.11,0.625,44.4,desktop,Silver,Seoul,fashion,email|push,At_Risk
CUST-005434,2023-11-10,49.0,8,19.38,8,6,0.113,0.669,14.1,desktop,Gold,Gyeonggi,beauty,push,Loyal
CUST-005435,2022-10-28,44.0,8,15.76,8,5,0.285,0.18,24.3,tablet,Silver,Gyeonggi,fashion,sms,Bargain
CUST-005436,2024-05-13,41.0,11,8.78,8,2,0.208,0.501,6.7,mobile,Silver,Seoul,fashion,email,Bargain
CUST-005437,2023-04-30,37.0,9,9.22,9,3,0.062,0.525,11.9,mobile,Basic,Seoul,fashion,email|push|sms,Explorer
CUST-005438,2022-12-27,34.0,12,12.1,9,1,0.231,0.667,7.0,tablet,Gold,Daegu,beauty,email|push|sms,Bargain
CUST-005439,2022-09-12,20.0,11,28.48,7,2,0.108,0.523,10.8,mobile,Gold,Seoul,home,email,Explorer
CUST-005440,2026-02-11,40.0,6,18.3,4,5,0.213,0.24,6.5,mobile,Silver,Gyeonggi,home,sms,Loyal
CUST-005441,2026-06-12,32.0,10,17.68,7,2,0.058,0.835,17.2,desktop,Basic,Daejeon,home,email|sms,Bargain
CUST-005442,2024-04-29,38.0,12,21.52,7,2,0.225,0.448,28.4,mobile,Basic,Busan,electronics,email,Bargain
CUST-005443,2024-04-23,56.0,8,12.79,6,4,0.269,0.354,2.8,mobile,Silver,Gyeonggi,beauty,email,Explorer
CUST-005444,2025-07-05,57.0,9,29.33,9,4,0.042,0.376,1.1,mobile,Gold,Busan,fashion,push,Explorer
CUST-005445,2022-04-17,44.0,12,29.91,8,2,0.242,0.593,14.0,mobile,Silver,Seoul,electronics,push,Explorer
CUST-005446,2026-06-26,45.0,10,18.91,8,2,0.468,0.856,33.0,mobile,Silver,Gyeonggi,electronics,email,Explorer
CUST-005447,2026-06-20,39.0,9,21.15,8,7,0.11,0.712,15.1,desktop,Basic,Gyeonggi,home,push|sms,Bargain
CUST-005448,2023-05-01,37.0,4,22.79,7,7,0.198,0.514,7.9,mobile,Basic,Seoul,home,push,Explorer
CUST-005449,2026-04-05,31.0,10,29.7,2,4,0.146,0.287,4.9,mobile,Basic,Busan,fashion,email,Bargain
CUST-005450,2022-02-09,31.0,9,19.53,1,6,0.063,0.381,7.2,desktop,Basic,Seoul,home,push,Bargain
CUST-005451,2026-03-29,33.0,9,10.0,8,4,0.342,0.723,3.9,mobile,Silver,Seoul,electronics,email|push|sms,Bargain
CUST-005452,2025-10-15,55.0,9,19.21,4,5,0.035,0.199,20.5,desktop,Basic,Seoul,sports,email,Explorer
CUST-005453,2023-05-06,24.0,7,7.67,7,6,0.443,0.481,7.9,mobile,Silver,Busan,home,sms,Bargain
CUST-005454,2025-04-26,70.0,8,16.25,7,2,0.136,0.444,15.0,mobile,Silver,Busan,fashion,email,Bargain
CUST-005455,2022-11-28,48.0,5,70.88,5,5,0.033,0.6,6.4,mobile,Silver,Seoul,beauty,email|sms,Explorer
CUST-005456,2025-08-25,28.0,7,268.14,2,3,0.087,0.614,6.3,desktop,Silver,Busan,fashion,email|sms,Bargain
CUST-005457,2023-01-24,38.0,10,15.85,12,4,0.242,0.697,11.3,desktop,Gold,Gyeonggi,home,push|sms,Bargain
CUST-005458,2024-01-23,35.0,5,22.18,7,1,0.216,0.698,1.1,mobile,Basic,Gyeonggi,fashion,push,Bargain
CUST-005459,2022-03-24,38.0,13,32.17,5,5,0.031,0.254,13.5,desktop,Basic,Seoul,sports,sms,Explorer
CUST-005460,2025-05-24,22.0,8,6.84,5,1,0.486,0.358,35.4,mobile,Silver,Daejeon,sports,email,Bargain
CUST-005461,2026-06-20,37.0,9,43.57,8,2,0.104,0.134,11.7,mobile,Silver,Daejeon,electronics,email|push|sms,Explorer
CUST-005462,2025-08-22,41.0,12,12.53,12,4,0.284,0.396,6.7,mobile,Basic,Seoul,fashion,email,Bargain
CUST-005463,2022-03-19,22.0,8,15.96,7,7,0.351,0.437,2.9,mobile,Gold,Daejeon,fashion,push,Bargain
CUST-005464,2022-06-28,44.0,12,19.56,4,3,0.115,0.859,24.4,tablet,Basic,Busan,home,sms,Bargain
CUST-005465,2024-12-16,49.0,9,27.07,4,3,0.19,0.384,5.0,mobile,Silver,Seoul,sports,email,Bargain
CUST-005466,2025-04-12,39.0,10,5.81,5,5,0.273,0.244,22.2,mobile,Basic,Seoul,home,email|push,Bargain
CUST-005467,2023-06-13,18.0,8,19.51,13,3,0.103,0.28,4.0,desktop,Basic,Gyeonggi,home,sms,Explorer
CUST-005468,2024-07-17,54.0,13,5.21,5,4,0.236,0.279,3.9,desktop,Basic,Busan,beauty,email,Bargain
CUST-005469,2025-12-21,42.0,8,19.98,7,2,0.322,0.383,15.7,tablet,Gold,Seoul,fashion,email,Bargain
CUST-005470,2024-01-17,37.0,12,11.53,9,1,0.138,0.835,14.6,tablet,Silver,Seoul,fashion,sms,Bargain
CUST-005471,2023-08-04,59.0,11,13.9,8,2,0.102,0.736,38.9,desktop,Silver,Busan,fashion,email,Bargain
CUST-005472,2022-09-25,42.0,5,8.66,2,1,0.273,0.81,0.6,desktop,Basic,Gyeonggi,electronics,email|push,Bargain
CUST-005473,2024-05-21,45.0,6,10.93,7,5,0.2,0.273,4.3,mobile,Gold,Gyeonggi,electronics,email,Loyal
CUST-005474,2024-06-17,19.0,7,9.22,6,6,0.107,0.274,33.8,mobile,Basic,Seoul,home,sms,At_Risk
CUST-005475,2023-11-22,18.0,6,12.81,3,3,0.184,0.571,7.2,mobile,Silver,Gyeonggi,sports,email,Loyal
CUST-005476,2024-07-19,35.0,10,25.81,4,12,0.182,0.602,5.2,desktop,Silver,Daejeon,electronics,email,Loyal
CUST-005477,2025-10-14,46.0,5,21.3,10,1,0.268,0.638,9.0,desktop,Gold,Seoul,fashion,email|push|sms,Bargain
CUST-005478,2023-12-26,47.0,11,5.84,8,5,0.473,0.238,23.3,desktop,Basic,Daejeon,fashion,email,Bargain
CUST-005479,2022-03-27,52.0,9,10.27,4,7,0.284,0.319,0.9,mobile,Silver,Seoul,fashion,email,Loyal
CUST-005480,2023-10-15,37.0,15,15.88,7,3,0.198,0.847,1.7,desktop,Silver,Daejeon,beauty,push,Bargain
CUST-005481,2023-02-11,53.0,8,14.3,9,2,0.21,0.635,2.5,mobile,Basic,Gyeonggi,sports,email|push,Explorer
CUST-005482,2025-12-01,37.0,5,28.07,5,4,0.182,0.38,16.4,mobile,Gold,Seoul,fashion,email,Explorer
CUST-005483,2026-05-06,60.0,8,7.0,1,4,0.406,0.155,8.1,desktop,Gold,Daegu,home,email,Bargain
CUST-005484,2023-11-03,35.0,13,22.51,5,2,0.078,0.321,15.2,tablet,Basic,Gyeonggi,fashion,push|sms,Explorer
CUST-005485,2023-02-01,45.0,8,15.82,9,6,0.047,0.192,6.4,mobile,Basic,Daejeon,electronics,email|push|sms,Loyal
CUST-005486,2025-03-15,18.0,11,11.17,6,6,0.275,0.355,24.2,mobile,Gold,Gyeonggi,electronics,sms,Loyal
CUST-005487,2022-04-02,48.0,12,3.43,4,2,0.116,0.482,21.4,mobile,Gold,Gyeonggi,home,email|sms,Bargain
CUST-005488,2025-04-22,53.0,15,6.32,10,3,0.083,0.608,24.7,mobile,Gold,Gyeonggi,home,email|push|sms,Bargain
CUST-005489,2023-08-27,38.0,9,36.68,8,5,0.127,0.423,6.7,mobile,Basic,Daejeon,fashion,push|sms,Bargain
CUST-005490,2025-08-06,50.0,9,9.69,10,4,0.283,0.525,3.4,desktop,Basic,Gyeonggi,beauty,email,Bargain
CUST-005491,2026-06-15,54.0,13,12.5,3,4,0.324,0.132,8.5,mobile,Silver,Seoul,beauty,push,Loyal
CUST-005492,2025-09-10,40.0,5,10.05,4,3,0.451,0.491,3.2,mobile,Basic,Daejeon,electronics,email|push,Bargain
CUST-005493,2024-04-07,47.0,15,24.62,4,3,0.291,0.551,17.4,mobile,Basic,Seoul,fashion,sms,Explorer
CUST-005494,2025-08-02,33.0,11,13.14,4,6,0.059,0.458,17.0,desktop,Basic,Daegu,electronics,push|sms,Loyal
CUST-005495,2023-05-02,46.0,13,22.3,3,4,0.13,0.483,8.4,mobile,Basic,Busan,sports,email,Bargain
CUST-005496,2023-03-17,43.0,11,8.65,7,2,0.14,0.474,27.2,mobile,Basic,Seoul,home,push|sms,Bargain
CUST-005497,2022-01-07,28.0,7,11.28,3,4,0.621,0.524,11.0,mobile,Basic,Gyeonggi,home,email,Bargain
CUST-005498,2022-07-15,24.0,13,10.45,4,3,0.276,0.153,5.6,mobile,Gold,Gyeonggi,sports,push|sms,Loyal
CUST-005499,2024-08-23,48.0,8,28.6,3,4,0.22,0.332,1.5,mobile,Basic,Busan,home,sms,Loyal
CUST-005500,2026-06-14,50.0,8,21.81,5,4,0.097,0.426,11.1,desktop,Silver,Busan,electronics,sms,Explorer
CUST-005501,2025-04-27,36.0,9,10.06,9,6,0.199,0.368,5.0,tablet,Basic,Daegu,electronics,push,Explorer
CUST-005502,2022-09-14,35.0,7,36.31,9,2,0.042,0.289,2.7,desktop,Gold,Gyeonggi,beauty,email|push,Explorer
CUST-005503,2025-10-31,52.0,9,26.56,11,5,0.094,0.236,1.0,mobile,Silver,Busan,sports,email,Bargain
CUST-005504,2022-09-02,30.0,9,32.78,5,5,0.113,0.348,6.2,mobile,Gold,Seoul,fashion,push,Explorer
CUST-005505,2026-06-16,38.0,7,6.98,6,2,0.089,0.739,8.9,mobile,Silver,Seoul,electronics,push,Bargain
CUST-005506,2024-03-01,43.0,7,39.25,6,6,0.178,0.633,3.0,tablet,Basic,Seoul,beauty,email|sms,Explorer
CUST-005507,2024-01-17,57.0,5,6.37,8,2,0.236,0.54,7.9,mobile,Silver,Seoul,beauty,sms,Bargain
CUST-005508,2025-11-23,36.0,5,28.7,10,4,0.233,0.227,6.0,desktop,Gold,Seoul,electronics,push,Explorer
CUST-005509,2024-06-12,43.0,8,18.49,6,7,0.045,0.569,2.7,mobile,Basic,Gyeonggi,home,email|sms,Explorer
CUST-005510,2023-08-30,37.0,5,23.89,7,3,0.223,0.33,13.2,mobile,Basic,Busan,beauty,push,Bargain
CUST-005511,2024-04-24,37.0,11,10.21,4,3,0.225,0.51,16.4,mobile,Silver,Busan,home,email,Loyal
CUST-005512,2026-07-16,40.0,7,31.86,6,2,0.329,0.436,8.4,mobile,Basic,Gyeonggi,sports,email,Explorer
CUST-005513,2025-10-16,45.0,7,24.45,3,1,0.22,0.058,10.7,mobile,Silver,Busan,beauty,sms,Bargain
CUST-005514,2024-10-01,44.0,10,4.09,6,3,0.044,0.558,8.5,desktop,Silver,Gyeonggi,fashion,email,Bargain
CUST-005515,2024-04-26,40.0,8,10.46,6,5,0.19,0.405,19.1,mobile,Basic,Daegu,beauty,sms,Bargain
CUST-005516,2022-07-26,33.0,8,24.0,5,5,0.085,0.567,15.3,mobile,Silver,Gyeonggi,electronics,push|sms,Explorer
CUST-005517,2026-04-13,57.0,2,18.07,4,3,0.341,0.201,7.2,desktop,Basic,Gyeonggi,home,push|sms,At_Risk
CUST-005518,2025-09-22,31.0,12,28.08,7,2,0.206,0.424,31.2,mobile,Basic,Daejeon,fashion,email|sms,Bargain
CUST-005519,2025-01-26,38.0,14,11.51,7,5,0.105,0.763,7.1,desktop,Gold,Daegu,sports,push|sms,Bargain
CUST-005520,2023-07-24,38.0,11,9.4,7,5,0.145,0.542,20.7,tablet,Silver,Gyeonggi,fashion,email,Bargain
CUST-005521,2025-12-05,42.0,7,14.48,5,1,0.088,0.595,11.3,mobile,Silver,Seoul,electronics,email,Bargain
CUST-005522,2025-03-15,43.0,11,10.75,4,4,0.06,0.784,3.7,desktop,Basic,Gyeonggi,electronics,push,Bargain
CUST-005523,2022-06-06,34.0,7,14.0,7,2,0.23,0.141,14.5,mobile,Basic,Seoul,beauty,sms,Explorer
CUST-005524,2024-08-12,48.0,14,25.73,8,3,0.11,0.191,19.9,mobile,Basic,Busan,beauty,push,Bargain
CUST-005525,2024-02-21,34.0,11,25.52,6,2,0.01,0.28,12.0,desktop,Silver,Gyeonggi,fashion,sms,Bargain
CUST-005526,2026-05-15,25.0,7,16.42,6,4,0.353,0.174,4.2,mobile,Basic,Seoul,beauty,email|push|sms,Bargain
CUST-005527,2023-08-27,31.0,7,17.14,6,4,0.197,0.241,4.4,mobile,Basic,Seoul,electronics,email|push,Explorer
CUST-005528,2025-02-10,52.0,6,7.14,5,5,0.077,0.652,14.5,mobile,Silver,Daejeon,beauty,email|push,Bargain
CUST-005529,2025-08-15,45.0,7,4.57,10,4,0.06,0.536,24.5,mobile,Basic,Gyeonggi,beauty,sms,Bargain
CUST-005530,2026-07-25,25.0,9,32.26,9,4,0.072,0.176,11.5,desktop,Basic,Daejeon,electronics,push,Explorer
CUST-005531,2025-03-10,28.0,8,16.24,6,6,0.249,0.228,2.5,mobile,Basic,Daejeon,beauty,email|push|sms,Loyal
CUST-005532,2022-08-08,39.0,10,4.09,8,3,0.206,0.378,5.5,desktop,Basic,Busan,electronics,push,Bargain
CUST-005533,2022-04-17,30.0,4,9.87,12,2,0.073,0.324,3.2,mobile,Silver,Gyeonggi,sports,push|sms,Bargain
CUST-005534,2026-01-12,39.0,15,10.93,6,6,0.133,0.188,8.4,desktop,Silver,Busan,beauty,push|sms,Loyal
CUST-005535,2022-12-01,45.0,7,23.45,7,3,0.264,0.115,35.1,desktop,Silver,Seoul,fashion,push|sms,Explorer
CUST-005536,2023-08-11,41.0,6,14.27,7,8,0.176,0.484,8.0,desktop,Basic,Seoul,sports,email,Loyal
CUST-005537,2024-07-04,19.0,8,33.67,3,9,0.243,0.569,15.9,desktop,Basic,Seoul,beauty,email|push|sms,Explorer
CUST-005538,2023-01-12,42.0,12,14.39,3,3,0.058,0.138,1.6,desktop,Basic,Gyeonggi,fashion,email,Explorer
CUST-005539,2025-07-31,30.0,6,7.63,7,5,0.202,0.302,16.5,mobile,Basic,Seoul,electronics,sms,Explorer
CUST-005540,2022-10-09,41.0,9,35.67,8,2,0.424,0.382,5.0,mobile,Silver,Daegu,fashion,sms,Explorer
CUST-005541,2023-07-20,46.0,9,18.07,10,2,0.025,0.706,19.7,tablet,Basic,Daejeon,beauty,email|sms,Bargain
CUST-005542,2022-10-27,42.0,5,27.41,7,3,0.327,0.219,19.3,mobile,Basic,Gyeonggi,home,email,Explorer
CUST-005543,2026-07-27,31.0,9,19.31,7,2,0.21,0.189,30.7,mobile,Basic,Seoul,fashion,push|sms,Bargain
CUST-005544,2022-05-14,31.0,13,33.92,5,3,0.034,0.285,12.6,mobile,Silver,Seoul,beauty,email|push|sms,Explorer
CUST-005545,2026-06-07,51.0,8,12.21,4,5,0.387,0.331,31.1,mobile,Basic,Daegu,beauty,sms,Loyal
CUST-005546,2025-04-17,40.0,12,25.52,3,4,0.021,0.487,14.3,desktop,Silver,Daegu,sports,sms,Loyal
CUST-005547,2026-07-06,37.0,9,8.09,5,5,0.116,0.408,19.8,desktop,Basic,Busan,fashion,sms,Bargain
CUST-005548,2023-02-10,70.0,9,14.96,7,2,0.28,0.325,6.9,mobile,Basic,Daegu,sports,email|push,Bargain
CUST-005549,2025-05-31,33.0,7,56.84,8,2,0.31,0.155,31.8,mobile,Basic,Seoul,electronics,sms,Explorer
CUST-005550,2026-03-03,42.0,14,11.44,13,4,0.219,0.28,25.6,mobile,,Busan,beauty,sms,Bargain
CUST-005551,2022-08-26,36.0,10,36.87,8,1,0.215,0.213,6.3,mobile,Silver,Daegu,home,email|sms,Explorer
CUST-005552,2026-02-09,43.0,9,25.42,5,5,0.09,0.56,19.9,mobile,Silver,Seoul,beauty,email|push|sms,Explorer
CUST-005553,2025-08-22,28.0,9,7.24,7,1,0.16,0.419,2.3,mobile,Basic,Busan,beauty,email|push,Explorer
CUST-005554,2024-06-29,34.0,7,22.05,8,2,0.091,0.591,27.3,desktop,Silver,Seoul,sports,email,Bargain
CUST-005555,2025-09-22,49.0,8,33.39,9,3,0.309,0.741,9.3,mobile,Silver,Gyeonggi,electronics,email|sms,Explorer
CUST-005556,2024-10-07,41.0,7,23.28,10,5,0.249,0.209,41.9,desktop,Silver,Seoul,beauty,email,Bargain
CUST-005557,2023-03-20,39.0,10,14.59,5,6,0.378,0.052,21.3,mobile,Gold,Seoul,fashion,push,Loyal
CUST-005558,2026-03-12,43.0,10,24.38,3,4,0.284,0.662,10.6,mobile,Basic,Daegu,electronics,email|push,Explorer
CUST-005559,2025-07-06,29.0,9,35.72,4,1,0.209,0.355,6.3,desktop,Basic,Daejeon,sports,push,Explorer
CUST-005560,2022-12-29,18.0,7,14.82,5,4,0.101,0.362,10.6,desktop,Basic,Gyeonggi,beauty,email,Bargain
CUST-005561,2022-09-13,42.0,11,35.54,3,6,0.066,0.335,7.3,mobile,Basic,Seoul,sports,email|push,Explorer
CUST-005562,2023-08-25,31.0,6,32.79,8,5,0.301,0.31,7.9,desktop,Basic,Gyeonggi,beauty,email|sms,Bargain
CUST-005563,2025-01-10,34.0,14,12.13,5,2,0.167,0.176,15.3,desktop,Gold,Busan,beauty,sms,Explorer
CUST-005564,2025-05-31,44.0,10,5.77,4,4,0.024,0.513,4.1,mobile,Basic,Busan,beauty,email,Loyal
CUST-005565,2025-01-02,58.0,10,21.92,6,2,0.244,0.498,29.0,desktop,Basic,Busan,fashion,email|sms,Bargain
CUST-005566,2022-03-19,37.0,12,39.58,9,9,0.107,0.582,7.9,desktop,Basic,Daejeon,beauty,push,Loyal
CUST-005567,2024-02-25,44.0,13,9.06,3,3,0.15,0.543,55.2,mobile,Silver,Seoul,electronics,push,Bargain
CUST-005568,2024-01-07,39.0,8,15.5,9,3,0.45,0.113,30.8,mobile,Silver,Gyeonggi,electronics,email|sms,Explorer
CUST-005569,2022-05-17,52.0,11,39.91,1,1,0.244,0.178,16.2,desktop,Basic,Busan,sports,email|push,Explorer
CUST-005570,2024-06-06,34.0,7,35.39,4,5,0.212,0.701,31.6,desktop,Gold,Gyeonggi,electronics,email,Bargain
CUST-005571,2022-12-29,58.0,9,12.06,1,2,0.239,0.517,12.4,mobile,Basic,Busan,home,email,Bargain
CUST-005572,2026-05-03,34.0,7,13.97,4,3,0.058,0.436,9.6,desktop,Basic,Busan,home,email|push|sms,Explorer
CUST-005573,2026-05-01,42.0,7,25.75,7,8,0.331,0.923,4.3,mobile,Basic,Seoul,fashion,email,Bargain
CUST-005574,2026-02-26,31.0,8,8.79,5,7,0.358,0.524,18.7,mobile,Gold,Daejeon,beauty,email|sms,Bargain
CUST-005575,2025-04-13,70.0,14,33.1,9,5,0.27,0.8,23.4,mobile,Basic,Gyeonggi,fashion,push,Explorer
CUST-005576,2023-12-13,41.0,5,24.82,6,2,0.054,0.26,11.6,desktop,Silver,Gyeonggi,home,email|sms,Explorer
CUST-005577,2025-10-18,45.0,7,25.16,5,3,0.06,0.299,37.7,desktop,Silver,Daejeon,beauty,email|sms,Bargain
CUST-005578,2024-11-21,29.0,9,6.35,7,7,0.112,0.155,3.4,desktop,Basic,Seoul,electronics,email,Loyal
CUST-005579,2023-11-08,36.0,9,17.81,10,4,0.093,0.079,15.7,mobile,Silver,Gyeonggi,sports,email|push,Bargain
CUST-005580,2022-12-02,45.0,8,9.55,7,3,0.118,0.457,2.3,mobile,Gold,Gyeonggi,electronics,email|sms,Loyal
CUST-005581,2024-12-18,37.0,11,14.91,2,6,0.038,0.665,11.2,mobile,Silver,Seoul,beauty,email|sms,Bargain
CUST-005582,2024-05-05,37.0,5,19.61,11,3,0.224,0.57,2.5,mobile,Basic,Gyeonggi,fashion,push,Bargain
CUST-005583,2022-11-23,41.0,4,21.24,9,9,0.028,0.303,15.0,mobile,Basic,Daejeon,home,email|sms,Explorer
CUST-005584,2024-11-24,27.0,11,26.28,4,3,0.066,0.24,10.9,mobile,Basic,Busan,beauty,push,Explorer
CUST-005585,2022-12-17,25.0,11,15.11,7,3,0.23,0.374,1.5,mobile,Silver,Daegu,fashion,email,Bargain
CUST-005586,2022-09-19,38.0,7,10.77,5,5,0.182,0.445,16.6,tablet,Silver,Gyeonggi,home,push,Loyal
CUST-005587,2022-08-12,48.0,8,17.4,10,1,0.252,0.354,16.5,mobile,Basic,Gyeonggi,fashion,email,Bargain
CUST-005588,2026-07-25,60.0,13,14.23,6,8,0.085,0.225,7.5,desktop,Basic,Busan,home,push|sms,Bargain
CUST-005589,2026-02-01,42.0,9,24.54,5,3,0.079,0.666,6.4,desktop,Basic,Daejeon,electronics,email,Explorer
CUST-005590,2023-08-07,45.0,8,30.49,3,5,0.065,0.508,20.7,desktop,Basic,Daegu,beauty,email,Explorer
CUST-005591,2025-08-14,48.0,15,17.54,2,4,0.069,0.537,1.6,mobile,Basic,Busan,fashion,push,Loyal
CUST-005592,2023-01-18,31.0,5,26.82,3,4,0.009,0.331,44.5,desktop,Gold,Busan,fashion,push|sms,Explorer
CUST-005593,2025-11-26,46.0,11,19.46,7,5,0.041,0.208,2.0,mobile,Gold,Gyeonggi,fashion,email,Explorer
CUST-005594,2026-04-21,61.0,10,18.79,8,5,0.075,0.745,16.3,desktop,Gold,Daejeon,sports,email|push,Bargain
CUST-005595,2024-04-10,31.0,11,10.13,4,4,0.172,0.242,20.0,mobile,Basic,Busan,fashion,email,Explorer
CUST-005596,2022-12-27,30.0,9,2.0,4,1,0.049,0.57,13.5,mobile,Basic,Gyeonggi,electronics,email,Bargain
CUST-005597,2022-08-30,40.0,9,25.21,5,6,0.032,0.194,4.4,mobile,Gold,Gyeonggi,home,email|push|sms,Loyal
CUST-005598,2026-05-04,30.0,6,7.25,7,3,0.236,0.197,3.0,mobile,Basic,Daejeon,home,email,Bargain
CUST-005599,2026-02-14,31.0,5,44.19,5,4,0.079,0.563,17.9,mobile,Basic,Gyeonggi,electronics,email|sms,Explorer
CUST-005600,2024-07-03,33.0,5,12.29,8,5,0.036,0.417,7.9,mobile,Gold,Seoul,fashion,email,Bargain
CUST-005601,2023-01-15,26.0,13,12.04,6,5,0.203,0.814,16.8,desktop,Basic,Daejeon,sports,email,Bargain
CUST-005602,2025-11-26,38.0,7,22.05,8,3,0.446,0.42,8.1,mobile,Gold,Gyeonggi,fashion,push,Bargain
CUST-005603,2026-04-29,43.0,14,23.5,5,6,0.057,0.366,3.2,mobile,Basic,Gyeonggi,sports,push,Explorer
CUST-005604,2023-05-09,18.0,11,26.57,7,6,0.147,0.171,8.3,mobile,Basic,Gyeonggi,fashion,push,Explorer
CUST-005605,2026-02-27,28.0,11,59.42,6,5,0.146,0.514,10.0,mobile,Basic,Gyeonggi,beauty,push,Explorer
CUST-005606,2026-04-28,40.0,7,20.73,7,4,0.199,0.615,10.7,mobile,Silver,Daejeon,beauty,email,Bargain
CUST-005607,2022-01-22,34.0,10,36.8,6,2,0.485,0.421,11.5,mobile,Silver,Seoul,fashion,email|push|sms,Explorer
CUST-005608,2023-06-02,56.0,12,17.91,5,5,0.109,0.41,31.9,tablet,Gold,Seoul,beauty,sms,Loyal
CUST-005609,2025-07-30,38.0,10,12.69,6,9,0.236,0.149,13.6,desktop,Basic,Seoul,sports,email,Loyal
CUST-005610,2025-01-18,33.0,11,32.2,9,1,0.141,0.291,8.3,tablet,Basic,Busan,fashion,email|push,Bargain
CUST-005611,2024-11-01,42.0,5,21.78,4,4,0.032,0.096,4.6,desktop,Basic,Seoul,fashion,push|sms,Bargain
CUST-005612,2025-02-15,37.0,16,8.81,5,1,0.154,0.372,14.9,tablet,Silver,Gyeonggi,home,email|push,Bargain
CUST-005613,2026-05-30,37.0,16,18.81,4,4,0.207,0.596,0.7,mobile,Basic,Seoul,beauty,email|sms,Explorer
CUST-005614,2023-06-10,42.0,10,16.41,7,2,0.405,0.489,6.3,tablet,Basic,Busan,beauty,push,Explorer
CUST-005615,2022-01-22,49.0,6,14.99,5,1,0.114,0.331,35.6,tablet,Basic,Seoul,fashion,email,At_Risk
CUST-005616,2022-03-17,40.0,12,13.67,5,4,0.266,0.401,19.0,mobile,Basic,Gyeonggi,fashion,push,Explorer
CUST-005617,2022-11-11,55.0,11,36.84,9,5,0.141,0.626,6.1,desktop,Silver,Seoul,beauty,email,Loyal
CUST-005618,2022-02-10,61.0,6,9.58,6,2,0.499,0.132,7.0,desktop,Basic,Busan,home,email,Bargain
CUST-005619,2022-01-28,32.0,6,17.1,4,3,0.147,0.339,12.0,mobile,Silver,Seoul,beauty,sms,Bargain
CUST-005620,2023-11-10,37.0,12,67.68,7,7,0.318,0.733,18.7,mobile,Silver,Daejeon,fashion,email,Explorer
CUST-005621,2025-10-06,44.0,12,15.41,7,4,0.226,0.362,10.5,mobile,Basic,Seoul,home,email,Bargain
CUST-005622,2022-07-22,61.0,10,21.21,4,4,0.052,0.166,4.7,desktop,Basic,Gyeonggi,home,email,Loyal
CUST-005623,2024-10-08,46.0,6,40.46,5,3,0.199,0.912,21.3,mobile,Basic,Seoul,home,email,Bargain
CUST-005624,2024-09-23,18.0,5,41.05,7,1,0.047,0.46,1.3,mobile,Silver,Busan,fashion,email|push|sms,Explorer
CUST-005625,2025-01-28,48.0,9,11.04,13,2,0.044,0.618,7.0,desktop,Basic,Daegu,sports,push,Bargain
CUST-005626,2022-04-27,42.0,9,23.9,7,3,0.318,0.669,14.8,mobile,Basic,Daegu,sports,email,Bargain
CUST-005627,2022-06-29,56.0,6,13.61,10,6,0.049,0.25,9.1,mobile,Silver,Daejeon,home,push,Bargain
CUST-005628,2023-12-20,60.0,11,27.19,8,2,0.102,0.536,13.9,desktop,Silver,Seoul,sports,push|sms,Explorer
CUST-005629,2023-07-23,44.0,9,5.14,5,5,0.185,0.529,10.2,mobile,Silver,Gyeonggi,beauty,email|push|sms,Loyal
CUST-005630,2024-03-17,49.0,9,30.7,5,1,0.117,0.738,27.0,mobile,Basic,Gyeonggi,home,email,Bargain
CUST-005631,2024-04-28,69.0,7,7.39,7,6,0.212,0.071,2.0,mobile,Basic,Seoul,sports,email|sms,Explorer
CUST-005632,2026-07-16,34.0,8,32.88,5,6,0.234,0.575,3.3,mobile,Basic,Busan,home,sms,Explorer
CUST-005633,2026-05-28,,7,21.5,5,4,0.037,0.354,41.8,mobile,Silver,Gyeonggi,sports,email,Explorer
CUST-005634,2024-01-23,32.0,7,14.78,7,4,0.383,0.474,3.8,desktop,Basic,Gyeonggi,beauty,push,Bargain
CUST-005635,2024-09-06,28.0,8,15.72,6,5,0.01,0.281,8.6,mobile,Basic,Gyeonggi,sports,email|sms,Loyal
CUST-005636,2024-10-26,22.0,4,14.99,11,7,0.096,0.532,21.2,mobile,Basic,Seoul,beauty,sms,Bargain
CUST-005637,2022-07-05,47.0,6,17.64,4,7,0.005,0.349,18.9,mobile,Basic,Gyeonggi,beauty,email,Loyal
CUST-005638,2024-02-19,52.0,8,25.71,7,8,0.309,0.324,6.9,mobile,Basic,Seoul,fashion,push,Loyal
CUST-005639,2025-05-04,24.0,9,2.15,6,5,0.069,0.604,31.6,mobile,Silver,Gyeonggi,electronics,email,Bargain
CUST-005640,2026-04-19,18.0,7,15.66,5,5,0.11,0.872,3.2,tablet,Silver,Daejeon,home,email|push,Loyal
CUST-005641,2022-02-24,37.0,12,46.97,5,5,0.389,0.386,11.8,tablet,Basic,Seoul,beauty,push|sms,Explorer
CUST-005642,2024-11-08,37.0,5,12.24,9,6,0.294,0.652,8.8,mobile,Basic,Daegu,home,email|push,Explorer
CUST-005643,2023-10-26,45.0,6,16.39,6,3,0.267,0.517,11.0,tablet,Basic,Gyeonggi,sports,email|sms,Explorer
CUST-005644,2024-12-27,34.0,9,41.45,5,4,0.272,0.581,11.6,mobile,Basic,Seoul,beauty,email|sms,Bargain
CUST-005645,2022-11-03,31.0,12,33.04,6,7,0.081,0.529,25.2,mobile,Basic,Seoul,electronics,email|push,Explorer
CUST-005646,2025-07-18,38.0,11,27.27,6,5,0.175,0.684,5.9,mobile,Silver,Busan,sports,push|sms,Bargain
CUST-005647,2022-05-07,47.0,9,14.79,8,2,0.205,0.248,6.8,mobile,Silver,Seoul,beauty,sms,Bargain
CUST-005648,2025-01-22,36.0,10,11.33,7,3,0.148,0.635,13.2,desktop,Basic,Gyeonggi,sports,email|push,Bargain
CUST-005649,2026-06-05,46.0,10,27.66,7,2,0.151,0.418,5.7,mobile,Silver,Seoul,home,email,Explorer
CUST-005650,2024-11-22,50.0,11,17.93,2,3,0.292,0.321,7.0,mobile,Basic,Busan,home,sms,Explorer
CUST-005651,2022-12-23,43.0,9,25.75,6,4,0.165,0.458,15.5,mobile,Basic,Gyeonggi,fashion,email|push,Explorer
CUST-005652,2023-10-18,29.0,10,24.82,4,8,0.097,0.715,3.7,mobile,Silver,Busan,electronics,sms,Bargain
CUST-005653,2026-03-11,48.0,5,30.21,7,0,0.426,0.428,21.9,mobile,Basic,Daejeon,fashion,push,Bargain
CUST-005654,2023-06-16,48.0,12,9.59,1,1,0.091,0.272,25.3,desktop,Basic,Gyeonggi,fashion,email|push,Explorer
CUST-005655,2023-12-16,28.0,10,19.38,7,3,0.111,0.614,2.8,mobile,Basic,Daegu,fashion,email|push,Bargain
CUST-005656,2025-05-17,54.0,11,26.32,9,5,0.134,0.82,12.6,mobile,Basic,Daejeon,fashion,email|push|sms,Bargain
CUST-005657,2025-11-23,36.0,10,26.06,6,4,0.052,0.343,24.6,mobile,Silver,Gyeonggi,home,push,Bargain
CUST-005658,2022-09-19,26.0,8,6.61,8,4,0.058,0.249,8.9,desktop,Silver,Seoul,fashion,push,Loyal
CUST-005659,2025-04-19,48.0,11,48.01,12,4,0.114,0.485,13.2,desktop,Basic,Seoul,fashion,sms,Bargain
CUST-005660,2026-07-27,36.0,7,28.7,4,8,0.218,0.39,23.6,mobile,Basic,Seoul,fashion,email|sms,Loyal
CUST-005661,2023-06-01,27.0,11,16.88,5,3,0.017,0.172,21.1,desktop,Basic,Gyeonggi,sports,push,Explorer
CUST-005662,2026-07-05,31.0,6,36.33,4,1,0.021,0.331,6.6,mobile,Basic,Daegu,beauty,email|push|sms,Explorer
CUST-005663,2025-02-26,55.0,13,26.41,6,5,0.35,0.441,6.7,mobile,Silver,Seoul,fashion,email,Explorer
CUST-005664,2025-02-11,59.0,3,7.62,11,3,0.079,0.724,6.4,desktop,Silver,Daejeon,beauty,email|push|sms,Bargain
CUST-005665,2023-02-15,50.0,14,6.51,7,3,0.103,0.665,20.7,mobile,Silver,Seoul,beauty,email,Bargain
CUST-005666,2024-08-07,31.0,10,12.96,5,5,0.32,0.782,19.8,desktop,Silver,Daegu,home,email|sms,Bargain
CUST-005667,2024-11-10,50.0,9,20.4,4,0,0.292,0.379,8.9,mobile,Silver,Seoul,beauty,email|sms,Bargain
CUST-005668,2024-05-17,32.0,5,22.91,3,3,0.135,0.416,28.8,mobile,Basic,Daegu,home,email,Explorer
CUST-005669,2022-03-16,35.0,11,7.9,8,8,0.067,0.396,19.6,desktop,Silver,Gyeonggi,fashion,push,Loyal
CUST-005670,2026-05-24,49.0,12,31.75,7,1,0.356,0.219,25.9,mobile,Gold,Busan,electronics,email|push|sms,Explorer
CUST-005671,2025-08-04,27.0,9,16.75,7,2,0.044,0.407,29.4,mobile,Silver,Daejeon,electronics,sms,Bargain
CUST-005672,2023-01-26,61.0,11,16.34,7,6,0.202,0.489,15.5,tablet,Basic,Gyeonggi,electronics,email|push|sms,Explorer
CUST-005673,2022-02-18,37.0,10,6.67,5,3,0.104,0.244,22.5,mobile,Gold,Daejeon,home,sms,Loyal
CUST-005674,2026-01-08,36.0,7,28.62,4,1,0.019,0.278,32.5,mobile,Gold,Busan,fashion,email|push|sms,Bargain
CUST-005675,2023-06-02,36.0,11,35.43,6,2,0.099,0.693,11.2,mobile,Gold,Gyeonggi,sports,push,Bargain
CUST-005676,2022-04-03,40.0,11,24.78,6,6,0.143,0.259,19.9,mobile,Basic,Busan,fashion,email,Loyal
CUST-005677,2025-03-25,49.0,8,8.16,6,5,0.169,0.474,3.3,mobile,Silver,Gyeonggi,electronics,sms,Bargain
CUST-005678,2023-07-22,52.0,6,18.36,6,4,0.027,0.207,5.5,desktop,Gold,Busan,electronics,sms,Loyal
CUST-005679,2022-11-14,40.0,7,13.43,6,5,0.173,0.529,17.9,desktop,Basic,Busan,electronics,email|push,Explorer
CUST-005680,2026-07-16,19.0,4,20.32,6,5,0.396,0.505,15.4,mobile,Basic,Busan,home,email,Bargain
CUST-005681,2025-01-03,25.0,6,10.99,6,3,0.425,0.498,8.1,mobile,Gold,Daegu,sports,email|sms,Explorer
CUST-005682,2022-08-11,46.0,4,22.74,7,8,0.12,0.186,16.2,mobile,Silver,Busan,fashion,push,Bargain
CUST-005683,2026-01-02,50.0,10,7.34,4,1,0.234,0.438,3.5,mobile,Silver,Gyeonggi,fashion,sms,Bargain
CUST-005684,2022-08-17,57.0,8,27.35,6,2,0.032,0.768,15.8,mobile,Basic,Daejeon,fashion,push|sms,Bargain
CUST-005685,2023-12-11,37.0,9,15.64,8,4,0.081,0.398,14.2,desktop,Basic,Gyeonggi,beauty,push,Loyal
CUST-005686,2023-10-11,21.0,6,13.31,4,2,0.191,0.269,10.3,mobile,Basic,Seoul,home,push,Explorer
CUST-005687,2023-12-10,19.0,12,32.8,5,7,0.095,0.235,27.5,mobile,Silver,Daegu,beauty,push,Explorer
CUST-005688,2022-11-29,40.0,6,15.67,4,6,0.139,0.536,2.7,mobile,Basic,Daejeon,beauty,email|push|sms,Loyal
CUST-005689,2025-11-13,,14,7.87,2,1,0.064,0.62,8.4,mobile,Gold,Gyeonggi,electronics,email|sms,Bargain
CUST-005690,2024-12-18,44.0,9,14.72,9,3,0.289,0.271,10.7,desktop,Basic,Seoul,home,email,Bargain
CUST-005691,2023-04-18,49.0,6,20.65,5,6,0.384,0.448,6.7,mobile,Basic,Gyeonggi,home,sms,Bargain
CUST-005692,2024-03-13,41.0,10,18.07,9,6,0.377,0.246,3.0,mobile,Basic,Busan,electronics,email,Explorer
CUST-005693,2023-03-20,25.0,10,19.75,8,5,0.14,0.592,19.5,desktop,Basic,Daejeon,home,push,Bargain
CUST-005694,2022-04-07,44.0,10,14.1,9,3,0.158,0.833,7.5,desktop,Silver,Daegu,electronics,email|push|sms,Bargain
CUST-005695,2023-10-03,36.0,13,17.92,4,5,0.108,0.272,8.2,tablet,Basic,Daegu,beauty,sms,Loyal
CUST-005696,2024-07-14,29.0,9,17.23,10,2,0.066,0.342,25.0,mobile,Silver,Gyeonggi,home,email|push,Bargain
CUST-005697,2022-11-04,37.0,11,13.31,3,4,0.088,0.187,3.5,mobile,Gold,Seoul,beauty,sms,Loyal
CUST-005698,2025-04-17,45.0,3,14.6,4,4,0.181,0.479,7.1,desktop,Basic,Daegu,electronics,email,Explorer
CUST-005699,2022-11-16,47.0,6,29.45,12,8,0.07,0.683,8.2,desktop,Silver,Gyeonggi,sports,email|push|sms,Bargain
CUST-005700,2023-08-14,52.0,11,15.43,5,4,0.282,0.24,8.8,mobile,Gold,Seoul,beauty,email|sms,Explorer
CUST-005701,2024-08-01,20.0,8,29.56,4,3,0.177,0.588,17.4,tablet,Basic,Daegu,electronics,sms,Bargain
CUST-005702,2024-01-11,37.0,6,50.77,8,3,0.191,0.39,2.7,mobile,Gold,Daegu,electronics,email,Bargain
CUST-005703,2023-06-27,42.0,14,22.09,3,2,0.587,0.818,15.0,mobile,Basic,Gyeonggi,sports,email|push|sms,Bargain
CUST-005704,2024-05-17,38.0,8,41.26,5,6,0.155,0.741,11.9,mobile,Silver,Seoul,home,email|push,Explorer
CUST-005705,2022-02-14,22.0,11,39.56,14,6,0.369,0.336,7.2,mobile,Gold,Gyeonggi,fashion,email|push,Bargain
CUST-005706,2023-10-20,47.0,7,22.07,6,2,0.161,0.784,6.1,desktop,Basic,Seoul,sports,sms,Bargain
CUST-005707,2024-06-27,35.0,11,15.09,8,9,0.054,0.341,18.0,desktop,Basic,Busan,beauty,email,Loyal
CUST-005708,2022-03-08,34.0,9,23.23,4,4,0.006,0.593,20.3,mobile,Silver,Daejeon,fashion,email,Loyal
CUST-005709,2025-07-05,45.0,12,13.03,6,7,0.064,0.593,14.4,mobile,Silver,Seoul,beauty,email|push|sms,Loyal
CUST-005710,2022-02-22,30.0,9,38.89,5,7,0.348,0.425,10.0,mobile,Silver,Seoul,sports,email,Explorer
CUST-005711,2026-04-11,29.0,9,40.35,10,4,0.159,0.14,10.9,mobile,Silver,Gyeonggi,electronics,push,Explorer
CUST-005712,2025-06-12,24.0,10,48.64,7,6,0.34,0.596,22.0,mobile,Basic,Gyeonggi,home,email|push,Explorer
CUST-005713,2023-04-15,38.0,8,25.43,7,4,0.12,0.654,4.1,mobile,Gold,Gyeonggi,home,email,Bargain
CUST-005714,2024-01-16,31.0,11,10.95,5,3,0.204,0.509,6.0,mobile,Basic,Daejeon,sports,push,Explorer
CUST-005715,2026-03-15,24.0,9,21.38,10,3,0.224,0.506,18.3,mobile,Gold,Seoul,beauty,email,Bargain
CUST-005716,2022-09-29,20.0,13,5.71,7,3,0.474,0.486,9.8,desktop,Basic,Seoul,fashion,email,Bargain
CUST-005717,2026-04-23,35.0,7,9.92,7,8,0.203,0.608,3.8,desktop,Basic,Seoul,beauty,email,Bargain
CUST-005718,2022-07-02,41.0,8,29.39,14,5,0.111,0.118,17.7,mobile,Basic,Gyeonggi,beauty,push|sms,Explorer
CUST-005719,2023-10-24,37.0,13,29.88,6,0,0.211,0.401,16.4,tablet,Silver,Seoul,sports,push,Bargain
CUST-005720,2025-11-22,48.0,9,43.69,4,7,0.102,0.396,6.9,desktop,Basic,Gyeonggi,beauty,email|push,Explorer
CUST-005721,2025-11-09,60.0,10,17.05,4,6,0.2,0.486,11.4,mobile,Silver,Seoul,electronics,push,Explorer
CUST-005722,2022-02-15,49.0,4,20.86,9,3,0.178,0.519,3.1,mobile,Silver,Gyeonggi,fashion,push,Bargain
CUST-005723,2025-06-04,35.0,8,22.96,6,2,0.342,0.768,2.2,mobile,Basic,Seoul,fashion,email|sms,Explorer
CUST-005724,2024-07-31,44.0,8,26.66,6,2,0.043,0.711,7.1,mobile,Gold,Gyeonggi,home,email,Bargain
CUST-005725,2023-09-09,19.0,11,13.1,6,4,0.322,0.827,9.4,desktop,Basic,Seoul,sports,email|push,Bargain
CUST-005726,2023-01-06,34.0,8,31.97,9,7,0.422,0.31,12.2,mobile,Basic,Busan,fashion,email,Loyal
CUST-005727,2024-02-19,36.0,13,18.51,4,7,0.079,0.497,33.4,mobile,Basic,Daegu,electronics,sms,Loyal
CUST-005728,2023-01-01,56.0,12,18.85,6,3,0.166,0.542,22.4,mobile,Basic,Seoul,beauty,push,Explorer
CUST-005729,2022-03-20,29.0,10,18.83,5,3,0.166,0.516,17.1,mobile,Silver,Busan,sports,email|sms,Bargain
CUST-005730,2022-09-19,36.0,9,25.35,5,8,0.31,0.196,30.8,mobile,Gold,Daegu,beauty,push,Explorer
CUST-005731,2023-05-26,33.0,5,15.43,7,1,0.378,0.378,1.9,mobile,Gold,Daejeon,sports,push,Bargain
CUST-005732,2024-07-10,23.0,4,26.99,5,2,0.04,0.442,9.9,mobile,Basic,Seoul,fashion,email,Explorer
CUST-005733,2025-02-12,23.0,6,10.72,5,8,0.121,0.394,2.1,mobile,Silver,Seoul,sports,email,Loyal
CUST-005734,2022-08-25,40.0,13,11.79,6,2,0.373,0.431,14.7,mobile,Basic,Gyeonggi,home,email,Bargain
CUST-005735,2024-06-22,43.0,6,19.08,4,2,0.088,0.241,58.6,desktop,Gold,Daejeon,electronics,email,Bargain
CUST-005736,2024-08-30,42.0,9,6.83,8,3,0.263,0.124,6.4,desktop,Gold,Busan,electronics,email|push|sms,Explorer
CUST-005737,2024-01-07,34.0,6,15.54,9,3,0.113,0.365,5.3,mobile,Basic,Seoul,home,sms,Explorer
CUST-005738,2022-04-15,22.0,17,3.19,4,2,0.168,0.187,4.1,desktop,Silver,Daegu,beauty,push,Loyal
CUST-005739,2024-05-23,20.0,9,25.77,3,3,0.287,0.664,7.6,tablet,Basic,Gyeonggi,fashion,email,Explorer
CUST-005740,2024-07-29,40.0,13,18.52,5,2,0.247,0.268,17.8,mobile,Basic,Daejeon,electronics,email|push,Bargain
CUST-005741,2025-07-31,46.0,10,17.96,4,3,0.208,0.536,7.3,tablet,Basic,Seoul,electronics,push,Explorer
CUST-005742,2026-04-07,39.0,7,10.11,2,8,0.25,0.545,1.3,mobile,Silver,Seoul,home,push|sms,Loyal
CUST-005743,2026-05-14,39.0,8,8.45,7,3,0.014,0.241,12.6,mobile,Gold,Daegu,beauty,email|push,Loyal
CUST-005744,2026-02-26,32.0,7,10.29,5,2,0.014,0.815,4.9,mobile,Silver,Daegu,electronics,email,Bargain
CUST-005745,2024-12-31,25.0,11,8.53,4,1,0.168,0.442,13.9,mobile,Basic,Busan,sports,email,Bargain
CUST-005746,2023-02-02,42.0,8,14.56,9,1,0.182,0.659,2.4,mobile,Gold,Busan,fashion,email|push|sms,Bargain
CUST-005747,2025-04-13,35.0,7,15.13,5,2,0.112,0.743,14.1,mobile,Basic,Daejeon,beauty,push,Explorer
CUST-005748,2026-01-25,37.0,10,24.76,8,8,0.246,0.15,3.6,desktop,Gold,Seoul,sports,push|sms,Loyal
CUST-005749,2023-06-18,37.0,14,38.45,5,3,0.149,0.443,21.4,desktop,Basic,Gyeonggi,sports,push,Explorer
CUST-005750,2025-05-24,29.0,8,15.08,7,8,0.032,0.372,14.5,mobile,Basic,Gyeonggi,fashion,push,Bargain
CUST-005751,2026-04-21,35.0,8,21.06,6,6,0.139,0.451,20.0,tablet,Gold,Gyeonggi,beauty,sms,Loyal
CUST-005752,2024-11-16,40.0,8,73.21,7,5,0.045,0.332,11.9,mobile,Basic,Busan,home,sms,Explorer
CUST-005753,2024-05-24,42.0,11,10.58,6,2,0.241,0.298,12.1,desktop,Gold,Busan,home,email,Loyal
CUST-005754,2024-12-18,26.0,9,6.47,9,4,0.244,0.792,20.7,tablet,Basic,Busan,sports,email|push|sms,Bargain
CUST-005755,2024-10-22,33.0,13,28.72,13,6,0.175,0.662,17.0,desktop,Silver,Daegu,fashion,email|sms,Explorer
CUST-005756,2025-02-10,42.0,9,21.17,3,5,0.169,0.171,30.1,tablet,Silver,Gyeonggi,home,sms,Explorer
CUST-005757,2025-08-12,53.0,15,12.92,7,7,0.362,0.486,16.6,mobile,Silver,Seoul,fashion,email|sms,Bargain
CUST-005758,2023-01-19,39.0,8,8.53,5,7,0.066,0.176,6.7,mobile,Basic,Busan,beauty,push,Loyal
CUST-005759,2022-08-29,29.0,12,12.55,1,3,0.122,0.622,11.7,mobile,Basic,Seoul,electronics,email|push|sms,Explorer
CUST-005760,2024-11-08,42.0,8,30.64,5,3,0.142,0.694,12.2,mobile,Silver,Seoul,sports,push,Explorer
CUST-005761,2023-11-16,43.0,8,43.77,6,5,0.557,0.404,12.1,mobile,Silver,Gyeonggi,fashion,push,Bargain
CUST-005762,2024-04-12,43.0,14,12.43,3,2,0.189,0.153,9.4,mobile,Silver,Gyeonggi,fashion,push,Bargain
CUST-005763,2025-01-20,45.0,15,12.2,4,4,0.146,0.282,4.5,tablet,Basic,Daejeon,beauty,push,Loyal
CUST-005764,2023-01-03,31.0,9,9.3,8,2,0.292,0.314,13.9,mobile,Basic,Seoul,electronics,email|sms,Bargain
CUST-005765,2024-05-19,28.0,11,20.14,2,4,0.284,0.668,4.3,mobile,Basic,Gyeonggi,fashion,sms,Bargain
CUST-005766,2024-09-04,19.0,10,18.54,5,4,0.19,0.341,17.7,mobile,Silver,Daegu,electronics,push,Explorer
CUST-005767,2025-01-13,33.0,7,14.48,7,0,0.04,0.5,22.8,mobile,Silver,Seoul,fashion,email,Bargain
CUST-005768,2025-04-14,35.0,10,12.62,10,2,0.023,0.708,12.1,desktop,Basic,Busan,beauty,sms,Bargain
CUST-005769,2024-05-04,57.0,12,15.74,8,3,0.194,0.683,15.5,mobile,Basic,Busan,electronics,push,Bargain
CUST-005770,2023-04-09,31.0,10,16.81,8,5,0.034,0.212,14.0,desktop,Basic,Busan,fashion,email,Bargain
CUST-005771,2023-06-26,27.0,9,16.06,6,5,0.277,0.392,4.8,desktop,Silver,Gyeonggi,electronics,push,Bargain
CUST-005772,2024-08-21,25.0,9,11.17,6,1,0.07,0.666,17.5,mobile,Silver,Seoul,fashion,email|sms,Bargain
CUST-005773,2025-04-24,35.0,12,25.16,4,4,0.192,0.273,24.0,desktop,Gold,Seoul,fashion,email|push,Explorer
CUST-005774,2025-04-22,22.0,8,26.76,4,3,0.063,0.76,12.1,mobile,Basic,Gyeonggi,home,push,Explorer
CUST-005775,2025-06-06,33.0,8,14.06,7,2,0.222,0.577,16.3,tablet,Basic,Busan,fashion,email,Bargain
CUST-005776,2024-01-06,37.0,12,33.2,3,5,0.323,0.142,5.5,mobile,Silver,Busan,sports,sms,Explorer
CUST-005777,2026-03-15,47.0,6,42.58,5,2,0.026,0.141,5.5,desktop,Basic,Gyeonggi,fashion,push|sms,Explorer
CUST-005778,2023-05-07,56.0,11,20.4,9,4,0.272,0.841,4.2,mobile,Basic,Busan,beauty,push|sms,Bargain
CUST-005779,2024-12-26,24.0,5,22.34,6,7,0.091,0.758,15.4,mobile,Silver,Seoul,fashion,email|push|sms,Bargain
CUST-005780,2023-09-15,18.0,8,9.89,7,2,0.331,0.467,29.0,mobile,Basic,Busan,sports,sms,Explorer
CUST-005781,2025-06-29,41.0,10,9.09,9,6,0.412,0.333,11.5,tablet,Gold,Gyeonggi,home,sms,Loyal
CUST-005782,2025-10-16,18.0,11,15.95,4,7,0.026,0.408,4.2,desktop,Basic,Seoul,home,sms,Loyal
CUST-005783,2023-06-15,31.0,12,12.99,11,4,0.073,0.426,16.8,mobile,Basic,Busan,sports,email|push|sms,Bargain
CUST-005784,2024-02-02,39.0,5,5.33,7,4,0.126,0.472,17.7,desktop,Silver,Busan,sports,email|sms,Loyal
CUST-005785,2023-07-03,31.0,9,3.24,6,2,0.022,0.516,13.8,mobile,Silver,Seoul,fashion,push,Bargain
CUST-005786,2026-03-01,29.0,6,8.7,5,4,0.038,0.536,29.4,mobile,Basic,Seoul,sports,email,Bargain
CUST-005787,2022-04-11,37.0,12,12.98,6,7,0.06,0.281,23.6,mobile,Basic,Daejeon,home,email,Explorer
CUST-005788,2025-12-30,31.0,8,10.7,6,4,0.09,0.672,15.6,mobile,Basic,Seoul,fashion,email|sms,Bargain
CUST-005789,2024-05-08,36.0,9,21.17,6,4,0.157,0.461,9.2,desktop,Basic,Gyeonggi,fashion,push|sms,Explorer
CUST-005790,2025-10-18,55.0,8,2.89,7,6,0.011,0.42,9.8,mobile,Silver,Gyeonggi,electronics,push,Loyal
CUST-005791,2022-07-16,39.0,12,10.89,8,3,0.068,0.232,18.4,desktop,Basic,Gyeonggi,fashion,email|push|sms,Explorer
CUST-005792,2024-11-23,22.0,9,24.05,6,2,0.122,0.757,10.7,mobile,Silver,Seoul,home,email,Bargain
CUST-005793,2025-11-02,37.0,10,20.01,8,2,0.195,0.394,28.0,mobile,Silver,Seoul,fashion,push,Bargain
CUST-005794,2022-07-10,45.0,11,21.87,5,3,0.072,0.411,7.8,mobile,Basic,Daegu,electronics,push,Explorer
CUST-005795,2023-03-22,50.0,11,21.31,7,4,0.084,0.247,9.0,desktop,Silver,Seoul,electronics,email|push|sms,Loyal
CUST-005796,2023-05-31,55.0,11,32.63,10,6,0.359,0.491,8.7,desktop,Basic,Gyeonggi,electronics,email,Explorer
CUST-005797,2022-02-08,42.0,8,23.07,4,5,0.268,0.554,17.2,mobile,Basic,Seoul,beauty,sms,Explorer
CUST-005798,2025-10-30,38.0,6,4.66,7,8,0.5,0.211,4.8,desktop,Silver,Daegu,beauty,push,Loyal
CUST-005799,2025-05-04,62.0,3,8.27,7,2,0.134,0.343,14.0,mobile,Basic,Busan,electronics,push,Bargain
CUST-005800,2023-02-24,28.0,8,15.56,9,4,0.145,0.161,24.0,desktop,Basic,Seoul,beauty,push,Explorer
CUST-005801,2023-09-29,46.0,11,14.58,3,0,0.23,0.43,7.9,mobile,Gold,Seoul,beauty,email,Bargain
CUST-005802,2025-11-04,30.0,8,29.42,4,4,0.081,0.228,17.2,mobile,Basic,Busan,beauty,push,Bargain
CUST-005803,2023-09-15,33.0,12,26.09,6,2,0.131,0.26,33.5,tablet,Basic,Seoul,home,email,Explorer
CUST-005804,2026-03-19,34.0,11,14.14,3,6,0.189,0.587,30.5,mobile,Gold,Seoul,sports,email,Bargain
CUST-005805,2024-10-17,22.0,9,33.62,8,8,0.151,0.186,7.0,mobile,Basic,Busan,fashion,email,Loyal
CUST-005806,2026-03-13,45.0,12,2.27,5,5,0.127,0.454,7.0,desktop,Basic,Daegu,beauty,sms,Explorer
CUST-005807,2023-04-16,25.0,12,11.61,6,7,0.124,0.08,12.8,mobile,Silver,Seoul,beauty,email,Loyal
CUST-005808,2022-02-15,56.0,7,15.84,6,2,0.045,0.624,38.5,desktop,Basic,Seoul,home,push,Explorer
CUST-005809,2025-11-01,24.0,7,15.51,6,3,0.166,0.437,2.9,mobile,Basic,Gyeonggi,fashion,email,Explorer
CUST-005810,2023-04-13,26.0,10,35.72,7,2,0.169,0.427,4.2,desktop,Basic,Gyeonggi,home,push,Bargain
CUST-005811,2022-09-11,40.0,12,13.16,1,3,0.225,0.832,3.5,desktop,Basic,Seoul,electronics,push,Bargain
CUST-005812,2024-11-14,50.0,5,42.26,8,4,0.106,0.19,8.5,mobile,Basic,Daegu,fashion,push|sms,Explorer
CUST-005813,2025-08-05,20.0,9,37.83,5,1,0.269,0.255,4.7,mobile,Gold,Gyeonggi,home,email,Bargain
CUST-005814,2024-04-23,65.0,8,32.13,4,2,0.464,0.413,11.2,mobile,Gold,Daegu,beauty,push,Explorer
CUST-005815,2023-01-20,59.0,8,16.34,5,4,0.365,0.62,12.9,mobile,Gold,Seoul,fashion,email,Bargain
CUST-005816,2023-05-23,49.0,10,10.39,5,6,0.11,0.844,33.8,mobile,Silver,Busan,home,email,Bargain
CUST-005817,2023-06-01,23.0,7,40.57,4,3,0.078,0.423,7.9,desktop,Basic,Gyeonggi,electronics,push,Explorer
CUST-005818,2025-02-02,18.0,8,41.58,6,5,0.219,0.615,28.6,mobile,Basic,Gyeonggi,home,email,Explorer
CUST-005819,2025-03-16,28.0,11,24.78,7,4,0.032,0.178,10.6,mobile,Basic,Seoul,fashion,email|push,Explorer
CUST-005820,2023-08-14,53.0,9,35.0,5,5,0.198,0.448,15.5,desktop,Basic,Busan,fashion,sms,Explorer
CUST-005821,2025-08-31,35.0,9,5.11,13,2,0.156,0.385,5.7,mobile,Basic,Busan,home,push,Bargain
CUST-005822,2022-06-07,43.0,7,34.32,10,0,0.247,0.069,5.3,desktop,Basic,Daegu,fashion,email,Bargain
CUST-005823,2025-12-23,27.0,15,17.15,6,9,0.569,0.125,7.6,desktop,Gold,Seoul,fashion,push,Loyal
CUST-005824,2023-06-10,44.0,11,24.75,6,4,0.19,0.775,7.7,mobile,Basic,Gyeonggi,home,email|push,Bargain
CUST-005825,2022-01-17,21.0,11,41.28,5,3,0.381,0.124,11.0,desktop,Gold,Daegu,electronics,push,Explorer
CUST-005826,2024-05-11,31.0,5,34.31,5,2,0.149,0.757,24.0,desktop,Gold,Gyeonggi,fashion,email|sms,Explorer
CUST-005827,2025-09-11,18.0,13,20.17,6,3,0.094,0.544,7.8,mobile,Basic,Gyeonggi,electronics,sms,Explorer
CUST-005828,2024-02-01,52.0,6,17.24,14,4,0.027,0.49,17.9,mobile,Basic,Busan,sports,push,Bargain
CUST-005829,2024-01-15,38.0,6,14.54,9,4,0.084,0.261,8.2,mobile,Basic,Gyeonggi,fashion,push|sms,Loyal
CUST-005830,2023-12-28,35.0,5,35.15,3,5,0.067,0.342,8.0,desktop,Basic,Busan,fashion,email,Explorer
CUST-005831,2025-04-09,21.0,9,10.26,6,5,0.134,0.151,3.5,desktop,Silver,Seoul,home,push,Loyal
CUST-005832,2025-06-03,20.0,7,20.75,9,1,0.051,0.62,11.6,mobile,Basic,Seoul,electronics,push,Explorer
CUST-005833,2026-02-12,46.0,14,19.05,3,7,0.015,0.243,3.9,desktop,Basic,Daejeon,sports,push,Loyal
CUST-005834,2026-07-10,35.0,7,23.68,7,1,0.375,0.324,10.5,mobile,Silver,Daegu,beauty,email|sms,Bargain
CUST-005835,2023-01-25,45.0,14,13.78,3,4,0.18,0.319,9.7,mobile,Silver,Daejeon,electronics,email|push,Explorer
CUST-005836,2022-05-08,38.0,6,14.28,7,6,0.151,0.492,31.8,mobile,Basic,Seoul,sports,email|push,Bargain
CUST-005837,2024-10-25,38.0,10,18.62,4,2,0.029,0.168,13.3,mobile,Silver,Gyeonggi,home,email|push,Explorer
CUST-005838,2025-03-06,47.0,9,11.11,0,4,0.178,0.428,39.5,mobile,Basic,Seoul,electronics,sms,Explorer
CUST-005839,2024-05-17,32.0,9,31.15,5,6,0.112,0.374,7.7,mobile,Gold,Gyeonggi,fashion,push|sms,Loyal
CUST-005840,2024-07-21,62.0,6,5.8,8,5,0.025,0.631,3.5,mobile,Basic,Gyeonggi,fashion,email,Bargain
CUST-005841,2025-06-02,47.0,9,19.43,3,2,0.105,0.179,9.2,mobile,Basic,Daegu,home,push,Loyal
CUST-005842,2026-07-26,49.0,10,17.75,8,3,0.043,0.351,22.4,mobile,Silver,Daejeon,home,email,Explorer
CUST-005843,2025-05-14,37.0,9,23.3,4,3,0.159,0.408,28.4,mobile,Basic,Seoul,sports,push,Bargain
CUST-005844,2022-10-01,31.0,6,17.08,3,4,0.303,0.333,25.8,desktop,Silver,Seoul,sports,sms,Explorer
CUST-005845,2023-04-03,48.0,9,18.45,5,3,0.245,0.577,16.9,desktop,Silver,Daegu,electronics,sms,Bargain
CUST-005846,2026-06-14,43.0,5,32.4,9,3,0.13,0.768,23.4,mobile,Basic,Daegu,electronics,push,Bargain
CUST-005847,2022-07-17,46.0,9,56.62,6,7,0.079,0.783,10.7,desktop,Gold,Seoul,home,push,Explorer
CUST-005848,2025-08-14,60.0,8,14.81,7,4,0.248,0.609,34.8,desktop,Silver,Busan,fashion,email,Explorer
CUST-005849,2023-12-17,40.0,11,25.85,8,2,0.094,0.296,4.2,desktop,Basic,Gyeonggi,sports,email|push,Bargain
CUST-005850,2024-04-06,36.0,7,22.22,4,5,0.198,0.373,27.9,mobile,Basic,Busan,fashion,email|sms,Explorer
CUST-005851,2023-09-12,46.0,11,14.84,4,1,0.309,0.572,19.0,mobile,Basic,Daegu,beauty,email,Bargain
CUST-005852,2022-08-09,28.0,8,20.92,8,4,0.561,0.558,20.0,tablet,Gold,Gyeonggi,electronics,email,Explorer
CUST-005853,2022-06-26,35.0,6,15.9,11,0,0.3,0.49,16.3,desktop,Silver,Gyeonggi,sports,push,Explorer
CUST-005854,2025-12-01,34.0,11,18.17,3,2,0.193,0.724,22.0,mobile,Basic,Gyeonggi,fashion,push,Bargain
CUST-005855,2022-02-06,25.0,10,12.35,6,3,0.155,0.698,6.1,mobile,Basic,Daejeon,beauty,email,Bargain
CUST-005856,2025-07-21,33.0,11,13.92,6,4,0.216,0.284,12.1,desktop,Basic,Busan,electronics,push,Explorer
CUST-005857,2025-03-29,43.0,8,10.83,6,4,0.039,0.157,4.2,mobile,Basic,Seoul,beauty,email|sms,Explorer
CUST-005858,2026-04-21,46.0,10,21.36,5,3,0.212,0.821,19.1,desktop,Silver,Seoul,beauty,email|sms,Bargain
CUST-005859,2023-01-16,43.0,14,19.71,10,6,0.101,0.409,16.4,desktop,Silver,Seoul,beauty,sms,Bargain
CUST-005860,2024-04-02,23.0,7,16.48,8,5,0.041,0.321,7.5,mobile,Gold,Daegu,electronics,push,Loyal
CUST-005861,2023-04-09,42.0,4,21.75,3,2,0.356,0.386,27.3,mobile,Basic,Gyeonggi,home,email|sms,Bargain
CUST-005862,2024-02-08,57.0,9,11.58,6,2,0.205,0.801,5.7,desktop,Basic,Busan,sports,email|push|sms,Bargain
CUST-005863,2024-09-12,18.0,14,18.43,5,0,0.189,0.63,35.6,desktop,Basic,Daejeon,beauty,push,Explorer
CUST-005864,2022-03-07,45.0,4,7.85,5,4,0.033,0.862,3.6,mobile,Silver,Daegu,electronics,email,Bargain
CUST-005865,2025-06-29,38.0,9,18.84,6,7,0.181,0.259,18.3,mobile,Basic,Seoul,sports,push,Explorer
CUST-005866,2023-06-03,38.0,12,12.03,5,2,0.239,0.223,24.3,desktop,Gold,Daejeon,beauty,sms,Bargain
CUST-005867,2026-05-22,45.0,12,25.56,8,3,0.398,0.364,12.4,mobile,Basic,Daejeon,beauty,email,Explorer
CUST-005868,2024-11-10,19.0,9,27.96,6,3,0.264,0.561,7.8,mobile,Basic,Gyeonggi,home,sms,Explorer
CUST-005869,2024-08-31,45.0,4,37.57,7,5,0.406,0.362,8.3,desktop,Basic,Gyeonggi,fashion,push|sms,Explorer
CUST-005870,2024-05-02,57.0,7,48.69,5,8,0.214,0.252,20.0,desktop,Basic,Gyeonggi,sports,push,Explorer
CUST-005871,2025-06-18,22.0,9,11.39,5,2,0.256,0.498,20.3,mobile,Silver,Gyeonggi,beauty,email|push|sms,Bargain
CUST-005872,2025-01-28,44.0,2,15.71,8,5,0.351,0.352,9.6,desktop,Basic,Gyeonggi,sports,push|sms,Bargain
CUST-005873,2024-02-15,41.0,13,16.65,7,6,0.047,0.215,18.5,desktop,Basic,Seoul,fashion,push|sms,Explorer
CUST-005874,2023-10-18,33.0,8,28.42,10,5,0.218,0.274,3.4,mobile,Basic,Seoul,beauty,email|sms,Explorer
CUST-005875,2022-11-19,31.0,3,11.12,4,4,0.108,0.513,9.0,desktop,Basic,Gyeonggi,fashion,email|sms,Bargain
CUST-005876,2025-01-07,26.0,7,30.49,2,4,0.066,0.335,31.5,mobile,Basic,Daegu,sports,push,Explorer
CUST-005877,2024-04-18,37.0,4,17.62,8,4,0.182,0.504,3.6,desktop,Basic,Busan,home,email|push,Loyal
CUST-005878,2025-12-01,40.0,6,13.76,5,4,0.244,0.252,7.1,mobile,Silver,Gyeonggi,fashion,email|sms,Explorer
CUST-005879,2024-04-16,18.0,7,24.36,9,5,0.041,0.758,8.6,tablet,Basic,Daejeon,fashion,sms,Explorer
CUST-005880,2023-08-18,29.0,5,33.38,6,5,0.081,0.185,13.1,mobile,Basic,Busan,sports,email|push,Bargain
CUST-005881,2026-02-24,36.0,11,29.9,7,3,0.07,0.325,13.1,mobile,Silver,Seoul,home,sms,Bargain
CUST-005882,2023-12-21,43.0,12,5.57,5,2,0.264,0.364,15.8,mobile,Silver,Busan,fashion,email,Bargain
CUST-005883,2022-03-24,29.0,8,5.53,6,3,0.086,0.511,8.4,desktop,Basic,Busan,sports,email,Bargain
CUST-005884,2025-03-20,49.0,9,40.74,5,5,0.164,0.347,18.8,desktop,Basic,Busan,beauty,push,Explorer
CUST-005885,2023-12-03,70.0,11,13.64,4,5,0.157,0.729,13.8,mobile,Basic,Daegu,home,email,Bargain
CUST-005886,2023-09-29,61.0,9,22.35,5,4,0.234,0.306,20.3,mobile,Basic,Seoul,home,push,Loyal
CUST-005887,2025-11-07,28.0,13,11.26,6,3,0.043,0.254,8.1,desktop,Basic,Busan,beauty,email,Bargain
CUST-005888,2024-03-14,57.0,9,7.55,7,6,0.194,0.337,8.7,desktop,Basic,Seoul,beauty,email|push|sms,Bargain
CUST-005889,2024-12-08,41.0,6,31.59,9,2,0.085,0.389,19.2,mobile,Basic,Seoul,beauty,push,Explorer
CUST-005890,2024-10-11,44.0,6,16.28,7,2,0.146,0.377,23.8,tablet,Silver,Busan,beauty,email|push,Bargain
CUST-005891,2024-04-28,44.0,12,38.84,2,5,0.132,0.186,14.1,mobile,Gold,Seoul,home,email,Explorer
CUST-005892,2024-09-05,41.0,15,6.59,7,2,0.166,0.353,30.7,mobile,Silver,Gyeonggi,home,email|push|sms,Bargain
CUST-005893,2023-01-25,51.0,15,17.59,8,5,0.094,0.744,9.3,mobile,Gold,Seoul,fashion,push,Bargain
CUST-005894,2024-10-17,26.0,8,30.93,8,5,0.063,0.424,9.6,mobile,Gold,Gyeonggi,fashion,push|sms,Loyal
CUST-005895,2024-03-15,35.0,7,7.25,8,3,0.085,0.461,15.2,mobile,Basic,Gyeonggi,fashion,email|sms,Bargain
CUST-005896,2024-01-16,23.0,9,30.81,4,2,0.063,0.504,11.0,mobile,Basic,Gyeonggi,sports,email,Explorer
CUST-005897,2023-06-24,29.0,12,16.19,13,2,0.122,0.458,10.1,mobile,Basic,Daejeon,home,email|push,Bargain
CUST-005898,2022-03-15,48.0,9,2.75,12,5,0.093,0.193,3.2,mobile,Silver,Daejeon,home,email,Loyal
CUST-005899,2026-01-27,28.0,12,11.75,7,3,0.034,0.666,7.7,desktop,Basic,Seoul,sports,email|push,Bargain
CUST-005900,2023-07-01,52.0,10,13.31,6,1,0.158,0.626,28.6,mobile,Basic,Busan,sports,sms,Explorer
CUST-005901,2025-03-12,31.0,13,36.72,8,1,0.586,0.384,6.7,desktop,Basic,Gyeonggi,sports,email|push,Explorer
CUST-005902,2024-05-02,46.0,4,7.17,2,4,0.253,0.594,3.7,desktop,Gold,Seoul,home,push|sms,Loyal
CUST-005903,2024-12-29,41.0,18,9.45,8,3,0.118,0.784,34.1,tablet,Basic,Seoul,beauty,email|push,Bargain
CUST-005904,2025-12-04,21.0,14,8.04,6,4,0.133,0.162,5.3,desktop,Silver,Busan,electronics,email|push,Loyal
CUST-005905,2022-06-12,19.0,10,10.78,6,5,0.097,0.208,7.4,mobile,Basic,Busan,fashion,sms,Bargain
CUST-005906,2025-01-05,36.0,8,9.3,5,3,0.065,0.245,1.9,mobile,Gold,Daejeon,electronics,push,Loyal
CUST-005907,2025-08-01,41.0,7,16.89,9,5,0.234,0.061,10.9,mobile,Basic,Seoul,beauty,sms,Bargain
CUST-005908,2023-10-07,30.0,11,14.69,4,4,0.15,0.629,1.7,desktop,Silver,Seoul,home,push,Loyal
CUST-005909,2023-08-14,51.0,9,18.96,5,3,0.275,0.577,14.0,tablet,Silver,Gyeonggi,sports,email,Bargain
CUST-005910,2024-02-16,55.0,7,34.39,7,4,0.086,0.231,4.3,desktop,Silver,Busan,home,email,Explorer
CUST-005911,2022-10-26,41.0,10,13.81,3,4,0.134,0.716,17.8,mobile,Basic,Gyeonggi,home,email,Bargain
CUST-005912,2023-09-21,43.0,9,10.12,6,4,0.026,0.56,15.5,mobile,Gold,Busan,fashion,email,Loyal
CUST-005913,2022-03-21,36.0,10,21.02,2,0,0.297,0.518,19.5,mobile,Silver,Gyeonggi,electronics,push,Bargain
CUST-005914,2022-05-08,50.0,13,24.33,7,5,0.057,0.707,2.8,desktop,Basic,Seoul,home,sms,Bargain
CUST-005915,2025-07-26,39.0,11,6.63,9,5,0.171,0.614,7.5,mobile,Silver,Seoul,fashion,email|sms,Bargain
CUST-005916,2022-05-03,44.0,8,15.97,5,3,0.141,0.597,10.0,desktop,Gold,Busan,fashion,sms,Explorer
CUST-005917,2025-09-15,47.0,12,18.75,8,6,0.307,0.118,17.2,desktop,Basic,Daegu,home,email|push,Explorer
CUST-005918,2022-12-07,54.0,10,52.99,8,5,0.1,0.358,23.2,mobile,Silver,Busan,beauty,push|sms,Explorer
CUST-005919,2025-07-26,35.0,11,25.77,5,4,0.327,0.445,5.5,desktop,Gold,Seoul,sports,push,Loyal
CUST-005920,2024-05-09,41.0,8,34.0,10,3,0.214,0.349,6.3,desktop,Gold,Gyeonggi,home,email,Explorer
CUST-005921,2022-06-30,33.0,8,17.8,10,4,0.259,0.08,11.0,mobile,Silver,Busan,beauty,email|push|sms,Explorer
CUST-005922,2023-12-24,33.0,11,15.34,6,3,0.275,0.337,4.6,mobile,Basic,Seoul,fashion,email|sms,Explorer
CUST-005923,2023-12-10,40.0,4,28.54,9,5,0.357,0.019,7.0,mobile,Silver,Seoul,fashion,email,Bargain
CUST-005924,2022-07-25,30.0,6,22.07,9,5,0.11,0.362,11.7,mobile,Basic,Daejeon,fashion,sms,Explorer
CUST-005925,2025-01-25,41.0,11,3.64,5,2,0.215,0.394,10.1,desktop,Basic,Seoul,sports,email|sms,Bargain
CUST-005926,2022-12-13,52.0,10,12.78,5,4,0.027,0.425,11.6,mobile,Basic,Daegu,fashion,push,Bargain
CUST-005927,2025-03-11,39.0,12,5.93,10,7,0.094,0.412,5.0,mobile,Basic,Seoul,electronics,push|sms,Bargain
CUST-005928,2024-12-20,50.0,3,14.81,5,6,0.039,0.349,20.3,mobile,Basic,Daejeon,fashion,email,Loyal
CUST-005929,2023-11-04,31.0,6,14.01,2,3,0.152,0.595,9.6,tablet,Basic,Busan,fashion,email|push|sms,Bargain
CUST-005930,2023-11-12,34.0,7,26.92,3,5,0.34,0.359,16.8,desktop,Gold,Seoul,fashion,email|push,Loyal
CUST-005931,2025-03-11,41.0,7,32.75,9,3,0.081,0.608,50.9,desktop,Silver,Seoul,home,email,Explorer
CUST-005932,2025-10-28,40.0,10,24.15,2,3,0.14,0.605,5.8,desktop,Silver,Seoul,home,push,Bargain
CUST-005933,2022-11-30,38.0,11,44.71,5,5,0.266,0.122,13.6,mobile,Basic,Busan,beauty,sms,Explorer
CUST-005934,2026-05-25,28.0,6,36.19,2,4,0.354,0.664,4.7,mobile,Basic,Seoul,electronics,email,Explorer
CUST-005935,2024-02-25,44.0,9,16.74,8,3,0.165,0.592,11.5,desktop,Basic,Seoul,fashion,sms,Bargain
CUST-005936,2022-03-02,18.0,8,4.57,3,2,0.178,0.526,12.2,mobile,Silver,Gyeonggi,beauty,push,Bargain
CUST-005937,2023-06-14,43.0,9,10.06,3,0,0.375,0.405,2.6,desktop,Basic,Gyeonggi,fashion,sms,Bargain
CUST-005938,2026-01-31,18.0,8,20.02,6,2,0.082,0.283,5.5,mobile,Gold,Seoul,electronics,push,Loyal
CUST-005939,2025-09-16,36.0,14,6.28,9,1,0.241,0.405,48.6,mobile,Silver,Seoul,sports,email|push,Explorer
CUST-005940,2025-04-20,46.0,8,26.89,5,4,0.354,0.594,34.8,tablet,Basic,Seoul,sports,push,Explorer
CUST-005941,2023-06-13,54.0,10,6.21,5,2,0.124,0.127,37.7,desktop,Silver,Daegu,beauty,email,Explorer
CUST-005942,2023-04-22,21.0,11,40.62,7,3,0.064,0.637,14.2,mobile,Basic,Daejeon,sports,email,Explorer
CUST-005943,2023-05-30,24.0,10,3.02,7,5,0.241,0.182,27.2,mobile,Gold,Busan,sports,email,Bargain
CUST-005944,2025-11-02,38.0,7,21.01,6,7,0.121,0.458,11.9,mobile,Gold,Daegu,fashion,email,Bargain
CUST-005945,2025-12-21,51.0,9,19.93,10,3,0.065,0.43,23.8,tablet,,Busan,electronics,email,Bargain
CUST-005946,2022-04-26,30.0,11,20.08,5,4,0.066,0.815,42.9,mobile,Silver,Seoul,fashion,sms,Bargain
CUST-005947,2023-09-24,65.0,12,25.03,4,7,0.078,0.578,2.3,tablet,Gold,Gyeonggi,beauty,email,Loyal
CUST-005948,2023-08-19,55.0,9,14.73,2,1,0.18,0.16,14.3,desktop,Basic,Gyeonggi,fashion,sms,Explorer
CUST-005949,2022-09-14,33.0,8,24.85,8,1,0.069,0.482,26.9,desktop,Basic,Seoul,sports,sms,Bargain
CUST-005950,2024-09-18,44.0,9,31.46,4,6,0.204,0.442,16.5,desktop,Gold,Gyeonggi,sports,sms,Loyal
CUST-005951,2022-03-16,36.0,5,12.75,6,3,0.143,0.497,30.1,tablet,Basic,Gyeonggi,electronics,email,Explorer
CUST-005952,2023-02-05,38.0,15,15.66,6,6,0.121,0.546,13.1,mobile,Basic,Busan,fashion,email|push,Loyal
CUST-005953,2023-08-08,37.0,12,33.16,5,5,0.011,0.637,7.6,mobile,Silver,Busan,beauty,push,Explorer
CUST-005954,2026-06-26,23.0,5,25.0,8,2,0.184,0.17,5.6,mobile,Basic,Gyeonggi,fashion,push,Explorer
CUST-005955,2025-03-26,44.0,9,29.1,5,0,0.112,0.37,4.1,mobile,Gold,Seoul,fashion,sms,Explorer
CUST-005956,2023-08-23,53.0,10,7.37,5,2,0.056,0.442,21.9,mobile,Silver,Gyeonggi,electronics,sms,Explorer
CUST-005957,2025-07-26,38.0,6,44.12,6,3,0.182,0.72,19.5,mobile,Silver,Seoul,fashion,email|push|sms,Explorer
CUST-005958,2024-01-27,34.0,15,25.07,5,1,0.216,0.385,13.0,mobile,Gold,Seoul,beauty,push,Bargain
CUST-005959,2023-10-17,27.0,6,29.04,5,6,0.082,0.148,10.2,mobile,Silver,Seoul,sports,email,Explorer
CUST-005960,2024-12-13,25.0,6,39.43,6,6,0.233,0.747,3.5,mobile,Gold,Gyeonggi,home,email,Bargain
CUST-005961,2025-01-28,18.0,6,8.39,6,3,0.035,0.651,10.5,desktop,Basic,Busan,beauty,email|push|sms,Bargain
CUST-005962,2025-01-22,36.0,9,22.44,6,6,0.444,0.266,5.4,mobile,Silver,Busan,home,email|sms,Loyal
CUST-005963,2022-08-23,54.0,10,8.02,5,4,0.105,0.604,4.1,mobile,Silver,Daejeon,fashion,email,Explorer
CUST-005964,2026-03-10,32.0,11,26.69,5,5,0.28,0.248,8.7,mobile,Silver,Busan,home,email,Bargain
CUST-005965,2025-06-24,41.0,10,34.85,6,3,0.116,0.629,5.2,mobile,Basic,Seoul,beauty,email,Bargain
CUST-005966,2023-11-11,37.0,11,7.03,8,1,0.131,0.101,23.0,mobile,Silver,Seoul,home,push,Bargain
CUST-005967,2025-10-13,43.0,9,9.88,2,6,0.036,0.432,13.4,desktop,Silver,Seoul,home,email,Loyal
CUST-005968,2024-04-18,37.0,9,26.69,6,3,0.238,0.459,5.7,mobile,Basic,Seoul,home,push,Explorer
CUST-005969,2023-01-09,28.0,9,17.62,5,1,0.211,0.148,6.1,mobile,Basic,Daegu,electronics,email|push|sms,Bargain
CUST-005970,2023-01-18,31.0,14,10.82,6,2,0.567,0.491,2.8,mobile,Basic,Daegu,home,email,Explorer
CUST-005971,2024-08-14,37.0,8,18.5,1,3,0.181,0.608,9.1,desktop,Basic,Daegu,fashion,email,Explorer
CUST-005972,2025-02-26,45.0,10,21.14,6,4,0.029,0.513,31.3,desktop,Silver,Seoul,home,push|sms,Bargain
CUST-005973,2024-10-25,32.0,7,14.06,7,4,0.017,0.242,21.2,desktop,Basic,Daejeon,sports,email|push,Explorer
CUST-005974,2025-08-16,40.0,7,41.06,8,2,0.257,0.268,9.9,mobile,Silver,Seoul,electronics,push,Explorer
CUST-005975,2025-07-01,40.0,4,26.21,5,6,0.132,0.516,9.2,mobile,Basic,Busan,home,email,Bargain
CUST-005976,2022-10-20,53.0,11,20.54,7,3,0.117,0.722,7.5,desktop,Gold,Daegu,electronics,email|push,Bargain
CUST-005977,2023-07-08,70.0,9,34.65,5,6,0.078,0.649,38.6,mobile,Basic,Daegu,beauty,email,Explorer
CUST-005978,2025-09-10,70.0,13,9.34,10,3,0.07,0.057,9.7,desktop,Silver,Gyeonggi,beauty,sms,Bargain
CUST-005979,2023-07-13,36.0,8,19.84,7,5,0.165,0.248,31.8,desktop,Gold,Gyeonggi,beauty,sms,Explorer
CUST-005980,2024-10-04,32.0,7,18.7,7,5,0.241,0.897,24.0,mobile,Basic,Daegu,electronics,email,Bargain
CUST-005981,2024-01-10,27.0,6,17.08,6,4,0.035,0.57,2.5,mobile,Basic,Seoul,sports,email|push,Bargain
CUST-005982,2026-07-18,67.0,18,23.1,9,3,0.08,0.604,13.9,mobile,Silver,Gyeonggi,electronics,push,Bargain
CUST-005983,2025-07-09,38.0,12,12.94,4,5,0.154,0.646,29.3,mobile,Gold,Daegu,electronics,email,Bargain
CUST-005984,2025-10-01,52.0,9,19.02,8,6,0.254,0.306,16.5,mobile,Basic,Busan,sports,push,Explorer
CUST-005985,2024-06-08,48.0,9,28.53,4,6,0.143,0.721,17.7,desktop,Basic,Seoul,fashion,email|push,Loyal
CUST-005986,2022-10-30,40.0,10,41.11,6,2,0.058,0.631,17.2,mobile,Basic,Seoul,fashion,push,Explorer
CUST-005987,2025-08-22,45.0,9,28.59,5,3,0.148,0.494,4.7,mobile,Gold,Seoul,fashion,push,Bargain
CUST-005988,2024-12-09,19.0,10,12.96,6,6,0.067,0.348,4.7,desktop,Basic,Daegu,beauty,sms,Loyal
CUST-005989,2024-05-01,42.0,3,7.91,4,4,0.384,0.469,17.9,tablet,Silver,Busan,fashion,sms,Bargain
CUST-005990,2025-10-15,49.0,6,11.38,7,7,0.171,0.314,12.8,desktop,Silver,Seoul,fashion,email|sms,Loyal
CUST-005991,2025-10-21,30.0,10,4.36,3,2,0.376,0.465,9.8,mobile,Basic,Seoul,fashion,email,Bargain
CUST-005992,2022-11-05,42.0,12,10.41,6,3,0.042,0.371,8.4,mobile,Basic,Seoul,home,email,Loyal
CUST-005993,2023-02-14,49.0,11,10.06,3,2,0.077,0.627,20.9,mobile,Silver,Seoul,home,push,Explorer
CUST-005994,2024-05-05,49.0,15,10.45,11,5,0.221,0.772,5.0,desktop,Gold,Gyeonggi,electronics,sms,Loyal
CUST-005995,2022-11-19,33.0,12,24.9,2,1,0.278,0.3,27.5,desktop,Silver,Seoul,beauty,email,Explorer
CUST-005996,2023-07-08,27.0,9,16.77,8,7,0.157,0.771,4.0,desktop,Silver,Daegu,fashion,email,Explorer
CUST-005997,2022-01-05,45.0,10,8.9,10,1,0.157,0.363,6.8,mobile,Basic,Seoul,fashion,email,Bargain
CUST-005998,2026-04-08,48.0,11,31.04,4,1,0.089,0.523,34.4,mobile,Silver,Busan,beauty,email|push,Explorer
CUST-005999,2025-05-05,34.0,11,8.34,4,3,0.311,0.281,2.1,mobile,Gold,Seoul,sports,email,Explorer
CUST-006000,2024-10-14,32.0,7,19.37,2,5,0.02,0.084,23.1,mobile,Basic,Gyeonggi,home,email,Explorer
