order_id,order_date,distance_km,traffic_index,stop_count,driver_experience_years,region,weather,vehicle_type,service_level,package_type,delivery_fee,departure_hour,delivery_time_min
ORD-20260000,2026-06-13,24.48,32.3,5,4.1,Daegu,clear,motorbike,express,small,7013.0,20,107.2
ORD-20260001,2026-04-18,29.98,74.7,6,0.2,Busan,snow,truck,normal,large,5892.0,6,174.3
ORD-20260002,2026-06-30,20.97,62.9,3,5.5,Seoul,clear,truck,normal,small|fragile,4508.0,10,124.4
ORD-20260003,2026-01-01,10.81,58.6,2,3.9,Seoul,clear,truck,express,medium,5604.0,11,76.9
ORD-20260004,2026-08-06,10.57,34.9,7,2.7,Busan,clear,truck,normal,small,3828.0,9,101.0
ORD-20260005,2026-02-13,32.21,54.8,8,5.3,Busan,cloudy,motorbike,express,small,8404.0,10,129.4
ORD-20260006,2026-01-27,12.65,53.0,4,0.2,Incheon,clear,motorbike,express,small|fragile,6151.0,19,84.7
ORD-20260007,2026-05-28,14.61,57.2,1,4.4,Busan,rain,motorbike,normal,medium|fragile,3711.0,6,97.2
ORD-20260008,2026-07-03,21.87,62.9,5,6.1,Seoul,cloudy,motorbike,normal,small,4997.0,6,112.5
ORD-20260009,2026-05-17,20.43,61.8,3,0.2,Daegu,cloudy,motorbike,express,large,6433.0,12,88.6
ORD-20260010,2026-05-12,25.69,45.0,7,7.1,Daejeon,cloudy,truck,normal,medium|fragile,5459.0,9,137.0
ORD-20260011,2026-08-06,11.65,69.7,4,1.9,Daejeon,cloudy,van,express,small,5657.0,11,80.1
ORD-20260012,2026-07-25,7.07,26.0,5,4.2,Seoul,clear,van,normal,small,2961.0,16,81.0
ORD-20260013,2026-05-01,12.73,17.4,5,4.1,Seoul,clear,van,normal,medium|fragile,4051.0,17,97.7
ORD-20260014,2026-02-25,37.15,45.2,8,3.8,Busan,cloudy,van,same_day,large,8405.0,15,140.4
ORD-20260015,2026-02-19,11.06,47.1,3,3.4,Busan,clear,van,same_day,medium,4635.0,8,90.2
ORD-20260016,2026-07-04,31.59,67.4,2,3.6,Seoul,snow,truck,same_day,small,7583.0,19,149.0
ORD-20260017,2026-04-28,7.56,52.1,7,5.9,Busan,clear,motorbike,express,medium,5757.0,17,79.9
ORD-20260018,2026-05-24,12.1,20.6,3,2.7,Daegu,clear,truck,express,small|fragile,5198.0,6,72.3
ORD-20260019,2026-06-09,9.18,89.1,7,3.5,Daegu,rain,van,normal,medium,4276.0,8,123.2
ORD-20260020,2026-03-06,30.32,84.5,2,3.1,Seoul,cloudy,van,express,small,8975.0,17,151.2
ORD-20260021,2026-04-16,19.12,55.5,5,5.6,Daejeon,snow,van,normal,medium,5355.0,22,112.3
ORD-20260022,2026-07-29,47.13,77.5,5,2.7,Seoul,clear,van,express,large,9169.0,14,189.9
ORD-20260023,2026-07-24,23.35,86.7,5,2.3,Busan,cloudy,van,normal,large,5297.0,8,138.3
ORD-20260024,2026-01-05,22.51,35.7,4,4.0,Seoul,rain,van,express,medium,7628.0,9,115.4
ORD-20260025,2026-06-29,14.42,79.2,4,1.4,Seoul,rain,motorbike,normal,small|fragile,3548.0,15,124.0
ORD-20260026,2026-07-12,25.57,50.1,6,0.3,Daejeon,snow,van,express,medium,7206.0,6,127.7
ORD-20260027,2026-01-02,27.96,50.5,1,4.0,Busan,cloudy,van,express,large,8050.0,11,111.2
ORD-20260028,2026-07-10,7.9,55.3,14,0.8,Daegu,clear,motorbike,normal,large|fragile,4621.0,6,115.9
ORD-20260029,2026-06-24,7.25,65.0,2,5.9,Daejeon,clear,van,express,medium,4982.0,11,68.0
ORD-20260030,2026-07-30,34.12,35.7,5,7.0,Seoul,clear,van,normal,medium|fragile,6063.0,19,150.5
ORD-20260031,2026-03-15,18.84,81.7,3,4.3,Incheon,clear,motorbike,normal,medium,5128.0,16,105.1
ORD-20260032,2026-02-08,17.98,51.9,3,,Daejeon,clear,truck,express,medium|fragile,6324.0,6,76.6
ORD-20260033,2026-01-06,10.37,52.3,8,2.7,Seoul,rain,motorbike,express,large,5563.0,9,104.9
ORD-20260034,2026-03-28,13.23,40.8,6,4.7,Busan,cloudy,truck,normal,small|fragile,4341.0,11,103.2
ORD-20260035,2026-04-11,24.29,57.1,3,5.3,Daegu,rain,motorbike,normal,medium,5258.0,7,119.8
ORD-20260036,2026-05-20,23.85,51.2,5,2.5,Incheon,snow,truck,express,small,7379.0,17,137.8
ORD-20260037,2026-05-07,25.32,68.6,2,2.9,Seoul,rain,van,normal,small|fragile,5573.0,13,135.8
ORD-20260038,2026-02-27,6.63,59.9,7,4.5,Busan,cloudy,truck,normal,large|fragile,4317.0,10,101.9
ORD-20260039,2026-05-07,11.96,45.0,5,7.7,Seoul,cloudy,motorbike,normal,small,3448.0,18,83.2
ORD-20260040,2026-04-15,17.72,77.5,6,4.3,Daegu,cloudy,truck,normal,medium,5685.0,8,123.4
ORD-20260041,2026-06-07,5.4,35.8,5,8.0,Seoul,clear,van,normal,large,3975.0,11,78.5
ORD-20260042,2026-07-26,8.07,63.2,3,3.3,Daegu,cloudy,truck,same_day,large,6574.0,16,67.2
ORD-20260043,2026-01-08,4.81,81.3,6,4.9,Seoul,clear,motorbike,same_day,medium,5048.0,7,73.3
ORD-20260044,2026-06-02,22.03,64.9,2,1.8,Seoul,cloudy,van,normal,small|fragile,5311.0,20,150.5
ORD-20260045,2026-07-19,6.63,52.6,7,1.1,Seoul,clear,truck,same_day,large,5889.0,14,81.5
ORD-20260046,2026-07-13,18.18,76.9,3,5.6,Daegu,cloudy,van,normal,medium,4856.0,16,121.6
ORD-20260047,2026-06-18,28.46,55.4,1,7.2,Incheon,cloudy,van,normal,medium|fragile,5150.0,10,125.8
ORD-20260048,2026-07-16,11.03,63.8,2,3.6,Daegu,rain,van,normal,medium,4151.0,20,107.9
ORD-20260049,2026-02-07,16.41,42.3,5,1.5,Busan,clear,van,normal,small,4021.0,21,89.2
ORD-20260050,2026-04-22,49.22,47.1,7,2.6,Seoul,clear,van,normal,small,7479.0,19,184.5
ORD-20260051,2026-04-13,24.6,69.3,6,4.3,Daegu,cloudy,van,normal,medium|fragile,5720.0,9,138.1
ORD-20260052,2026-08-04,13.96,73.5,8,4.8,Incheon,clear,van,normal,large,,20,136.7
ORD-20260053,2026-02-04,51.12,39.5,4,5.5,Daejeon,clear,van,normal,medium,7876.0,9,173.4
ORD-20260054,2026-04-09,22.79,74.2,7,8.6,Incheon,clear,motorbike,normal,medium,5188.0,22,117.2
ORD-20260055,2026-06-12,19.68,62.3,5,8.6,Seoul,cloudy,van,same_day,small,6219.0,16,83.7
ORD-20260056,2026-04-10,23.77,18.6,6,5.3,Incheon,cloudy,van,express,small|fragile,6918.0,21,93.0
ORD-20260057,2026-03-12,21.37,39.1,10,7.4,Busan,clear,truck,normal,small,6337.0,8,127.5
ORD-20260058,2026-05-27,8.93,69.8,3,2.7,Seoul,clear,truck,normal,medium,2724.0,20,101.1
ORD-20260059,2026-04-30,24.85,40.9,9,1.4,Seoul,cloudy,van,express,medium|fragile,7131.0,22,131.4
ORD-20260060,2026-04-19,25.38,60.6,4,11.8,Busan,clear,truck,express,large,7330.0,19,126.9
ORD-20260061,2026-05-01,76.43,42.0,5,4.5,Busan,snow,van,normal,medium,10308.0,22,255.2
ORD-20260062,2026-06-30,46.44,43.8,8,6.1,Daejeon,cloudy,van,normal,medium,7900.0,13,162.6
ORD-20260063,2026-06-19,4.63,61.1,6,1.8,Busan,clear,van,express,medium,5594.0,12,77.9
ORD-20260064,2026-06-10,6.12,41.1,4,7.4,Daegu,cloudy,motorbike,normal,small,2906.0,6,46.7
ORD-20260065,2026-01-30,23.49,42.0,6,4.6,Seoul,clear,van,same_day,medium,7148.0,22,93.8
ORD-20260066,2026-01-30,20.75,66.8,3,7.9,Daegu,cloudy,truck,same_day,medium,6860.0,11,93.5
ORD-20260067,2026-05-09,14.08,61.2,4,3.0,Seoul,clear,van,normal,medium,,9,110.8
ORD-20260068,2026-05-25,19.66,63.1,0,3.3,Seoul,cloudy,motorbike,normal,small|fragile,3979.0,20,114.1
ORD-20260069,2026-01-17,18.17,73.7,11,0.2,Seoul,clear,motorbike,normal,large,4670.0,15,139.3
ORD-20260070,2026-03-29,49.26,55.0,6,3.8,Seoul,clear,motorbike,normal,medium,8178.0,14,171.9
ORD-20260071,2026-04-19,23.45,65.7,3,5.7,Seoul,clear,van,normal,large,5672.0,7,132.7
ORD-20260072,2026-03-05,31.68,57.9,4,1.4,Daegu,clear,van,normal,small,6216.0,11,133.8
ORD-20260073,2026-07-06,10.95,41.1,5,1.2,Seoul,clear,truck,same_day,small,5683.0,10,69.3
ORD-20260074,2026-01-10,35.02,58.5,8,7.2,Daejeon,cloudy,van,normal,medium,7190.0,10,145.4
ORD-20260075,2026-03-24,12.74,100.0,6,2.0,Busan,clear,motorbike,normal,medium,4197.0,11,114.1
ORD-20260076,2026-06-26,17.33,29.5,5,5.0,Seoul,cloudy,van,same_day,small,6492.0,9,86.8
ORD-20260077,2026-03-28,19.74,62.0,3,4.4,Daegu,cloudy,truck,normal,small|fragile,4845.0,21,107.8
ORD-20260078,2026-07-08,32.57,25.5,5,2.8,Seoul,rain,truck,normal,large|fragile,6140.0,14,147.6
ORD-20260079,2026-08-02,69.14,65.8,5,4.9,Incheon,clear,van,normal,large|fragile,9347.0,6,236.3
ORD-20260080,2026-02-19,19.17,80.5,4,3.4,Seoul,clear,van,normal,small|fragile,4850.0,18,136.6
ORD-20260081,2026-06-17,20.32,46.3,2,7.5,Daegu,clear,truck,normal,medium|fragile,4715.0,18,115.6
ORD-20260082,2026-05-15,39.25,53.5,3,4.7,Busan,rain,van,same_day,medium,8887.0,15,149.4
ORD-20260083,2026-05-26,9.69,72.7,7,7.7,Daejeon,rain,van,normal,medium,4544.0,9,100.4
ORD-20260084,2026-06-28,12.78,62.4,3,1.0,Daegu,cloudy,van,normal,medium|fragile,4363.0,13,96.1
ORD-20260085,2026-03-25,17.35,50.4,6,3.8,Seoul,cloudy,van,normal,medium|fragile,5227.0,21,117.3
ORD-20260086,2026-06-28,8.7,39.0,4,7.8,Busan,cloudy,truck,normal,medium|fragile,3961.0,18,100.2
ORD-20260087,2026-02-04,16.41,28.7,5,2.2,Daegu,snow,truck,normal,small|fragile,4801.0,14,130.0
ORD-20260088,2026-06-14,5.26,46.5,1,2.8,Daejeon,cloudy,van,express,large,5775.0,7,66.5
ORD-20260089,2026-05-09,80.74,53.0,6,8.2,Seoul,clear,truck,normal,small|fragile,10411.0,15,244.0
ORD-20260090,2026-04-10,24.89,15.9,5,2.5,Daegu,clear,motorbike,normal,medium,5773.0,17,108.8
ORD-20260091,2026-03-13,17.01,41.5,3,4.4,Seoul,clear,motorbike,normal,medium,4531.0,6,93.7
ORD-20260092,2026-08-04,15.27,59.3,6,5.7,Daegu,clear,truck,normal,medium,4724.0,16,99.8
ORD-20260093,2026-06-21,13.94,55.8,2,7.8,Seoul,cloudy,van,normal,large,3513.0,9,101.8
ORD-20260094,2026-03-14,25.25,17.9,3,3.3,Seoul,clear,truck,normal,medium|fragile,4356.0,20,112.0
ORD-20260095,2026-04-21,37.46,54.4,4,6.4,Busan,cloudy,van,normal,medium,6202.0,22,141.2
ORD-20260096,2026-01-29,7.13,71.4,6,6.0,Daegu,clear,van,normal,medium,3172.0,7,91.9
ORD-20260097,2026-08-02,7.82,34.1,4,7.1,Daejeon,cloudy,van,normal,large,3810.0,10,77.1
ORD-20260098,2026-01-04,21.62,50.5,7,2.1,Seoul,clear,van,normal,large,5225.0,19,142.2
ORD-20260099,2026-05-22,10.07,65.8,3,,Seoul,clear,motorbike,normal,small,3939.0,11,89.8
ORD-20260100,2026-03-25,19.67,77.7,7,5.2,Seoul,rain,van,same_day,large|fragile,6809.0,16,123.2
ORD-20260101,2026-03-21,56.85,44.0,8,8.1,Seoul,clear,van,normal,small,8672.0,11,193.4
ORD-20260102,2026-04-05,25.61,61.2,5,2.3,Busan,rain,van,normal,small|fragile,5574.0,10,142.0
ORD-20260103,2026-03-10,12.71,72.1,9,3.3,Daegu,clear,van,express,large|fragile,6513.0,11,109.2
ORD-20260104,2026-03-12,43.68,33.5,5,3.7,Busan,clear,van,same_day,medium|fragile,8781.0,13,135.2
ORD-20260105,2026-06-28,17.92,50.9,7,2.9,Busan,rain,motorbike,express,small,7166.0,10,105.1
ORD-20260106,2026-05-20,34.89,53.6,6,6.2,Busan,rain,truck,express,medium,8292.0,20,153.9
ORD-20260107,2026-07-12,9.82,48.4,4,0.9,Busan,rain,truck,normal,medium,3305.0,19,105.8
ORD-20260108,2026-01-04,11.27,50.9,7,6.5,Daegu,clear,truck,express,large|fragile,6009.0,19,96.0
ORD-20260109,2026-04-08,49.29,55.4,4,3.6,Seoul,snow,van,express,medium|fragile,9453.0,13,184.7
ORD-20260110,2026-07-14,25.4,63.3,5,6.4,Daejeon,clear,truck,normal,small,4646.0,8,126.7
ORD-20260111,2026-02-04,3.03,36.6,4,4.8,Seoul,clear,van,normal,small,2739.0,18,53.3
ORD-20260112,2026-03-25,11.05,92.8,2,6.6,Daejeon,rain,van,same_day,small,4882.0,10,88.3
ORD-20260113,2026-07-01,17.8,45.5,4,3.4,Daejeon,rain,van,normal,medium,5173.0,20,113.5
ORD-20260114,2026-05-08,9.98,46.9,1,5.6,Incheon,clear,van,express,medium|fragile,5331.0,10,58.8
ORD-20260115,2026-05-21,16.26,65.0,3,2.0,Daegu,cloudy,truck,normal,small,3847.0,9,112.4
ORD-20260116,2026-05-01,14.32,62.0,3,9.2,Seoul,clear,van,same_day,medium|fragile,6163.0,20,92.9
ORD-20260117,2026-01-10,11.15,59.6,3,1.5,Busan,clear,van,same_day,medium,5735.0,12,80.4
ORD-20260118,2026-08-01,16.28,59.1,8,9.7,Seoul,rain,van,normal,small,5010.0,21,116.6
ORD-20260119,2026-06-01,29.16,72.5,9,0.4,Busan,rain,van,express,small,8166.0,21,160.1
ORD-20260120,2026-03-07,22.21,62.8,9,5.4,Daegu,cloudy,van,normal,large,5147.0,22,134.3
ORD-20260121,2026-02-15,51.89,46.4,1,5.3,Busan,rain,van,same_day,medium,9712.0,17,167.6
ORD-20260122,2026-06-02,21.71,34.8,4,4.4,Daegu,clear,motorbike,express,medium,6366.0,20,89.5
ORD-20260123,2026-03-27,20.44,66.8,6,4.9,Daejeon,rain,truck,express,small|fragile,6779.0,7,124.8
ORD-20260124,2026-07-17,18.06,25.8,6,1.0,Busan,clear,motorbike,normal,medium,4081.0,20,110.6
ORD-20260125,2026-07-22,45.06,60.7,6,8.0,Daejeon,cloudy,van,normal,large,6868.0,17,179.7
ORD-20260126,2026-03-03,24.67,26.6,5,5.5,Daejeon,cloudy,van,same_day,small,,12,92.5
ORD-20260127,2026-02-02,24.03,73.3,6,1.9,Daegu,rain,van,normal,small,4565.0,18,137.7
ORD-20260128,2026-02-17,20.51,76.8,2,5.3,Daejeon,cloudy,motorbike,normal,small,5201.0,21,107.1
ORD-20260129,2026-04-03,23.2,39.7,3,1.9,Busan,clear,truck,normal,medium|fragile,5138.0,16,112.4
ORD-20260130,2026-05-28,16.34,68.7,3,4.3,Incheon,rain,motorbike,normal,medium|fragile,3634.0,7,111.8
ORD-20260131,2026-07-18,19.56,34.1,4,3.0,Busan,clear,van,normal,large,4387.0,17,120.9
ORD-20260132,2026-06-15,23.99,87.9,3,3.7,Daegu,clear,motorbike,normal,small,4654.0,12,117.8
ORD-20260133,2026-06-29,11.59,38.6,3,0.7,Busan,rain,motorbike,normal,medium,4821.0,18,106.7
ORD-20260134,2026-03-23,13.4,78.5,5,3.1,Daegu,clear,truck,express,medium|fragile,6899.0,12,87.9
ORD-20260135,2026-05-10,19.37,49.2,8,0.4,Incheon,clear,truck,same_day,small|fragile,7570.0,12,109.2
ORD-20260136,2026-05-27,14.98,56.8,5,9.0,Daejeon,clear,van,normal,large,3479.0,19,106.5
ORD-20260137,2026-06-15,13.85,52.7,4,4.1,Daejeon,rain,truck,normal,large|fragile,3872.0,20,118.9
ORD-20260138,2026-04-12,25.07,49.6,3,1.1,Daejeon,snow,truck,express,medium|fragile,6487.0,6,128.7
ORD-20260139,2026-05-05,23.74,47.4,5,,Daegu,clear,truck,normal,medium,5525.0,12,111.1
ORD-20260140,2026-07-19,21.28,45.5,4,5.1,Seoul,clear,van,express,small,6671.0,10,91.6
ORD-20260141,2026-02-09,18.8,44.5,5,8.6,Incheon,cloudy,van,normal,medium,5382.0,18,106.4
ORD-20260142,2026-07-29,20.29,51.4,1,4.1,Seoul,clear,van,normal,medium,4797.0,13,98.4
ORD-20260143,2026-07-05,21.26,39.3,4,5.5,Busan,snow,van,normal,small,4877.0,17,129.2
ORD-20260144,2026-07-23,12.73,61.9,4,7.2,Daejeon,cloudy,van,express,medium,5554.0,8,95.4
ORD-20260145,2026-06-28,17.46,100.0,3,5.3,Seoul,clear,van,normal,medium,4141.0,21,127.8
ORD-20260146,2026-08-03,33.87,28.4,6,4.7,Daejeon,clear,van,normal,small,6158.0,13,124.5
ORD-20260147,2026-06-05,21.5,36.4,3,4.5,Daegu,cloudy,truck,normal,medium|fragile,4467.0,16,113.5
ORD-20260148,2026-01-19,9.87,76.7,5,4.8,Seoul,clear,truck,normal,medium,4615.0,17,109.3
ORD-20260149,2026-07-01,22.18,51.0,5,5.7,Daejeon,cloudy,truck,normal,small,5308.0,21,113.1
ORD-20260150,2026-05-09,22.3,63.5,7,4.2,Seoul,clear,van,same_day,small,6541.0,18,123.9
ORD-20260151,2026-04-14,26.0,27.1,4,7.7,Seoul,rain,van,normal,medium,5304.0,10,122.1
ORD-20260152,2026-05-06,52.45,45.0,4,6.9,Incheon,clear,truck,normal,medium|fragile,,7,188.2
ORD-20260153,2026-01-22,12.62,12.1,5,2.7,Seoul,clear,van,express,small,5514.0,13,62.7
ORD-20260154,2026-02-25,28.26,48.2,8,3.4,Busan,clear,motorbike,normal,large,6149.0,9,145.8
ORD-20260155,2026-03-11,20.41,78.8,7,1.6,Seoul,clear,motorbike,normal,large,5560.0,14,126.5
ORD-20260156,2026-03-23,3.93,62.8,6,4.0,Seoul,rain,van,express,small,5471.0,15,81.2
ORD-20260157,2026-06-14,28.9,83.9,5,6.9,Busan,cloudy,van,same_day,medium|fragile,7435.0,22,124.8
ORD-20260158,2026-06-26,4.09,18.4,6,,Seoul,clear,truck,express,large,5386.0,10,57.4
ORD-20260159,2026-02-13,50.5,89.9,4,0.6,Seoul,clear,van,same_day,small|fragile,8896.0,8,186.3
ORD-20260160,2026-04-06,15.12,52.2,3,5.6,Busan,clear,van,normal,medium,4420.0,19,108.7
ORD-20260161,2026-05-16,16.85,73.0,6,3.8,Daegu,cloudy,van,same_day,small,6631.0,18,114.4
ORD-20260162,2026-06-28,13.11,65.3,8,0.2,Seoul,snow,van,normal,small,4499.0,21,129.9
ORD-20260163,2026-04-25,35.75,51.8,3,7.0,Daegu,clear,motorbike,express,small,8262.0,10,111.2
ORD-20260164,2026-07-30,8.31,43.3,5,2.6,Daejeon,clear,motorbike,normal,large,4679.0,8,96.8
ORD-20260165,2026-07-27,50.46,39.9,7,4.8,Busan,cloudy,motorbike,normal,medium,7915.0,14,167.7
ORD-20260166,2026-02-08,15.93,47.3,4,1.7,Daegu,clear,van,same_day,medium,6597.0,8,82.0
ORD-20260167,2026-06-26,42.24,34.3,7,3.8,Busan,clear,truck,same_day,large,9062.0,20,168.3
ORD-20260168,2026-01-11,14.71,75.8,2,6.5,Busan,clear,truck,normal,large,4600.0,17,113.7
ORD-20260169,2026-03-14,22.27,49.7,5,1.5,Daegu,clear,truck,normal,medium|fragile,4740.0,11,112.1
ORD-20260170,2026-03-16,52.22,69.6,5,0.2,Seoul,rain,van,normal,large,8235.0,9,214.7
ORD-20260171,2026-05-12,35.94,64.9,2,4.9,Seoul,cloudy,motorbike,express,medium,8496.0,12,129.6
ORD-20260172,2026-01-07,9.59,31.1,8,2.2,Daejeon,clear,van,express,large,5991.0,15,73.8
ORD-20260173,2026-04-19,27.23,57.5,7,6.0,Seoul,cloudy,truck,normal,medium|fragile,5335.0,10,153.4
ORD-20260174,2026-03-31,22.18,37.5,6,2.5,Daejeon,clear,truck,same_day,large,7379.0,13,97.1
ORD-20260175,2026-04-16,5.68,56.7,8,10.4,Seoul,cloudy,van,normal,medium,4265.0,6,70.9
ORD-20260176,2026-02-26,14.56,60.7,1,4.7,Seoul,cloudy,motorbike,express,medium,5619.0,11,81.6
ORD-20260177,2026-05-27,18.07,61.5,3,8.9,Seoul,rain,van,express,large|fragile,5976.0,21,111.9
ORD-20260178,2026-02-04,23.44,25.7,5,0.2,Incheon,clear,van,normal,medium,5112.0,20,115.5
ORD-20260179,2026-06-18,7.36,47.4,8,4.8,Daejeon,snow,van,express,small,5470.0,6,90.4
ORD-20260180,2026-05-28,21.87,48.1,4,7.4,Seoul,cloudy,truck,normal,medium|fragile,4858.0,11,126.2
ORD-20260181,2026-07-12,12.9,67.1,5,2.5,Seoul,clear,van,normal,medium,4201.0,17,114.9
ORD-20260182,2026-01-05,41.63,82.5,3,7.1,Daegu,clear,motorbike,normal,medium,6703.0,7,165.7
ORD-20260183,2026-07-23,22.13,33.0,4,4.8,Busan,rain,truck,normal,medium|fragile,5515.0,15,119.4
ORD-20260184,2026-04-11,18.47,70.4,8,3.6,Seoul,clear,van,normal,large,4614.0,18,139.0
ORD-20260185,2026-04-27,6.64,28.8,10,0.6,Incheon,cloudy,truck,same_day,small,6575.0,15,77.7
ORD-20260186,2026-03-04,29.22,46.3,4,4.4,Daejeon,clear,truck,normal,large,6145.0,14,139.6
ORD-20260187,2026-05-31,20.18,30.7,6,4.4,Daejeon,clear,motorbike,normal,small,4830.0,14,100.3
ORD-20260188,2026-07-31,61.52,53.6,5,3.4,Incheon,clear,van,normal,large|fragile,9236.0,15,209.4
ORD-20260189,2026-02-11,34.86,81.0,7,2.5,Daegu,clear,truck,normal,medium,5312.0,18,167.6
ORD-20260190,2026-04-20,13.75,45.8,6,1.9,Seoul,cloudy,van,normal,large,4848.0,19,127.2
ORD-20260191,2026-06-06,4.3,42.8,7,4.1,Incheon,clear,van,normal,small|fragile,3484.0,12,63.4
ORD-20260192,2026-05-15,7.8,45.1,6,0.9,Daegu,clear,van,normal,small,,17,91.6
ORD-20260193,2026-07-03,14.62,39.0,5,8.9,Busan,clear,van,same_day,small,6317.0,8,74.8
ORD-20260194,2026-05-05,26.08,54.4,2,5.4,Busan,cloudy,van,express,medium,6716.0,15,109.5
ORD-20260195,2026-07-20,16.01,46.3,10,6.8,Daegu,clear,van,normal,medium,5515.0,13,112.3
ORD-20260196,2026-02-02,25.67,81.1,4,1.9,Incheon,clear,motorbike,express,medium,7059.0,10,118.5
ORD-20260197,2026-01-29,15.36,65.1,2,5.9,Seoul,clear,motorbike,normal,medium,4068.0,21,95.9
ORD-20260198,2026-04-11,6.81,39.5,6,6.8,Busan,rain,van,normal,medium|fragile,4601.0,16,94.7
ORD-20260199,2026-03-30,19.92,79.6,6,4.8,Seoul,clear,van,normal,small,4522.0,8,133.4
ORD-20260200,2026-06-13,11.06,50.4,4,4.7,Seoul,clear,van,normal,small,3406.0,19,94.3
ORD-20260201,2026-03-23,30.49,37.3,6,0.6,Incheon,clear,van,normal,small|fragile,6219.0,19,141.9
ORD-20260202,2026-05-21,11.29,23.9,1,2.4,Daejeon,clear,van,express,large|fragile,6353.0,9,72.6
ORD-20260203,2026-05-29,19.4,91.3,3,7.4,Daegu,clear,van,same_day,medium,6746.0,6,105.4
ORD-20260204,2026-02-19,24.45,67.1,5,1.8,Incheon,clear,truck,express,medium,8069.0,6,122.8
ORD-20260205,2026-06-28,18.55,69.9,10,6.6,Incheon,rain,van,express,small,7913.0,17,126.2
ORD-20260206,2026-06-19,23.13,77.1,3,6.4,Daejeon,clear,truck,normal,large,5032.0,20,131.0
ORD-20260207,2026-05-21,20.13,62.5,2,5.3,Busan,clear,truck,normal,medium|fragile,4526.0,8,123.2
ORD-20260208,2026-01-02,15.91,51.2,4,3.0,Busan,rain,truck,normal,medium|fragile,5142.0,12,125.4
ORD-20260209,2026-02-13,28.85,35.6,5,4.0,Busan,rain,van,express,large,7237.0,17,130.2
ORD-20260210,2026-07-15,29.49,59.6,4,1.8,Daegu,cloudy,motorbike,normal,medium|fragile,5776.0,7,147.5
ORD-20260211,2026-05-30,30.05,19.7,3,3.9,Seoul,clear,van,express,medium|fragile,7350.0,15,107.0
ORD-20260212,2026-02-12,14.8,28.5,11,7.6,Seoul,clear,truck,normal,small,5146.0,17,115.6
ORD-20260213,2026-07-16,52.1,72.7,4,3.6,Seoul,cloudy,truck,normal,small,7488.0,15,198.4
ORD-20260214,2026-04-19,23.18,55.6,7,3.7,Daegu,cloudy,van,express,medium,7359.0,17,109.2
ORD-20260215,2026-07-04,33.09,57.4,2,2.0,Busan,cloudy,truck,normal,large|fragile,6173.0,14,145.0
ORD-20260216,2026-08-07,253.16,36.4,4,4.9,Seoul,clear,van,express,medium,5485.0,9,79.7
ORD-20260217,2026-07-12,15.43,11.3,8,3.3,Incheon,cloudy,truck,normal,small,4840.0,19,101.6
ORD-20260218,2026-06-30,17.92,64.0,3,0.2,Busan,clear,truck,normal,large|fragile,4562.0,16,113.1
ORD-20260219,2026-05-16,13.64,53.1,9,4.7,Daejeon,clear,van,same_day,large,6620.0,16,101.9
ORD-20260220,2026-01-22,21.95,52.2,0,5.7,Busan,rain,van,normal,large,4463.0,19,129.6
ORD-20260221,2026-04-20,27.92,31.5,5,5.1,Busan,clear,van,normal,large,5687.0,11,112.0
ORD-20260222,2026-05-05,25.35,47.3,8,4.2,Daegu,cloudy,van,express,small|fragile,8703.0,8,117.0
ORD-20260223,2026-05-25,64.13,78.0,5,6.1,Seoul,rain,van,same_day,medium,10901.0,18,218.6
ORD-20260224,2026-01-21,17.13,16.0,3,3.1,Seoul,rain,van,same_day,small,5865.0,21,77.2
ORD-20260225,2026-07-27,15.54,65.8,3,1.7,Incheon,clear,truck,normal,medium,3687.0,14,110.4
ORD-20260226,2026-05-06,11.03,71.3,10,0.7,Busan,cloudy,van,express,medium,6931.0,10,110.2
ORD-20260227,2026-03-29,19.89,48.2,8,7.4,Busan,clear,truck,normal,large,5759.0,8,130.0
ORD-20260228,2026-08-07,18.77,48.3,5,8.1,Daejeon,cloudy,truck,express,medium|fragile,6211.0,9,94.7
ORD-20260229,2026-02-06,58.66,60.7,6,7.5,Incheon,clear,van,normal,large,8229.0,7,201.9
ORD-20260230,2026-06-21,62.91,44.4,7,5.1,Seoul,clear,van,normal,small,10276.0,7,209.5
ORD-20260231,2026-06-22,33.35,36.2,8,3.4,Seoul,clear,van,normal,small|fragile,7302.0,6,139.3
ORD-20260232,2026-02-13,11.8,32.9,3,8.7,Busan,clear,truck,same_day,medium,4684.0,10,60.8
ORD-20260233,2026-01-31,24.4,46.8,5,3.7,Daegu,clear,van,normal,large|fragile,5523.0,6,116.2
ORD-20260234,2026-06-05,10.41,61.4,5,1.2,Daejeon,clear,motorbike,normal,small,,16,86.1
ORD-20260235,2026-06-29,5.04,81.2,8,6.6,Incheon,cloudy,truck,normal,medium,3977.0,10,97.7
ORD-20260236,2026-04-26,9.19,51.2,2,2.6,Busan,cloudy,truck,express,small,6391.0,9,84.8
ORD-20260237,2026-04-10,30.55,5.0,1,2.4,Daegu,clear,motorbike,express,large,7416.0,19,110.1
ORD-20260238,2026-03-02,13.35,35.1,3,5.5,Busan,cloudy,van,express,large,5191.0,6,73.3
ORD-20260239,2026-01-02,15.46,59.3,4,6.3,Daejeon,clear,truck,normal,large|fragile,5032.0,11,103.8
ORD-20260240,2026-06-14,14.62,51.1,6,3.1,Busan,clear,van,normal,large|fragile,4551.0,14,108.5
ORD-20260241,2026-04-07,32.29,100.0,5,4.7,Busan,clear,truck,normal,large|fragile,6630.0,17,181.8
ORD-20260242,2026-03-12,30.25,28.2,7,6.3,Seoul,clear,van,normal,large|fragile,6638.0,15,137.8
ORD-20260243,2026-08-03,10.36,53.6,6,3.7,Incheon,cloudy,van,express,medium,6384.0,7,101.3
ORD-20260244,2026-03-20,24.73,63.2,5,2.1,Daejeon,clear,truck,normal,large|fragile,4934.0,11,140.6
ORD-20260245,2026-02-20,31.6,72.8,5,5.5,Incheon,clear,motorbike,normal,medium,5622.0,22,132.9
ORD-20260246,2026-02-09,31.11,72.1,6,6.2,Daegu,clear,motorbike,express,small,8017.0,21,124.2
ORD-20260247,2026-02-22,35.19,24.2,4,6.1,Daegu,clear,truck,normal,medium,6432.0,20,139.9
ORD-20260248,2026-07-07,7.68,69.1,5,4.4,Busan,cloudy,truck,same_day,large|fragile,5769.0,6,97.0
ORD-20260249,2026-05-27,14.41,22.4,8,0.3,Busan,clear,van,normal,medium|fragile,3909.0,10,100.7
ORD-20260250,2026-05-06,23.25,51.9,2,2.6,Daejeon,clear,van,normal,medium,5194.0,22,104.2
ORD-20260251,2026-06-26,14.65,49.3,3,4.1,Daejeon,cloudy,van,express,large|fragile,6450.0,10,77.9
ORD-20260252,2026-06-01,16.32,48.5,4,7.0,Daejeon,clear,van,express,medium|fragile,6080.0,16,81.9
ORD-20260253,2026-07-24,20.27,37.7,5,5.6,Daejeon,rain,truck,normal,medium,5592.0,10,108.4
ORD-20260254,2026-05-01,12.27,77.1,4,5.2,Daegu,clear,van,normal,small,4018.0,16,92.2
ORD-20260255,2026-03-16,40.69,32.5,4,5.7,Daegu,clear,truck,normal,medium,6735.0,7,160.1
ORD-20260256,2026-01-11,20.27,56.9,3,5.6,Seoul,rain,van,normal,medium|fragile,4769.0,17,127.4
ORD-20260257,2026-07-06,5.8,71.8,11,0.2,Seoul,clear,motorbike,normal,small|fragile,4544.0,16,113.1
ORD-20260258,2026-05-23,33.37,38.6,5,6.4,Seoul,cloudy,motorbike,normal,medium,5383.0,20,142.6
ORD-20260259,2026-03-09,33.81,50.1,7,4.3,Seoul,clear,motorbike,normal,small,6134.0,11,144.4
ORD-20260260,2026-04-09,31.72,76.4,4,5.6,Incheon,clear,van,normal,small,6481.0,12,140.1
ORD-20260261,2026-06-06,24.88,82.1,4,2.3,Seoul,rain,van,same_day,small|fragile,6885.0,15,127.0
ORD-20260262,2026-03-12,33.21,20.9,3,5.2,Daegu,clear,motorbike,normal,small,6982.0,12,106.4
ORD-20260263,2026-07-07,60.25,74.4,5,3.9,Seoul,clear,van,normal,medium,9000.0,14,214.5
ORD-20260264,2026-04-15,34.23,57.4,7,0.2,Busan,rain,van,express,large|fragile,8226.0,15,161.0
ORD-20260265,2026-06-20,26.17,71.5,4,5.4,Busan,clear,motorbike,normal,medium,5501.0,18,135.9
ORD-20260266,2026-03-23,30.95,49.1,6,8.3,Daegu,rain,van,normal,medium|fragile,6428.0,16,140.8
ORD-20260267,2026-04-10,20.05,26.3,3,4.1,Daegu,cloudy,motorbike,normal,medium,4857.0,21,94.6
ORD-20260268,2026-07-26,10.61,61.0,6,6.1,Seoul,rain,truck,same_day,medium,5605.0,11,100.1
ORD-20260269,2026-01-29,56.83,51.8,2,5.0,Daegu,clear,van,same_day,medium|fragile,9615.0,9,177.0
ORD-20260270,2026-05-22,7.05,23.4,6,5.9,Incheon,clear,van,normal,small|fragile,4525.0,20,87.3
ORD-20260271,2026-06-11,14.26,40.2,4,5.5,Seoul,clear,van,normal,medium,4759.0,12,85.1
ORD-20260272,2026-04-07,10.08,75.3,7,3.8,Daegu,rain,van,normal,medium,4963.0,11,118.2
ORD-20260273,2026-07-14,38.9,57.5,2,3.2,Seoul,cloudy,motorbike,express,medium,7828.0,22,141.7
ORD-20260274,2026-06-25,6.15,63.8,3,7.1,Seoul,rain,van,normal,medium|fragile,3375.0,20,107.5
ORD-20260275,2026-03-03,49.64,69.4,2,3.3,Incheon,cloudy,van,normal,small|fragile,7641.0,21,175.6
ORD-20260276,2026-05-27,57.41,52.3,6,2.6,Seoul,clear,truck,normal,medium|fragile,8229.0,6,204.2
ORD-20260277,2026-07-21,15.1,80.1,4,0.7,Daejeon,clear,truck,same_day,medium,6250.0,15,102.0
ORD-20260278,2026-05-25,31.39,193.2,7,4.5,Busan,clear,van,normal,small,6312.0,19,148.8
ORD-20260279,2026-02-09,20.38,75.5,5,2.9,Busan,clear,van,normal,large|fragile,5468.0,21,125.3
ORD-20260280,2026-05-29,15.87,54.9,1,3.7,Seoul,cloudy,van,express,large,5801.0,16,92.5
ORD-20260281,2026-05-29,13.72,62.1,7,0.6,Daejeon,rain,truck,normal,small,5528.0,10,118.6
ORD-20260282,2026-02-13,8.63,69.5,5,6.4,Seoul,clear,truck,normal,small,3764.0,11,91.6
ORD-20260283,2026-01-11,15.08,47.9,8,0.5,Daegu,clear,motorbike,express,large,6598.0,12,93.6
ORD-20260284,2026-04-09,47.35,47.6,5,2.0,Seoul,rain,van,normal,small,7907.0,22,194.8
ORD-20260285,2026-02-26,40.75,36.1,3,2.1,Busan,clear,van,normal,medium,7104.0,14,138.5
ORD-20260286,2026-05-17,24.8,47.0,7,4.5,Busan,clear,van,normal,medium,5475.0,17,128.9
ORD-20260287,2026-06-09,30.3,60.9,9,4.6,Daejeon,clear,van,express,small,8616.0,16,125.0
ORD-20260288,2026-07-17,22.36,67.2,6,3.6,Seoul,rain,van,same_day,small,7083.0,14,122.6
ORD-20260289,2026-02-26,29.22,64.4,6,3.5,Incheon,clear,van,normal,medium,5521.0,22,147.9
ORD-20260290,2026-07-30,17.72,24.5,3,5.1,Seoul,rain,van,normal,medium,4709.0,6,105.1
ORD-20260291,2026-02-27,14.08,65.1,4,9.4,Daegu,rain,motorbike,express,medium,5575.0,14,77.3
ORD-20260292,2026-04-04,21.44,64.3,7,6.6,Busan,clear,motorbike,normal,small|fragile,5358.0,13,120.1
ORD-20260293,2026-05-29,25.43,66.3,2,6.2,Daejeon,clear,truck,normal,medium|fragile,5208.0,16,123.4
ORD-20260294,2026-05-28,18.0,65.4,8,2.7,Daegu,clear,van,express,small,7032.0,11,96.7
ORD-20260295,2026-02-07,9.87,44.4,5,9.4,Incheon,clear,van,same_day,small,,9,63.8
ORD-20260296,2026-03-13,23.98,59.9,7,6.5,Seoul,snow,motorbike,express,large,7077.0,6,139.5
ORD-20260297,2026-02-13,29.6,92.8,4,2.0,Incheon,clear,truck,normal,large,4516.0,15,157.0
ORD-20260298,2026-06-10,30.89,40.5,4,6.7,Daejeon,rain,motorbike,normal,small,5729.0,13,124.0
ORD-20260299,2026-05-27,10.18,75.7,4,1.2,Seoul,clear,van,normal,medium,2741.0,17,124.9
ORD-20260300,2026-05-21,7.65,58.9,5,7.6,Busan,clear,van,express,medium,6041.0,13,75.3
ORD-20260301,2026-03-14,16.35,29.5,0,4.9,Seoul,clear,truck,normal,large,4509.0,6,80.2
ORD-20260302,2026-04-19,18.24,34.4,6,2.8,Seoul,clear,van,normal,large|fragile,5118.0,9,125.9
ORD-20260303,2026-02-21,26.64,100.0,7,1.2,Daejeon,clear,van,express,medium,7546.0,11,130.3
ORD-20260304,2026-03-02,9.18,42.4,6,3.8,Incheon,rain,van,normal,small|fragile,3781.0,8,111.5
ORD-20260305,2026-02-22,11.3,61.6,5,6.0,Busan,cloudy,van,normal,small,3521.0,9,103.4
ORD-20260306,2026-03-26,14.8,35.1,3,2.3,Daejeon,clear,truck,same_day,medium,5613.0,13,61.1
ORD-20260307,2026-06-12,20.01,69.4,5,2.7,Daejeon,cloudy,van,same_day,small,6500.0,21,95.4
ORD-20260308,2026-04-13,8.53,51.5,2,2.8,Busan,cloudy,van,express,medium|fragile,4805.0,20,87.6
ORD-20260309,2026-03-16,8.61,46.5,8,5.4,Daegu,cloudy,van,normal,medium,4281.0,22,88.3
ORD-20260310,2026-04-24,27.5,65.3,5,4.6,Seoul,cloudy,van,express,medium,6708.0,19,129.0
ORD-20260311,2026-03-16,44.15,49.3,6,6.2,Busan,cloudy,truck,express,small,9036.0,12,166.3
ORD-20260312,2026-05-21,19.68,46.8,7,6.0,Seoul,clear,van,express,medium|fragile,6805.0,16,109.5
ORD-20260313,2026-05-10,35.63,59.7,4,5.6,Incheon,clear,truck,express,large,8718.0,8,144.6
ORD-20260314,2026-06-24,21.65,32.8,7,3.8,Seoul,clear,truck,normal,large,5670.0,17,121.8
ORD-20260315,2026-02-24,6.74,35.0,3,2.9,Seoul,clear,van,normal,small|fragile,3016.0,20,92.1
ORD-20260316,2026-07-16,251.75,78.7,6,8.8,Seoul,clear,van,normal,medium,4586.0,7,115.4
ORD-20260317,2026-07-29,54.19,60.1,10,1.0,Daegu,cloudy,truck,normal,large|fragile,8208.0,20,227.6
ORD-20260318,2026-08-04,7.83,39.4,5,5.7,Incheon,clear,van,normal,large,3600.0,12,70.1
ORD-20260319,2026-05-06,53.22,11.5,4,7.5,Busan,cloudy,van,normal,small,8322.0,22,144.3
ORD-20260320,2026-04-02,6.76,47.8,3,6.9,Busan,clear,van,normal,large|fragile,3395.0,22,70.1
ORD-20260321,2026-06-09,35.13,86.2,3,3.6,Daejeon,cloudy,van,normal,large|fragile,6681.0,8,175.7
ORD-20260322,2026-07-25,18.05,28.2,8,5.8,Incheon,clear,van,normal,medium,4394.0,10,100.2
ORD-20260323,2026-04-21,6.69,57.6,4,2.7,Seoul,clear,van,normal,medium|fragile,2885.0,17,100.0
ORD-20260324,2026-04-08,20.61,28.6,5,,Busan,clear,motorbike,normal,medium|fragile,4896.0,12,92.5
ORD-20260325,2026-04-16,23.02,67.1,1,1.8,Incheon,clear,van,normal,medium,4954.0,7,118.2
ORD-20260326,2026-07-24,45.21,38.5,5,4.8,Daegu,clear,truck,express,medium,9535.0,9,153.1
ORD-20260327,2026-06-18,37.54,48.6,6,4.0,Daegu,cloudy,van,normal,small|fragile,6675.0,13,152.7
ORD-20260328,2026-06-08,4.93,44.0,7,8.1,Incheon,cloudy,truck,normal,small|fragile,3586.0,22,74.1
ORD-20260329,2026-04-30,15.15,45.2,2,4.7,Daegu,rain,van,normal,medium|fragile,3963.0,11,110.0
ORD-20260330,2026-07-31,17.21,100.0,3,5.1,Seoul,rain,motorbike,normal,small,4721.0,7,133.2
ORD-20260331,2026-02-07,21.76,87.8,2,0.2,Busan,snow,van,normal,medium,4362.0,7,152.6
ORD-20260332,2026-06-01,38.86,41.1,4,4.1,Seoul,snow,motorbike,normal,medium,6715.0,7,161.2
ORD-20260333,2026-04-11,60.79,76.5,6,4.5,Seoul,clear,truck,express,large|fragile,11017.0,10,207.4
ORD-20260334,2026-04-04,14.24,45.1,2,3.7,Daegu,clear,van,normal,medium,4131.0,10,80.2
ORD-20260335,2026-06-07,23.49,98.0,9,4.9,Busan,snow,truck,normal,small,6192.0,9,172.4
ORD-20260336,2026-04-18,15.04,32.7,3,5.5,Busan,rain,van,same_day,medium,5710.0,11,73.3
ORD-20260337,2026-04-26,8.79,29.7,8,2.0,Daejeon,clear,truck,normal,medium,4748.0,22,89.1
ORD-20260338,2026-01-02,10.7,36.6,1,5.6,Seoul,cloudy,van,express,large|fragile,4876.0,22,68.9
ORD-20260339,2026-03-29,6.81,78.4,2,1.1,Daejeon,rain,motorbike,same_day,medium,5456.0,6,67.2
ORD-20260340,2026-08-06,19.36,66.3,4,5.3,Incheon,clear,van,express,large,6585.0,18,114.3
ORD-20260341,2026-03-18,6.96,86.1,3,2.2,Busan,cloudy,motorbike,normal,medium,3890.0,22,84.4
ORD-20260342,2026-03-09,17.77,64.2,5,4.0,Daejeon,rain,van,express,small|fragile,5839.0,9,105.3
ORD-20260343,2026-04-14,13.48,67.6,4,2.2,Incheon,clear,motorbike,normal,medium|fragile,4813.0,19,115.2
ORD-20260344,2026-07-09,43.59,28.2,2,4.5,Daegu,clear,van,normal,medium,7329.0,20,146.2
ORD-20260345,2026-03-12,44.38,42.2,4,3.6,Daejeon,cloudy,van,normal,medium,6472.0,16,163.8
ORD-20260346,2026-04-25,12.26,40.5,4,0.5,Busan,snow,truck,express,small,5882.0,13,104.0
ORD-20260347,2026-03-10,33.54,54.2,6,3.2,Daejeon,clear,van,express,medium,8255.0,21,136.1
ORD-20260348,2026-06-06,46.78,80.7,1,7.0,Busan,clear,van,normal,small|fragile,7186.0,7,179.3
ORD-20260349,2026-04-06,18.52,43.6,3,2.9,Busan,clear,motorbike,normal,large,5414.0,10,99.2
ORD-20260350,2026-07-24,19.91,80.1,6,5.5,Incheon,cloudy,truck,same_day,small,7273.0,10,102.0
ORD-20260351,2026-03-29,53.15,25.7,5,6.7,Seoul,clear,van,express,medium,10032.0,10,152.4
ORD-20260352,2026-05-17,13.96,30.3,9,3.0,Seoul,cloudy,van,express,medium|fragile,6459.0,8,103.9
ORD-20260353,2026-03-17,34.9,26.0,3,8.0,Seoul,cloudy,motorbike,normal,large|fragile,6046.0,6,132.1
ORD-20260354,2026-05-12,51.21,30.5,7,6.5,Incheon,cloudy,truck,express,medium,10207.0,7,170.0
ORD-20260355,2026-05-11,21.24,45.2,3,0.2,Seoul,clear,van,normal,medium,4479.0,11,112.2
ORD-20260356,2026-05-02,48.9,69.3,6,4.0,Seoul,clear,van,normal,medium,8077.0,17,188.5
ORD-20260357,2026-05-07,11.82,57.7,10,5.3,Seoul,clear,truck,normal,medium,4270.0,19,120.4
ORD-20260358,2026-03-25,15.92,63.8,4,5.5,Busan,clear,motorbike,normal,medium,3382.0,12,98.5
ORD-20260359,2026-01-11,26.69,60.9,8,1.4,Busan,cloudy,van,normal,large|fragile,5560.0,18,159.1
ORD-20260360,2026-06-20,16.66,68.6,5,,Daegu,clear,van,express,small|fragile,7083.0,16,88.4
ORD-20260361,2026-08-06,27.28,78.1,5,4.6,Busan,rain,motorbike,normal,small,6106.0,12,140.1
ORD-20260362,2026-01-02,32.75,52.6,2,5.2,Incheon,clear,motorbike,normal,small,5424.0,8,137.3
ORD-20260363,2026-03-15,21.62,36.3,4,3.6,Seoul,clear,van,express,small,6354.0,21,99.7
ORD-20260364,2026-07-15,26.89,41.5,5,1.1,Seoul,rain,motorbike,normal,medium|fragile,5779.0,22,135.0
ORD-20260365,2026-03-21,6.99,41.1,4,6.0,Incheon,rain,van,normal,small|fragile,3256.0,6,72.6
ORD-20260366,2026-03-04,19.21,66.3,6,0.9,Seoul,rain,van,normal,large|fragile,4761.0,15,142.7
ORD-20260367,2026-02-20,49.85,58.6,11,7.0,Seoul,clear,truck,normal,medium,8651.0,11,186.0
ORD-20260368,2026-04-06,20.48,46.0,4,3.7,Busan,cloudy,van,express,large|fragile,6682.0,18,112.4
ORD-20260369,2026-08-01,17.53,84.2,6,4.8,Daegu,clear,van,same_day,small,6265.0,9,107.7
ORD-20260370,2026-03-24,13.04,65.9,6,1.4,Seoul,cloudy,motorbike,normal,small,4862.0,15,101.2
ORD-20260371,2026-08-08,21.87,39.2,7,7.5,Daegu,cloudy,truck,normal,large|fragile,6298.0,19,131.2
ORD-20260372,2026-06-15,29.73,53.0,7,3.7,Seoul,rain,van,normal,medium,7261.0,15,143.9
ORD-20260373,2026-04-09,28.3,46.3,6,3.6,Daegu,clear,truck,normal,large|fragile,5984.0,14,131.1
ORD-20260374,2026-01-08,170.79,89.4,5,2.6,Daegu,clear,motorbike,express,large,8844.0,21,137.1
ORD-20260375,2026-01-12,11.8,53.1,7,3.6,Busan,clear,truck,express,medium|fragile,6487.0,22,96.3
ORD-20260376,2026-05-23,15.27,61.6,6,4.2,Busan,rain,motorbike,normal,medium|fragile,4905.0,18,123.0
ORD-20260377,2026-03-21,14.5,53.2,2,7.8,Daegu,clear,truck,express,large|fragile,5041.0,7,91.6
ORD-20260378,2026-06-27,23.83,78.0,4,4.5,Incheon,clear,motorbike,same_day,medium,6449.0,8,108.9
ORD-20260379,2026-01-01,27.41,40.9,7,4.0,Busan,clear,van,normal,large,6311.0,6,124.5
ORD-20260380,2026-07-16,21.46,40.0,7,4.8,Daegu,rain,van,normal,medium,5077.0,13,119.2
ORD-20260381,2026-07-31,21.24,38.2,12,7.0,Daegu,clear,truck,same_day,large,7361.0,20,123.7
ORD-20260382,2026-07-01,27.68,68.2,6,5.0,Busan,clear,van,normal,medium,5431.0,10,136.0
ORD-20260383,2026-02-07,29.26,64.3,8,7.6,Seoul,clear,truck,express,large,8142.0,12,122.5
ORD-20260384,2026-06-22,15.43,65.4,3,1.9,Seoul,clear,motorbike,normal,medium|fragile,5039.0,19,106.3
ORD-20260385,2026-03-20,8.75,62.1,6,5.2,Daejeon,clear,van,normal,medium|fragile,3882.0,11,86.5
ORD-20260386,2026-07-25,14.64,87.7,5,4.2,Seoul,clear,truck,normal,medium,4858.0,16,123.1
ORD-20260387,2026-02-14,17.87,83.5,4,8.8,Busan,clear,truck,same_day,small|fragile,6740.0,17,113.0
ORD-20260388,2026-03-20,31.73,45.5,2,6.6,Busan,clear,truck,express,small,7730.0,15,111.9
ORD-20260389,2026-04-24,29.45,65.4,7,4.3,Busan,clear,van,express,small,8334.0,6,124.0
ORD-20260390,2026-05-31,15.58,72.6,2,4.2,Busan,clear,motorbike,express,large|fragile,6593.0,20,98.3
ORD-20260391,2026-07-28,15.5,31.1,7,5.8,Daegu,cloudy,truck,normal,medium,4666.0,15,105.4
ORD-20260392,2026-05-01,30.17,68.1,2,4.0,Incheon,clear,truck,normal,small,5676.0,15,126.9
ORD-20260393,2026-07-09,34.55,47.8,8,1.9,Incheon,rain,van,same_day,large|fragile,8538.0,8,148.1
ORD-20260394,2026-01-27,6.54,75.9,2,3.1,Seoul,cloudy,van,express,small,4553.0,17,91.6
ORD-20260395,2026-04-21,22.75,43.8,3,3.1,Seoul,clear,van,normal,medium,4645.0,11,104.7
ORD-20260396,2026-06-28,17.89,59.7,8,5.8,Busan,rain,van,same_day,medium,6249.0,12,100.0
ORD-20260397,2026-05-13,7.9,56.2,3,3.7,Incheon,rain,truck,normal,large,4273.0,22,94.8
ORD-20260398,2026-01-12,21.61,68.3,3,4.0,Busan,clear,truck,normal,medium|fragile,5352.0,11,112.4
ORD-20260399,2026-02-13,11.58,34.8,5,4.1,Incheon,rain,van,normal,large,4284.0,14,93.3
ORD-20260400,2026-06-07,26.92,43.9,2,5.2,Seoul,cloudy,truck,normal,small,5070.0,16,110.6
ORD-20260401,2026-07-15,16.03,55.8,1,7.3,Daegu,clear,van,normal,medium|fragile,4674.0,20,97.6
ORD-20260402,2026-07-11,16.92,38.0,9,4.2,Seoul,cloudy,van,normal,small|fragile,5940.0,14,99.7
ORD-20260403,2026-05-30,16.64,100.0,3,5.2,Busan,clear,truck,normal,small,5190.0,18,127.0
ORD-20260404,2026-05-19,17.56,32.3,6,5.8,Busan,rain,truck,normal,medium,4851.0,8,118.9
ORD-20260405,2026-05-10,23.73,69.2,3,3.8,Daejeon,cloudy,van,same_day,small,6769.0,6,101.8
ORD-20260406,2026-07-23,14.12,57.5,4,4.4,Seoul,cloudy,van,express,small,6472.0,14,85.4
ORD-20260407,2026-01-03,26.81,33.6,2,7.0,Daejeon,snow,van,express,small,6733.0,9,104.1
ORD-20260408,2026-04-18,24.74,60.3,4,4.1,Seoul,clear,van,express,medium,6804.0,21,97.8
ORD-20260409,2026-03-19,21.26,77.8,8,2.6,Seoul,cloudy,van,normal,medium,5752.0,16,130.1
ORD-20260410,2026-02-17,24.32,70.9,6,1.7,Daejeon,cloudy,van,normal,small,5338.0,17,141.5
ORD-20260411,2026-05-30,12.91,56.5,5,6.1,Daegu,cloudy,truck,normal,large,4645.0,18,116.6
ORD-20260412,2026-01-29,17.16,31.9,8,7.9,Daegu,rain,truck,express,large,6330.0,13,103.1
ORD-20260413,2026-07-16,37.78,56.5,6,2.9,Busan,cloudy,van,normal,medium,6618.0,14,154.9
ORD-20260414,2026-04-16,28.98,65.5,5,4.3,Daejeon,clear,van,same_day,small,7096.0,9,126.8
ORD-20260415,2026-07-03,36.3,28.8,5,4.8,Seoul,clear,motorbike,express,large,7764.0,6,120.2
ORD-20260416,2026-01-05,13.48,40.5,5,4.6,Daegu,clear,van,express,large,5633.0,9,94.1
ORD-20260417,2026-02-18,10.82,65.6,9,6.6,Busan,clear,truck,express,medium|fragile,6111.0,19,111.4
ORD-20260418,2026-04-07,15.88,56.4,0,2.6,Daegu,clear,van,normal,medium,4187.0,6,73.4
ORD-20260419,2026-03-13,31.74,69.3,5,4.3,Seoul,cloudy,truck,normal,medium,5624.0,14,144.2
ORD-20260420,2026-06-09,6.4,43.0,2,3.6,Incheon,clear,truck,normal,medium,2462.0,6,64.3
ORD-20260421,2026-07-14,39.51,42.1,6,8.0,Incheon,clear,truck,normal,medium|fragile,7402.0,10,155.1
ORD-20260422,2026-06-28,39.53,42.4,4,6.8,Incheon,clear,truck,normal,medium,6947.0,13,148.0
ORD-20260423,2026-07-13,30.74,21.5,7,0.2,Seoul,rain,van,express,small|fragile,8665.0,12,133.6
ORD-20260424,2026-02-10,27.34,56.6,3,0.2,Daejeon,rain,van,normal,medium|fragile,5510.0,8,150.6
ORD-20260425,2026-07-20,37.36,72.3,2,2.5,Daegu,rain,van,normal,large|fragile,6140.0,22,166.1
ORD-20260426,2026-01-13,11.26,51.9,5,4.4,Seoul,clear,motorbike,normal,medium|fragile,3994.0,9,99.6
ORD-20260427,2026-05-28,15.47,71.5,4,5.6,Busan,rain,van,express,small,5592.0,13,107.2
ORD-20260428,2026-07-08,29.05,70.6,2,4.0,Seoul,snow,motorbike,normal,medium,5992.0,12,149.6
ORD-20260429,2026-02-01,79.79,58.0,5,3.4,Daegu,clear,motorbike,express,large|fragile,12376.0,14,225.3
ORD-20260430,2026-03-24,22.08,87.9,5,6.5,Daegu,clear,truck,express,medium,6788.0,11,108.7
ORD-20260431,2026-02-03,22.33,23.3,2,6.6,Busan,cloudy,truck,normal,medium|fragile,4844.0,7,105.0
ORD-20260432,2026-02-21,30.51,65.7,4,2.5,Seoul,rain,van,same_day,small|fragile,7282.0,19,148.8
ORD-20260433,2026-08-04,31.43,51.2,4,4.8,Daegu,cloudy,van,normal,large,5655.0,16,129.4
ORD-20260434,2026-02-07,11.18,45.0,4,4.6,Seoul,cloudy,truck,normal,small,2888.0,14,92.8
ORD-20260435,2026-03-10,8.46,68.6,2,4.3,Incheon,snow,van,same_day,large,5463.0,20,94.2
ORD-20260436,2026-03-27,28.05,56.6,6,5.0,Daejeon,clear,truck,normal,small,5137.0,19,148.2
ORD-20260437,2026-03-22,15.02,60.8,4,2.6,Incheon,clear,truck,express,small,6380.0,12,89.7
ORD-20260438,2026-02-01,13.24,24.3,9,5.9,Incheon,clear,motorbike,normal,small,4720.0,8,86.1
ORD-20260439,2026-08-04,21.26,59.5,4,6.6,Seoul,clear,motorbike,same_day,medium,6875.0,18,87.1
ORD-20260440,2026-02-18,34.92,60.5,1,4.1,Seoul,clear,van,normal,small,5427.0,15,136.5
ORD-20260441,2026-05-21,13.61,67.3,1,2.3,Busan,clear,van,express,large,5877.0,6,91.0
ORD-20260442,2026-01-03,55.43,48.7,7,7.5,Daegu,clear,truck,normal,large,7791.0,9,200.3
ORD-20260443,2026-06-05,19.82,52.5,5,5.0,Seoul,cloudy,motorbike,normal,small|fragile,5619.0,18,135.4
ORD-20260444,2026-03-07,23.33,68.7,3,5.4,Incheon,clear,van,same_day,medium,7217.0,17,120.1
ORD-20260445,2026-01-23,13.75,30.1,3,3.1,Incheon,rain,van,normal,medium,4390.0,7,94.8
ORD-20260446,2026-06-25,15.15,71.6,7,6.4,Incheon,clear,van,express,medium|fragile,6755.0,15,109.8
ORD-20260447,2026-06-15,57.12,49.5,7,1.5,Incheon,clear,truck,normal,medium|fragile,8149.0,20,208.3
ORD-20260448,2026-05-23,14.01,43.9,4,2.7,Busan,clear,truck,normal,small,3898.0,11,91.6
ORD-20260449,2026-01-02,10.12,58.2,6,4.2,Seoul,rain,motorbike,normal,medium,4185.0,15,110.6
ORD-20260450,2026-04-28,22.57,54.7,8,4.1,Seoul,cloudy,truck,normal,large,6232.0,9,145.0
ORD-20260451,2026-03-18,12.85,45.6,3,6.4,Daejeon,rain,van,express,medium,5230.0,11,86.3
ORD-20260452,2026-06-06,229.93,39.4,8,2.4,Seoul,clear,truck,normal,large,8810.0,17,201.9
ORD-20260453,2026-05-12,9.77,77.5,3,2.8,Seoul,clear,van,express,medium,5528.0,17,88.8
ORD-20260454,2026-05-17,32.42,51.5,8,3.2,Busan,cloudy,motorbike,express,medium|fragile,8363.0,8,147.0
ORD-20260455,2026-04-25,7.28,75.0,6,0.4,Busan,clear,van,normal,small,3878.0,6,87.4
ORD-20260456,2026-03-03,40.64,24.4,6,7.0,Incheon,clear,truck,normal,small,7479.0,16,142.6
ORD-20260457,2026-01-09,3.68,50.5,3,5.4,Seoul,rain,truck,normal,small,3342.0,16,71.4
ORD-20260458,2026-03-07,30.92,71.4,5,5.2,Busan,rain,motorbike,same_day,medium|fragile,7705.0,7,137.3
ORD-20260459,2026-08-01,21.94,41.8,4,5.2,Busan,cloudy,van,normal,large,4642.0,16,107.9
ORD-20260460,2026-07-24,9.92,47.5,8,4.0,Daegu,clear,van,express,small,5841.0,7,78.7
ORD-20260461,2026-01-10,20.39,43.9,9,1.6,Seoul,clear,van,normal,medium,5853.0,20,130.9
ORD-20260462,2026-03-25,9.23,58.7,0,5.4,Seoul,clear,motorbike,normal,medium,,15,80.1
ORD-20260463,2026-01-19,26.66,66.0,4,4.2,Busan,clear,truck,normal,medium,6239.0,20,149.8
ORD-20260464,2026-02-25,13.42,75.6,6,2.0,Busan,clear,motorbike,normal,medium|fragile,4664.0,17,135.1
ORD-20260465,2026-02-13,24.76,66.2,5,2.0,Daejeon,clear,van,express,medium|fragile,7539.0,6,115.8
ORD-20260466,2026-06-08,6.71,63.9,2,5.5,Incheon,clear,truck,express,medium|fragile,5619.0,18,88.8
ORD-20260467,2026-05-26,40.21,45.1,5,1.7,Seoul,clear,van,same_day,small|fragile,8643.0,10,131.3
ORD-20260468,2026-05-10,33.68,59.5,10,4.3,Busan,cloudy,motorbike,normal,medium,7006.0,19,158.4
ORD-20260469,2026-07-09,6.06,67.1,5,5.5,Seoul,clear,van,express,medium,5855.0,9,83.6
ORD-20260470,2026-07-08,6.68,197.3,6,5.3,Seoul,clear,van,express,medium|fragile,6097.0,7,81.9
ORD-20260471,2026-06-20,32.82,74.7,1,0.4,Incheon,clear,van,normal,medium|fragile,5274.0,14,133.5
ORD-20260472,2026-04-13,15.75,84.9,3,4.6,Seoul,rain,van,express,medium,5582.0,13,106.6
ORD-20260473,2026-05-24,16.42,52.2,7,6.7,Incheon,rain,truck,same_day,large,7416.0,16,107.2
ORD-20260474,2026-06-14,18.82,44.4,4,2.8,Seoul,cloudy,van,normal,small,4778.0,21,99.4
ORD-20260475,2026-02-10,14.64,47.5,6,,Incheon,clear,van,same_day,small,5952.0,16,75.0
ORD-20260476,2026-07-11,24.99,80.0,8,6.9,Daejeon,cloudy,motorbike,normal,large,6273.0,6,133.1
ORD-20260477,2026-01-30,33.6,63.6,1,7.6,Incheon,cloudy,truck,normal,small|fragile,6482.0,18,155.6
ORD-20260478,2026-05-23,48.38,45.1,3,3.1,Daegu,snow,truck,express,medium|fragile,10000.0,9,187.9
ORD-20260479,2026-03-25,32.28,72.4,6,2.5,Busan,clear,van,express,small|fragile,8130.0,18,145.6
ORD-20260480,2026-06-26,26.22,58.0,4,5.1,Daegu,clear,van,normal,medium,6264.0,10,134.8
ORD-20260481,2026-04-25,13.68,24.9,4,1.3,Daegu,cloudy,truck,normal,medium,4562.0,18,93.3
ORD-20260482,2026-01-22,26.12,49.6,2,2.0,Seoul,cloudy,truck,normal,small,5304.0,12,119.9
ORD-20260483,2026-04-18,8.55,59.5,5,1.2,Daejeon,cloudy,truck,normal,medium,3426.0,13,97.5
ORD-20260484,2026-06-12,22.4,64.3,6,4.7,Daejeon,cloudy,van,express,medium,7164.0,17,108.3
ORD-20260485,2026-02-17,6.56,65.0,6,4.7,Incheon,clear,van,normal,small,4021.0,6,83.2
ORD-20260486,2026-07-27,24.16,60.0,4,3.3,Seoul,clear,truck,express,small,7056.0,20,129.1
ORD-20260487,2026-06-06,12.69,9.5,5,4.0,Busan,clear,truck,express,medium,5980.0,12,76.0
ORD-20260488,2026-01-28,27.65,36.5,5,5.7,Busan,snow,truck,normal,medium,5500.0,7,160.1
ORD-20260489,2026-03-25,43.06,68.9,7,2.0,Incheon,rain,truck,express,medium,9865.0,6,171.2
ORD-20260490,2026-05-17,16.47,25.3,10,7.7,Busan,cloudy,truck,normal,medium,5364.0,14,97.2
ORD-20260491,2026-01-13,18.2,55.9,5,2.6,Daegu,cloudy,truck,normal,small,4509.0,16,108.6
ORD-20260492,2026-01-22,11.69,56.4,9,5.1,Daegu,clear,van,same_day,large,6495.0,12,84.7
ORD-20260493,2026-05-29,16.4,25.1,3,3.0,Incheon,clear,motorbike,normal,medium|fragile,4615.0,12,86.5
ORD-20260494,2026-03-01,11.18,16.5,7,4.3,Seoul,clear,motorbike,express,medium,6854.0,18,75.6
ORD-20260495,2026-04-19,64.72,39.4,2,3.1,Daegu,rain,van,normal,large|fragile,8355.0,10,218.0
ORD-20260496,2026-05-29,19.07,23.3,7,,Daejeon,rain,motorbike,normal,medium|fragile,4677.0,11,107.7
ORD-20260497,2026-07-20,40.27,59.7,9,7.5,Busan,clear,van,express,small,9541.0,16,139.9
ORD-20260498,2026-04-17,17.26,54.0,3,5.0,Busan,clear,van,normal,large,5049.0,22,103.2
ORD-20260499,2026-02-17,12.19,36.3,7,2.7,Seoul,clear,van,normal,small,4188.0,8,95.8
ORD-20260500,2026-07-27,17.65,36.2,3,3.4,Busan,clear,van,express,medium,6341.0,13,81.0
ORD-20260501,2026-04-07,22.43,60.1,5,7.1,Daejeon,cloudy,truck,normal,small,5496.0,6,112.7
ORD-20260502,2026-04-26,48.38,70.2,1,5.0,Incheon,clear,truck,express,medium,8666.0,18,162.1
ORD-20260503,2026-03-03,21.46,56.6,3,2.8,Busan,clear,van,normal,medium|fragile,4250.0,10,124.9
ORD-20260504,2026-06-29,37.44,75.0,1,2.9,Busan,snow,truck,express,small|fragile,7962.0,14,153.7
ORD-20260505,2026-01-13,28.86,35.2,7,1.3,Daejeon,clear,truck,express,small,7546.0,20,118.9
ORD-20260506,2026-05-26,9.23,34.0,1,2.3,Seoul,clear,van,express,medium|fragile,5957.0,9,78.4
ORD-20260507,2026-05-21,6.41,44.6,5,4.4,Daejeon,cloudy,truck,normal,large,5035.0,17,90.6
ORD-20260508,2026-07-12,5.31,51.7,7,5.7,Daegu,clear,truck,same_day,small,5224.0,12,60.3
ORD-20260509,2026-03-03,25.66,55.8,7,8.9,Daejeon,rain,truck,normal,large,5130.0,12,129.6
ORD-20260510,2026-02-12,11.55,33.3,6,1.7,Seoul,clear,truck,normal,medium,4431.0,15,87.5
ORD-20260511,2026-02-18,47.79,70.9,5,3.6,Seoul,clear,van,express,medium,10352.0,16,164.1
ORD-20260512,2026-02-15,8.69,89.1,0,4.8,Daegu,clear,truck,normal,medium,3296.0,16,89.8
ORD-20260513,2026-06-25,19.47,100.0,6,3.3,Seoul,clear,van,normal,small|fragile,5279.0,22,139.2
ORD-20260514,2026-06-26,9.13,78.9,6,1.8,Daejeon,cloudy,van,normal,medium|fragile,4518.0,16,107.1
ORD-20260515,2026-04-25,17.12,43.9,6,0.2,Daejeon,clear,van,normal,medium,5155.0,16,95.3
ORD-20260516,2026-06-16,29.02,46.6,8,4.6,Seoul,clear,truck,normal,large|fragile,6066.0,19,158.9
ORD-20260517,2026-07-04,32.05,76.8,4,3.3,Busan,clear,van,normal,medium,5635.0,10,150.3
ORD-20260518,2026-07-03,12.68,50.2,4,5.6,Seoul,cloudy,van,normal,small,3415.0,22,94.4
ORD-20260519,2026-04-02,16.8,86.0,7,0.2,Seoul,clear,van,express,large|fragile,6367.0,18,135.9
ORD-20260520,2026-07-05,14.77,20.7,4,6.1,Daegu,clear,van,same_day,large|fragile,6234.0,7,62.8
ORD-20260521,2026-01-31,3.86,53.1,3,4.5,Daejeon,clear,van,same_day,medium,4419.0,13,42.8
ORD-20260522,2026-02-11,25.01,65.2,6,5.0,Busan,cloudy,van,express,small,7830.0,20,126.1
ORD-20260523,2026-04-17,25.1,26.8,7,9.4,Daejeon,clear,motorbike,express,medium,8100.0,20,94.0
ORD-20260524,2026-03-15,14.5,81.5,5,3.8,Incheon,cloudy,truck,normal,large|fragile,4650.0,16,120.8
ORD-20260525,2026-05-03,5.18,55.3,3,2.6,Daejeon,clear,truck,express,small|fragile,5295.0,8,62.3
ORD-20260526,2026-07-29,36.07,50.2,3,4.2,Busan,clear,van,normal,medium,6610.0,22,141.4
ORD-20260527,2026-08-01,5.11,82.7,7,4.2,Busan,cloudy,truck,express,small,5799.0,11,89.4
ORD-20260528,2026-01-26,14.29,69.4,3,8.0,Daejeon,rain,van,normal,large,4599.0,6,104.6
ORD-20260529,2026-05-06,33.38,80.2,6,2.9,Busan,cloudy,motorbike,normal,small|fragile,7083.0,7,160.5
ORD-20260530,2026-04-26,18.55,72.2,4,5.6,Seoul,cloudy,van,normal,large|fragile,4811.0,13,119.1
ORD-20260531,2026-05-08,23.33,68.2,6,3.5,Incheon,clear,van,normal,small,6240.0,16,128.5
ORD-20260532,2026-02-11,19.61,78.2,4,8.2,Incheon,cloudy,truck,normal,small,4408.0,14,115.3
ORD-20260533,2026-06-07,31.96,61.9,2,2.6,Daegu,clear,van,express,medium,8275.0,8,119.7
ORD-20260534,2026-02-13,47.99,43.7,5,0.2,Busan,rain,van,normal,small,7491.0,10,178.8
ORD-20260535,2026-06-09,10.0,74.8,6,5.9,Daegu,clear,van,express,small,6533.0,21,86.2
ORD-20260536,2026-06-07,11.75,76.2,2,4.8,Daegu,clear,van,same_day,large,5984.0,9,87.7
ORD-20260537,2026-07-02,11.49,49.0,2,7.4,Seoul,clear,truck,normal,small,3663.0,19,99.6
ORD-20260538,2026-07-26,17.55,59.1,8,4.5,Seoul,cloudy,van,express,large,7096.0,18,119.8
ORD-20260539,2026-02-20,22.98,51.1,7,6.6,Busan,rain,van,normal,large|fragile,5800.0,8,142.5
ORD-20260540,2026-04-13,22.15,44.5,5,6.3,Seoul,cloudy,van,normal,large|fragile,5542.0,12,113.2
ORD-20260541,2026-04-23,22.95,64.6,6,2.1,Seoul,clear,motorbike,same_day,large,6901.0,15,115.3
ORD-20260542,2026-05-25,35.97,37.4,6,2.9,Busan,clear,motorbike,same_day,small,8821.0,7,125.2
ORD-20260543,2026-04-07,34.34,52.8,6,4.8,Incheon,clear,motorbike,normal,small,6668.0,22,134.0
ORD-20260544,2026-01-21,20.62,63.6,7,,Busan,clear,van,express,medium,8075.0,12,114.0
ORD-20260545,2026-07-18,12.05,40.9,5,4.4,Incheon,snow,van,normal,medium,4455.0,14,99.8
ORD-20260546,2026-01-27,10.31,27.8,9,4.4,Seoul,clear,van,normal,large,4687.0,10,89.2
ORD-20260547,2026-01-09,20.44,81.5,6,1.8,Busan,clear,truck,normal,small,5901.0,22,122.0
ORD-20260548,2026-02-14,23.91,51.5,6,5.4,Seoul,rain,motorbike,normal,small|fragile,6251.0,13,128.4
ORD-20260549,2026-03-16,13.49,39.1,3,7.0,Seoul,rain,truck,express,medium,6143.0,11,77.0
ORD-20260550,2026-03-23,30.76,86.6,5,1.8,Seoul,clear,van,normal,small,6207.0,18,166.7
ORD-20260551,2026-02-16,37.05,44.0,4,6.0,Daegu,clear,van,normal,medium|fragile,5795.0,18,156.7
ORD-20260552,2026-07-31,16.69,20.6,3,4.6,Seoul,cloudy,van,normal,medium|fragile,4920.0,14,88.2
ORD-20260553,2026-04-17,22.3,100.0,3,0.3,Busan,cloudy,truck,normal,medium|fragile,5246.0,21,141.6
ORD-20260554,2026-01-10,26.05,55.1,12,3.9,Incheon,clear,motorbike,express,medium|fragile,8449.0,21,126.6
ORD-20260555,2026-07-21,4.55,70.0,1,5.2,Busan,clear,motorbike,normal,medium,2994.0,11,60.3
ORD-20260556,2026-01-05,34.24,49.2,5,6.2,Daejeon,cloudy,truck,normal,medium,5958.0,11,133.2
ORD-20260557,2026-04-10,8.47,72.2,4,2.5,Daegu,clear,truck,express,small|fragile,5669.0,18,83.2
ORD-20260558,2026-04-14,13.08,100.0,2,0.3,Seoul,rain,van,express,small,5760.0,20,116.5
ORD-20260559,2026-04-12,18.05,45.6,6,0.2,Daegu,cloudy,van,normal,medium|fragile,4508.0,16,113.0
ORD-20260560,2026-03-13,11.98,41.1,6,0.9,Seoul,clear,van,normal,medium|fragile,4584.0,9,104.9
ORD-20260561,2026-02-03,5.25,69.5,6,4.8,Seoul,cloudy,motorbike,normal,medium|fragile,3249.0,9,110.8
ORD-20260562,2026-07-10,25.81,47.9,7,2.6,Incheon,clear,van,same_day,small,7006.0,11,116.3
ORD-20260563,2026-06-14,12.02,46.4,9,4.5,Incheon,clear,motorbike,express,medium|fragile,6283.0,21,83.5
ORD-20260564,2026-03-07,19.75,55.4,10,5.8,Incheon,snow,van,normal,small,6574.0,6,134.7
ORD-20260565,2026-02-18,14.77,49.8,3,5.3,Seoul,clear,motorbike,normal,medium,4408.0,8,85.2
ORD-20260566,2026-03-28,30.54,57.7,7,9.8,Busan,rain,motorbike,same_day,medium,7680.0,11,116.7
ORD-20260567,2026-07-22,23.81,60.5,4,2.1,Seoul,clear,motorbike,normal,medium,5397.0,14,115.5
ORD-20260568,2026-03-22,10.8,46.7,5,3.9,Busan,cloudy,truck,same_day,medium,6055.0,19,91.4
ORD-20260569,2026-04-14,21.46,60.8,1,6.0,Daegu,cloudy,van,normal,medium,4399.0,9,107.4
ORD-20260570,2026-01-19,13.27,54.2,10,6.5,Daejeon,cloudy,van,normal,small,5165.0,14,105.8
ORD-20260571,2026-03-02,21.77,65.8,7,6.9,Busan,clear,van,same_day,medium|fragile,7393.0,11,101.3
ORD-20260572,2026-07-22,12.8,59.3,4,4.0,Incheon,clear,motorbike,normal,large|fragile,4483.0,13,91.7
ORD-20260573,2026-04-27,28.09,64.4,7,3.3,Daegu,cloudy,motorbike,normal,medium,5994.0,12,129.0
ORD-20260574,2026-03-18,41.44,66.1,3,5.0,Busan,cloudy,motorbike,express,large|fragile,,6,142.9
ORD-20260575,2026-06-09,39.03,63.1,6,3.7,Seoul,clear,truck,normal,large|fragile,5691.0,13,167.5
ORD-20260576,2026-07-19,16.05,63.9,5,4.6,Busan,clear,motorbike,express,medium,6093.0,20,95.5
ORD-20260577,2026-01-22,51.95,48.3,4,0.2,Incheon,clear,van,normal,small|fragile,8239.0,10,170.0
ORD-20260578,2026-07-05,12.93,54.1,4,5.9,Daejeon,snow,truck,normal,large|fragile,4702.0,13,112.1
ORD-20260579,2026-06-06,43.77,33.0,8,2.3,Seoul,clear,van,normal,medium,7831.0,21,152.4
ORD-20260580,2026-08-01,38.27,73.1,6,1.6,Seoul,clear,truck,normal,small|fragile,6568.0,6,172.1
ORD-20260581,2026-03-31,57.42,5.2,4,3.5,Seoul,clear,van,same_day,large|fragile,10501.0,18,169.1
ORD-20260582,2026-03-13,25.8,86.2,6,2.4,Incheon,clear,van,same_day,medium,7491.0,13,130.3
ORD-20260583,2026-02-14,16.73,33.6,6,4.3,Busan,clear,motorbike,normal,small,5072.0,20,102.9
ORD-20260584,2026-07-12,17.81,53.1,5,3.6,Daejeon,cloudy,van,express,medium|fragile,6397.0,12,96.7
ORD-20260585,2026-02-01,38.88,47.1,5,3.8,Seoul,clear,van,normal,small,6266.0,8,160.6
ORD-20260586,2026-05-10,45.43,35.0,3,4.4,Seoul,rain,truck,express,medium|fragile,9585.0,7,170.4
ORD-20260587,2026-03-05,21.41,73.5,3,5.8,Daegu,rain,van,normal,small,,12,111.7
ORD-20260588,2026-02-15,51.19,69.0,6,0.2,Incheon,cloudy,motorbike,normal,small,7755.0,21,180.4
ORD-20260589,2026-04-23,29.45,67.3,13,3.4,Seoul,clear,van,express,large,8975.0,13,151.3
ORD-20260590,2026-01-26,15.81,55.1,4,5.8,Seoul,snow,van,normal,medium,5024.0,9,131.8
ORD-20260591,2026-02-17,12.11,6.5,9,4.5,Seoul,clear,truck,normal,large|fragile,5112.0,6,113.5
ORD-20260592,2026-03-11,7.09,58.1,5,8.8,Busan,snow,van,normal,small,3683.0,13,84.2
ORD-20260593,2026-07-19,9.58,36.7,8,4.4,Seoul,clear,truck,normal,small,4741.0,15,91.1
ORD-20260594,2026-03-26,6.05,67.1,1,3.8,Daegu,clear,van,normal,large,2189.0,10,68.3
ORD-20260595,2026-05-31,39.28,78.6,7,6.3,Daegu,clear,van,express,small,,11,150.0
ORD-20260596,2026-01-21,6.55,56.0,4,,Seoul,clear,van,normal,medium,3603.0,11,78.4
ORD-20260597,2026-05-02,23.12,35.3,3,4.7,Daejeon,cloudy,van,normal,small,4603.0,14,115.9
ORD-20260598,2026-05-22,16.44,75.4,4,0.2,Busan,clear,van,same_day,small,5808.0,19,107.4
ORD-20260599,2026-06-16,8.58,30.1,6,0.2,Daejeon,clear,truck,normal,medium,4291.0,6,81.4
ORD-20260600,2026-01-23,29.37,49.3,5,3.8,Busan,cloudy,truck,normal,medium,5651.0,17,148.1
ORD-20260601,2026-08-08,47.15,77.3,4,4.5,Daejeon,cloudy,van,normal,small,7377.0,14,157.7
ORD-20260602,2026-05-19,22.61,65.4,5,5.5,Seoul,cloudy,van,same_day,large,6909.0,14,115.8
ORD-20260603,2026-02-17,24.5,70.8,5,2.6,Seoul,rain,motorbike,normal,small,5829.0,14,128.8
ORD-20260604,2026-07-01,13.92,21.6,6,8.0,Seoul,cloudy,van,express,large,5485.0,8,70.1
ORD-20260605,2026-05-26,9.3,51.8,5,0.2,Seoul,rain,truck,express,small,5902.0,20,99.0
ORD-20260606,2026-07-31,21.88,79.0,10,7.7,Busan,clear,van,express,medium,7376.0,8,131.7
ORD-20260607,2026-04-09,26.85,52.4,4,5.9,Seoul,clear,motorbike,normal,medium|fragile,5042.0,21,116.3
ORD-20260608,2026-06-30,30.49,52.1,5,3.7,Busan,clear,van,normal,small|fragile,6491.0,19,149.6
ORD-20260609,2026-01-11,8.89,77.1,4,8.1,Daejeon,snow,van,express,small|fragile,5393.0,8,103.6
ORD-20260610,2026-05-14,21.67,97.4,1,5.9,Daegu,rain,van,normal,small|fragile,5055.0,11,125.5
ORD-20260611,2026-04-05,33.68,25.9,3,,Busan,clear,van,same_day,small|fragile,8000.0,21,102.0
ORD-20260612,2026-02-27,10.69,59.6,6,6.5,Daejeon,clear,van,normal,large|fragile,4637.0,11,100.2
ORD-20260613,2026-05-30,31.63,35.9,4,6.9,Seoul,rain,truck,normal,small|fragile,5314.0,9,145.1
ORD-20260614,2026-01-29,33.97,67.7,5,1.3,Incheon,clear,van,same_day,large,8028.0,16,139.8
ORD-20260615,2026-04-06,6.14,92.7,5,6.6,Daegu,cloudy,van,express,medium,5640.0,7,81.7
ORD-20260616,2026-02-25,15.38,65.1,4,4.0,Seoul,cloudy,truck,express,medium|fragile,6372.0,13,111.2
ORD-20260617,2026-03-17,32.15,65.8,4,2.4,Daegu,clear,van,express,large|fragile,7371.0,19,148.8
ORD-20260618,2026-01-23,26.92,33.5,9,2.3,Seoul,rain,van,normal,medium,6229.0,13,138.3
ORD-20260619,2026-01-24,32.16,66.3,4,1.3,Daejeon,clear,truck,normal,large|fragile,5607.0,6,155.5
ORD-20260620,2026-05-25,10.67,47.0,7,0.7,Daejeon,clear,van,same_day,medium|fragile,5510.0,8,93.6
ORD-20260621,2026-04-28,29.74,52.4,6,4.9,Daejeon,cloudy,van,normal,medium|fragile,6164.0,9,148.7
ORD-20260622,2026-04-30,10.66,55.9,2,6.4,Busan,clear,truck,normal,medium,4299.0,20,110.6
ORD-20260623,2026-03-22,7.37,76.2,6,4.8,Daejeon,rain,van,normal,small,4049.0,12,101.3
ORD-20260624,2026-01-13,19.87,21.1,2,4.5,Daejeon,clear,van,express,medium|fragile,6598.0,10,75.3
ORD-20260625,2026-08-01,28.55,83.0,10,3.9,Seoul,clear,truck,same_day,medium,8273.0,9,146.4
ORD-20260626,2026-04-07,10.99,57.7,7,6.2,Seoul,clear,truck,normal,large,4783.0,18,121.5
ORD-20260627,2026-03-30,23.38,48.1,9,0.2,Seoul,rain,van,normal,medium|fragile,5859.0,8,160.8
ORD-20260628,2026-03-31,11.16,5.0,5,5.5,Busan,rain,motorbike,express,large,6784.0,16,57.5
ORD-20260629,2026-07-26,12.59,47.2,4,6.0,Incheon,clear,motorbike,normal,large|fragile,3194.0,18,101.4
ORD-20260630,2026-05-17,25.68,55.7,3,5.3,Seoul,clear,truck,express,medium|fragile,7194.0,19,119.2
ORD-20260631,2026-06-19,48.11,49.4,4,4.5,Busan,clear,van,express,small,9594.0,16,154.3
ORD-20260632,2026-08-06,19.79,39.1,6,5.0,Seoul,clear,van,normal,small,4875.0,13,92.4
ORD-20260633,2026-06-03,22.24,74.3,4,1.7,Incheon,clear,van,express,small|fragile,6993.0,7,120.7
ORD-20260634,2026-04-21,17.63,28.7,9,5.7,Daegu,clear,truck,normal,large|fragile,4742.0,19,122.4
ORD-20260635,2026-04-12,25.69,28.6,3,4.7,Incheon,clear,motorbike,express,small,8146.0,21,83.5
ORD-20260636,2026-07-21,12.9,55.3,7,7.5,Busan,rain,van,normal,medium,4866.0,15,98.9
ORD-20260637,2026-01-22,28.45,74.6,7,1.7,Seoul,rain,truck,normal,large,5044.0,9,166.7
ORD-20260638,2026-05-21,40.18,60.6,6,1.6,Seoul,clear,truck,same_day,medium,9651.0,7,153.9
ORD-20260639,2026-07-16,18.54,53.3,7,8.3,Incheon,cloudy,motorbike,normal,medium,5093.0,13,102.0
ORD-20260640,2026-02-11,20.78,56.1,10,5.2,Seoul,clear,truck,normal,large|fragile,5794.0,16,153.3
ORD-20260641,2026-06-02,21.15,55.4,7,6.0,Daegu,clear,van,normal,large,5310.0,8,130.4
ORD-20260642,2026-04-21,9.6,58.3,2,1.0,Incheon,clear,truck,normal,medium,3357.0,7,96.4
ORD-20260643,2026-01-05,8.21,58.8,9,8.8,Seoul,rain,van,same_day,small|fragile,5598.0,16,81.7
ORD-20260644,2026-07-15,12.89,46.7,5,6.8,Daegu,rain,motorbike,normal,medium,4231.0,14,87.2
ORD-20260645,2026-06-06,9.91,38.4,3,4.8,Incheon,clear,truck,express,small|fragile,6111.0,21,71.5
ORD-20260646,2026-01-17,42.22,61.9,4,6.0,Daejeon,cloudy,motorbike,normal,large|fragile,7813.0,14,154.0
ORD-20260647,2026-04-19,6.97,63.5,2,5.1,Seoul,cloudy,van,normal,medium,4037.0,18,107.2
ORD-20260648,2026-02-21,18.76,70.6,8,3.4,Busan,cloudy,van,express,large|fragile,6626.0,7,126.9
ORD-20260649,2026-03-28,17.36,57.9,4,4.5,Seoul,cloudy,motorbike,normal,small,4854.0,20,115.9
ORD-20260650,2026-02-09,42.8,84.8,8,6.0,Daejeon,clear,motorbike,normal,large,7471.0,7,180.4
ORD-20260651,2026-05-22,23.05,31.7,4,1.6,Seoul,rain,van,normal,medium,4453.0,17,125.7
ORD-20260652,2026-02-22,9.97,75.1,7,4.9,Daejeon,clear,van,normal,medium|fragile,4450.0,8,120.5
ORD-20260653,2026-04-27,10.21,85.0,6,5.5,Seoul,clear,truck,same_day,medium|fragile,5612.0,14,97.7
ORD-20260654,2026-07-23,26.81,58.1,6,6.9,Seoul,cloudy,truck,same_day,small|fragile,7730.0,17,131.4
ORD-20260655,2026-04-05,28.55,62.3,5,4.0,Busan,clear,motorbike,same_day,medium,7300.0,13,122.2
ORD-20260656,2026-01-21,8.12,62.0,8,6.7,Seoul,clear,motorbike,normal,large,4871.0,22,97.0
ORD-20260657,2026-01-07,39.91,43.4,5,5.3,Busan,rain,truck,normal,medium,6713.0,21,166.9
ORD-20260658,2026-04-27,54.68,74.6,9,2.9,Daegu,rain,van,normal,small,8808.0,13,211.4
ORD-20260659,2026-02-14,4.57,36.8,1,5.5,Seoul,clear,van,normal,small,3326.0,11,44.4
ORD-20260660,2026-01-09,16.23,62.7,3,4.2,Incheon,clear,truck,normal,medium,4889.0,21,115.5
ORD-20260661,2026-05-03,20.53,61.1,6,4.3,Seoul,cloudy,motorbike,same_day,medium,6606.0,16,97.7
ORD-20260662,2026-05-20,35.23,84.0,2,8.2,Incheon,clear,van,normal,small|fragile,6636.0,17,137.3
ORD-20260663,2026-05-17,39.92,49.8,3,3.1,Daegu,clear,van,normal,small|fragile,6636.0,17,162.9
ORD-20260664,2026-03-29,36.27,79.4,7,8.3,Seoul,clear,van,normal,medium,6865.0,11,156.1
ORD-20260665,2026-04-06,28.23,41.4,9,6.4,Seoul,clear,truck,express,small|fragile,7963.0,16,133.0
ORD-20260666,2026-04-20,36.5,36.6,7,2.2,Daejeon,rain,truck,normal,large|fragile,7321.0,18,169.4
ORD-20260667,2026-08-05,23.4,43.6,7,5.7,Daejeon,snow,van,normal,small,5400.0,22,116.3
ORD-20260668,2026-02-09,32.42,27.8,4,2.6,Busan,clear,van,normal,small,5786.0,21,119.6
ORD-20260669,2026-06-04,7.92,55.7,5,5.0,Daegu,clear,motorbike,normal,medium,3896.0,7,93.9
ORD-20260670,2026-07-16,26.25,152.9,5,8.2,Daegu,cloudy,van,normal,medium,5636.0,21,125.7
ORD-20260671,2026-08-03,18.89,14.1,5,2.6,Seoul,cloudy,truck,same_day,small|fragile,6266.0,18,96.8
ORD-20260672,2026-05-15,22.04,31.4,2,4.8,Daegu,clear,van,same_day,large|fragile,7239.0,18,106.6
ORD-20260673,2026-05-13,37.59,44.8,2,1.8,Busan,clear,van,same_day,small,7526.0,8,130.7
ORD-20260674,2026-03-27,12.6,50.0,5,6.1,Busan,clear,truck,normal,small,4522.0,15,88.1
ORD-20260675,2026-06-05,20.37,44.5,6,4.3,Daejeon,clear,van,normal,medium,4444.0,19,116.5
ORD-20260676,2026-01-08,48.65,38.6,1,4.6,Seoul,clear,van,normal,medium,7936.0,6,154.0
ORD-20260677,2026-01-06,24.6,45.3,5,6.2,Busan,cloudy,truck,normal,large|fragile,5432.0,13,139.6
ORD-20260678,2026-04-11,7.64,69.4,7,5.6,Daegu,cloudy,van,normal,large,4468.0,22,99.8
ORD-20260679,2026-05-26,33.9,57.5,1,2.2,Daejeon,cloudy,van,normal,large,5635.0,10,130.1
ORD-20260680,2026-07-24,30.13,63.4,7,0.2,Seoul,clear,van,same_day,medium|fragile,8346.0,15,131.2
ORD-20260681,2026-07-27,15.68,59.5,4,5.7,Seoul,rain,truck,same_day,small,5173.0,9,100.1
ORD-20260682,2026-03-27,19.96,85.4,6,2.3,Seoul,clear,truck,same_day,small,6579.0,15,114.3
ORD-20260683,2026-02-18,57.21,66.7,0,4.5,Seoul,cloudy,truck,express,small|fragile,9328.0,10,177.1
ORD-20260684,2026-06-23,3.63,74.2,9,8.1,Daejeon,cloudy,van,normal,medium,4273.0,8,111.8
ORD-20260685,2026-04-25,14.87,48.5,7,4.1,Busan,rain,truck,normal,medium,4371.0,17,129.9
ORD-20260686,2026-05-25,19.33,38.8,5,0.2,Daegu,clear,motorbike,normal,medium|fragile,5511.0,13,93.0
ORD-20260687,2026-07-06,21.43,76.6,5,3.7,Seoul,snow,motorbike,express,medium,6672.0,20,131.6
ORD-20260688,2026-08-02,21.13,47.8,3,1.5,Daejeon,clear,van,express,medium,6315.0,17,106.8
ORD-20260689,2026-06-24,17.5,82.5,4,0.3,Daegu,clear,van,normal,large,5376.0,13,108.7
ORD-20260690,2026-02-28,31.47,49.4,7,2.7,Busan,cloudy,van,same_day,medium|fragile,7343.0,15,125.9
ORD-20260691,2026-07-15,7.16,50.4,7,0.2,Busan,clear,motorbike,normal,large,3502.0,20,113.2
ORD-20260692,2026-04-25,35.96,32.1,5,4.2,Seoul,rain,van,normal,medium,5669.0,16,130.6
ORD-20260693,2026-08-02,16.65,20.9,4,4.0,Busan,clear,truck,normal,large,4498.0,19,97.7
ORD-20260694,2026-04-08,27.09,55.8,3,0.2,Busan,clear,van,normal,large|fragile,4632.0,6,131.2
ORD-20260695,2026-02-20,13.98,58.4,8,2.9,Busan,snow,van,normal,small,4829.0,22,134.0
ORD-20260696,2026-02-28,17.55,58.1,4,4.1,Daejeon,clear,truck,express,small,5868.0,16,86.9
ORD-20260697,2026-08-03,25.63,59.8,8,2.9,Incheon,cloudy,truck,normal,small,6587.0,22,132.5
ORD-20260698,2026-05-05,39.15,38.1,5,4.1,Busan,clear,motorbike,normal,medium,6340.0,21,136.0
ORD-20260699,2026-06-02,30.77,44.9,5,0.7,Busan,rain,van,normal,medium,6247.0,11,145.9
ORD-20260700,2026-02-12,16.48,27.7,3,5.1,Busan,clear,truck,express,medium,6245.0,20,87.9
ORD-20260701,2026-03-04,13.42,51.4,7,0.8,Daegu,clear,motorbike,express,large,6876.0,14,87.0
ORD-20260702,2026-07-10,16.49,39.0,5,5.9,Incheon,clear,van,normal,medium,5070.0,18,106.0
ORD-20260703,2026-04-18,10.12,48.0,6,1.9,Busan,clear,van,normal,medium|fragile,3948.0,12,88.5
ORD-20260704,2026-01-06,14.28,76.4,2,3.5,Seoul,clear,truck,normal,large,3905.0,22,116.9
ORD-20260705,2026-08-05,32.02,56.1,3,5.1,Busan,clear,van,normal,medium|fragile,6574.0,10,145.3
ORD-20260706,2026-01-14,19.18,40.6,10,4.0,Daegu,clear,van,normal,large,5374.0,14,120.4
ORD-20260707,2026-07-31,18.3,45.8,4,5.3,Busan,clear,truck,express,large,6992.0,18,96.4
ORD-20260708,2026-01-21,31.04,61.5,4,4.2,Daejeon,rain,truck,normal,large,5805.0,13,147.0
ORD-20260709,2026-07-22,6.71,42.0,0,5.6,Daejeon,rain,motorbike,normal,medium|fragile,3330.0,7,63.5
ORD-20260710,2026-01-17,15.32,69.3,3,4.5,Incheon,clear,motorbike,same_day,large|fragile,6822.0,13,82.5
ORD-20260711,2026-02-28,21.52,60.2,3,5.8,Seoul,clear,truck,express,medium|fragile,6422.0,11,93.0
ORD-20260712,2026-08-01,38.05,61.0,5,7.2,Seoul,snow,van,same_day,large,8792.0,15,160.9
ORD-20260713,2026-05-29,26.99,67.1,7,3.4,Seoul,clear,van,express,medium,7920.0,12,127.7
ORD-20260714,2026-05-03,18.78,47.1,4,9.2,Seoul,rain,van,normal,small,4810.0,20,119.7
ORD-20260715,2026-02-21,46.36,39.4,5,7.8,Seoul,cloudy,van,same_day,large|fragile,8978.0,9,160.5
ORD-20260716,2026-06-12,38.9,76.4,5,0.6,Daegu,snow,van,express,large|fragile,9218.0,15,179.6
ORD-20260717,2026-03-08,16.16,38.2,3,4.1,Busan,clear,van,same_day,medium|fragile,6549.0,19,91.1
ORD-20260718,2026-02-07,14.0,68.0,3,7.8,Daegu,clear,truck,normal,medium,4212.0,12,100.7
ORD-20260719,2026-07-30,182.4,66.8,3,0.6,Busan,rain,motorbike,express,small,7359.0,10,139.7
ORD-20260720,2026-07-05,25.46,47.1,6,3.7,Busan,snow,van,normal,large,6244.0,17,149.7
ORD-20260721,2026-06-08,4.28,36.3,8,3.7,Daejeon,cloudy,truck,normal,large|fragile,4452.0,11,87.6
ORD-20260722,2026-06-23,42.88,43.1,2,4.5,Seoul,clear,truck,normal,small,6346.0,14,143.6
ORD-20260723,2026-03-18,12.7,77.3,1,6.5,Busan,cloudy,van,express,large|fragile,4494.0,13,91.0
ORD-20260724,2026-02-15,15.22,68.1,7,3.6,Seoul,clear,truck,normal,medium,4453.0,6,124.1
ORD-20260725,2026-04-09,11.08,56.7,4,4.4,Seoul,rain,van,normal,small,3659.0,20,115.9
ORD-20260726,2026-05-19,45.4,36.3,3,4.4,Incheon,clear,motorbike,same_day,medium|fragile,8623.0,8,143.0
ORD-20260727,2026-04-06,13.66,74.4,3,7.4,Busan,clear,van,normal,medium,4366.0,10,95.2
ORD-20260728,2026-01-22,25.89,70.1,4,2.8,Seoul,clear,truck,express,large,7143.0,11,115.0
ORD-20260729,2026-02-25,30.96,51.1,6,4.1,Seoul,clear,van,normal,medium,6473.0,10,126.1
ORD-20260730,2026-07-01,22.29,52.8,5,2.0,Daejeon,clear,van,same_day,small,6703.0,18,96.3
ORD-20260731,2026-05-21,15.85,52.5,4,5.0,Busan,rain,van,normal,medium,4985.0,21,105.1
ORD-20260732,2026-06-16,79.38,59.5,7,5.4,Daejeon,cloudy,motorbike,normal,medium|fragile,11742.0,10,246.2
ORD-20260733,2026-03-12,33.92,77.1,6,3.9,Seoul,clear,van,same_day,small|fragile,7367.0,22,141.9
ORD-20260734,2026-07-22,29.05,41.6,5,2.9,Seoul,clear,truck,express,medium,7620.0,11,128.2
ORD-20260735,2026-07-13,18.63,69.3,1,6.5,Busan,cloudy,van,express,medium,6580.0,22,90.5
ORD-20260736,2026-06-13,25.97,60.0,5,6.6,Daegu,cloudy,van,express,small,8157.0,15,106.9
ORD-20260737,2026-02-19,38.87,49.8,3,4.8,Busan,rain,van,normal,large,5650.0,8,174.1
ORD-20260738,2026-01-08,14.94,16.4,4,2.5,Daejeon,clear,van,normal,large|fragile,4566.0,16,99.2
ORD-20260739,2026-02-19,8.18,49.2,1,1.5,Busan,clear,truck,normal,small,3406.0,14,77.3
ORD-20260740,2026-01-23,21.3,35.5,7,,Busan,cloudy,van,normal,medium,5610.0,16,105.4
ORD-20260741,2026-06-11,15.07,28.1,3,3.5,Seoul,clear,truck,normal,small|fragile,4457.0,11,97.7
ORD-20260742,2026-03-22,19.99,31.0,4,2.2,Seoul,clear,van,same_day,small|fragile,6394.0,20,91.3
ORD-20260743,2026-03-16,7.15,55.4,8,6.5,Busan,clear,truck,normal,medium,3126.0,15,91.0
ORD-20260744,2026-03-05,20.01,76.1,8,7.1,Daejeon,clear,truck,normal,medium,5787.0,11,116.2
ORD-20260745,2026-05-14,41.47,63.4,6,4.4,Incheon,clear,motorbike,normal,medium,7749.0,16,158.0
ORD-20260746,2026-07-01,24.5,71.3,6,3.8,Daegu,rain,van,normal,small,5639.0,14,132.1
ORD-20260747,2026-02-07,28.77,61.5,8,4.7,Daejeon,cloudy,van,normal,large,5768.0,14,140.6
ORD-20260748,2026-01-27,53.62,61.1,7,2.4,Seoul,clear,van,normal,small|fragile,8456.0,15,193.6
ORD-20260749,2026-04-08,9.37,58.8,6,,Seoul,cloudy,truck,same_day,large,5571.0,6,95.7
ORD-20260750,2026-03-03,36.12,43.7,3,5.0,Daejeon,clear,truck,normal,medium|fragile,6022.0,20,156.2
ORD-20260751,2026-02-15,12.75,80.0,4,3.8,Incheon,clear,truck,normal,large|fragile,4276.0,6,107.3
ORD-20260752,2026-03-16,34.95,80.5,3,6.7,Busan,clear,van,normal,medium,6278.0,6,134.2
ORD-20260753,2026-07-10,8.49,52.4,4,0.2,Seoul,cloudy,motorbike,same_day,small,5776.0,8,75.1
ORD-20260754,2026-02-12,11.0,72.6,3,2.6,Busan,cloudy,van,normal,large,3973.0,8,117.9
ORD-20260755,2026-04-08,17.87,40.3,3,5.5,Seoul,rain,van,normal,medium|fragile,5010.0,13,112.1
ORD-20260756,2026-03-06,15.43,56.2,5,2.6,Daejeon,clear,van,normal,small,4569.0,21,93.2
ORD-20260757,2026-02-15,44.05,74.0,7,10.0,Seoul,clear,motorbike,normal,medium,7678.0,7,175.1
ORD-20260758,2026-03-10,17.66,36.1,5,7.6,Seoul,cloudy,truck,express,medium|fragile,6089.0,21,101.7
ORD-20260759,2026-04-29,31.28,96.2,4,4.9,Daegu,cloudy,van,same_day,small,8153.0,11,126.3
ORD-20260760,2026-02-01,7.48,41.7,4,4.0,Daegu,rain,van,normal,medium,3100.0,9,92.4
ORD-20260761,2026-04-14,25.76,58.0,3,4.7,Seoul,clear,truck,normal,small|fragile,5470.0,11,130.0
ORD-20260762,2026-06-06,48.49,25.5,2,5.2,Busan,clear,truck,express,small,9415.0,21,135.0
ORD-20260763,2026-04-21,16.79,41.0,7,3.6,Daegu,cloudy,motorbike,normal,medium,5122.0,17,127.8
ORD-20260764,2026-05-05,26.99,54.4,6,5.3,Busan,clear,truck,same_day,small|fragile,7250.0,8,117.3
ORD-20260765,2026-03-23,27.59,45.0,5,3.3,Busan,rain,van,normal,small,5721.0,8,131.9
ORD-20260766,2026-08-06,11.34,43.4,6,1.1,Incheon,clear,van,normal,medium|fragile,4441.0,6,92.5
ORD-20260767,2026-05-01,36.18,82.1,5,3.8,Busan,rain,motorbike,same_day,medium,8379.0,11,145.7
ORD-20260768,2026-03-19,4.7,55.2,5,3.3,Seoul,clear,truck,normal,large|fragile,3454.0,19,100.0
ORD-20260769,2026-06-21,28.47,85.5,6,1.7,Seoul,cloudy,van,normal,small|fragile,6249.0,21,158.9
ORD-20260770,2026-07-10,40.84,80.2,6,5.7,Seoul,clear,van,express,large|fragile,8510.0,22,170.3
ORD-20260771,2026-07-22,30.78,87.0,4,6.9,Incheon,rain,van,express,large,7546.0,8,145.5
ORD-20260772,2026-06-28,19.05,55.1,8,4.3,Incheon,clear,truck,normal,medium,5361.0,12,126.8
ORD-20260773,2026-04-27,6.94,47.9,3,1.8,Busan,cloudy,van,normal,small,2486.0,17,89.3
ORD-20260774,2026-05-09,9.58,42.8,6,6.8,Daejeon,clear,van,normal,large,4779.0,15,81.3
ORD-20260775,2026-03-11,13.97,23.0,4,2.4,Busan,clear,van,normal,large,4089.0,22,93.0
ORD-20260776,2026-04-13,15.98,55.3,6,3.3,Incheon,clear,truck,normal,large,5585.0,21,114.0
ORD-20260777,2026-08-08,7.08,48.7,4,7.4,Seoul,clear,van,normal,medium,4583.0,22,61.6
ORD-20260778,2026-01-25,9.2,52.9,6,5.7,Seoul,clear,motorbike,normal,small,4749.0,8,82.9
ORD-20260779,2026-07-19,11.05,35.1,3,5.7,Incheon,cloudy,motorbike,normal,medium,4047.0,13,71.7
ORD-20260780,2026-07-30,48.31,39.2,4,2.3,Seoul,cloudy,van,same_day,large|fragile,8811.0,12,157.3
ORD-20260781,2026-03-03,13.7,32.9,7,3.4,Seoul,cloudy,truck,normal,small|fragile,4592.0,21,105.0
ORD-20260782,2026-03-20,15.48,75.1,7,10.4,Busan,clear,van,normal,medium,5082.0,15,94.9
ORD-20260783,2026-04-24,30.67,48.4,6,3.4,Daejeon,clear,van,normal,medium|fragile,6277.0,21,126.0
ORD-20260784,2026-06-15,9.96,59.4,7,2.1,Seoul,cloudy,van,normal,medium|fragile,3773.0,13,107.6
ORD-20260785,2026-06-20,34.53,63.5,5,0.2,Busan,cloudy,van,normal,medium,6344.0,15,153.3
ORD-20260786,2026-01-27,12.21,45.5,7,4.2,Seoul,rain,truck,normal,small|fragile,4912.0,8,126.3
ORD-20260787,2026-05-07,3.53,76.9,4,3.1,Daegu,rain,motorbike,normal,medium|fragile,2991.0,21,96.0
ORD-20260788,2026-04-13,13.45,81.9,4,3.9,Busan,cloudy,van,normal,small|fragile,5212.0,8,124.2
ORD-20260789,2026-04-09,34.42,71.1,7,4.6,Daejeon,rain,motorbike,normal,medium,7281.0,6,154.8
ORD-20260790,2026-06-12,33.6,52.2,1,0.2,Busan,clear,van,normal,medium|fragile,5885.0,6,137.0
ORD-20260791,2026-07-07,36.76,100.0,2,5.8,Daegu,clear,truck,normal,small|fragile,6643.0,20,162.3
ORD-20260792,2026-07-02,5.75,65.4,7,1.6,Daegu,cloudy,truck,express,medium,6429.0,19,101.6
ORD-20260793,2026-04-01,14.27,76.6,5,6.0,Busan,cloudy,truck,normal,large|fragile,4244.0,9,128.6
ORD-20260794,2026-01-30,18.88,52.4,4,0.8,Incheon,cloudy,van,normal,small,4192.0,9,110.5
ORD-20260795,2026-06-11,12.72,86.3,3,1.4,Seoul,rain,truck,express,medium|fragile,6095.0,10,117.1
ORD-20260796,2026-05-22,10.61,35.6,3,5.4,Busan,cloudy,truck,normal,large,3832.0,20,93.8
ORD-20260797,2026-06-14,19.06,100.0,5,1.9,Incheon,cloudy,motorbike,normal,large|fragile,4435.0,11,136.6
ORD-20260798,2026-04-14,19.88,48.9,7,0.2,Busan,cloudy,truck,normal,medium,5851.0,18,138.1
ORD-20260799,2026-07-30,22.95,61.0,5,5.1,Incheon,cloudy,truck,express,medium,6994.0,9,130.9
ORD-20260800,2026-04-03,29.78,55.9,2,4.4,Daegu,rain,motorbike,express,small,7607.0,10,104.0
ORD-20260801,2026-05-18,15.06,61.6,4,4.2,Daejeon,cloudy,motorbike,normal,large,4780.0,12,102.6
ORD-20260802,2026-01-13,53.13,26.5,6,0.7,Incheon,clear,van,normal,medium|fragile,7672.0,15,182.3
ORD-20260803,2026-07-30,15.99,38.1,2,7.4,Daejeon,clear,truck,express,small,5798.0,14,66.2
ORD-20260804,2026-02-20,36.8,70.1,8,4.8,Daejeon,clear,truck,express,medium|fragile,8169.0,7,170.9
ORD-20260805,2026-03-11,42.57,53.3,6,4.7,Busan,clear,truck,normal,large|fragile,7071.0,12,182.9
ORD-20260806,2026-03-09,27.3,62.3,6,0.6,Busan,clear,van,express,medium,7586.0,7,129.1
ORD-20260807,2026-01-24,19.08,54.5,5,2.4,Seoul,clear,truck,normal,small,4810.0,11,105.4
ORD-20260808,2026-02-09,34.98,88.1,7,7.7,Seoul,cloudy,truck,normal,medium,7142.0,17,174.8
ORD-20260809,2026-04-05,67.58,39.0,3,3.6,Busan,clear,van,same_day,large,11117.0,13,188.5
ORD-20260810,2026-07-13,17.59,76.0,6,1.5,Seoul,clear,van,normal,medium|fragile,4577.0,10,131.3
ORD-20260811,2026-05-23,17.19,69.8,4,5.6,Daegu,cloudy,motorbike,normal,medium,3879.0,18,110.8
ORD-20260812,2026-06-12,9.29,66.3,3,2.7,Seoul,rain,motorbike,normal,medium|fragile,3765.0,14,107.1
ORD-20260813,2026-03-03,11.65,58.1,7,7.7,Busan,clear,truck,same_day,large,6598.0,13,87.6
ORD-20260814,2026-05-04,35.79,68.6,5,2.2,Seoul,clear,truck,normal,large|fragile,7126.0,12,166.7
ORD-20260815,2026-01-05,6.34,39.5,4,8.1,Seoul,clear,van,same_day,large|fragile,5108.0,20,65.2
ORD-20260816,2026-06-10,23.82,74.6,2,1.4,Daejeon,rain,truck,normal,small|fragile,4462.0,16,134.3
ORD-20260817,2026-02-25,18.82,41.4,2,6.0,Seoul,cloudy,truck,express,small,6458.0,20,95.1
ORD-20260818,2026-03-02,24.51,62.3,3,2.1,Daejeon,rain,truck,normal,medium,4894.0,18,134.0
ORD-20260819,2026-06-25,16.84,70.9,2,3.5,Daegu,rain,van,express,large|fragile,5755.0,15,111.9
ORD-20260820,2026-05-30,27.02,51.5,0,3.7,Seoul,cloudy,van,express,medium|fragile,6185.0,21,116.2
ORD-20260821,2026-01-02,15.55,41.4,5,3.6,Busan,clear,truck,same_day,medium,7041.0,20,87.0
ORD-20260822,2026-02-16,8.22,73.8,4,2.2,Daejeon,clear,truck,normal,medium|fragile,3837.0,22,92.0
ORD-20260823,2026-01-08,12.11,40.6,4,3.8,Incheon,clear,van,express,small,5778.0,14,72.8
ORD-20260824,2026-08-08,27.74,69.9,5,1.0,Seoul,cloudy,van,normal,medium,5062.0,10,148.5
ORD-20260825,2026-03-16,4.66,25.2,5,0.2,Daegu,cloudy,motorbike,normal,small,2559.0,21,58.1
ORD-20260826,2026-05-15,19.74,41.2,3,0.3,Seoul,clear,truck,normal,medium|fragile,4914.0,20,124.2
ORD-20260827,2026-05-22,32.77,67.4,7,1.7,Seoul,clear,truck,normal,medium|fragile,6686.0,8,163.6
ORD-20260828,2026-03-31,20.79,48.0,7,1.6,Seoul,clear,van,normal,medium,5689.0,12,108.8
ORD-20260829,2026-03-28,33.58,50.5,4,6.7,Incheon,rain,truck,normal,large,6386.0,22,144.4
ORD-20260830,2026-01-29,7.09,50.7,2,5.2,Daegu,clear,truck,express,medium|fragile,4777.0,18,71.4
ORD-20260831,2026-04-30,18.88,55.9,1,1.5,Busan,clear,van,normal,large|fragile,5349.0,22,116.6
ORD-20260832,2026-04-22,24.02,63.2,5,7.5,Daegu,clear,motorbike,normal,small,5313.0,20,127.4
ORD-20260833,2026-06-19,15.35,61.1,3,3.4,Seoul,clear,van,express,small,6336.0,22,85.0
ORD-20260834,2026-07-09,40.34,41.5,8,4.8,Seoul,clear,van,normal,medium,7170.0,17,163.9
ORD-20260835,2026-07-29,28.64,52.2,6,3.9,Seoul,clear,motorbike,same_day,small,7901.0,12,97.9
ORD-20260836,2026-07-02,8.93,41.9,5,3.9,Busan,rain,truck,express,medium,6100.0,21,74.7
ORD-20260837,2026-05-27,27.2,48.3,3,4.3,Daegu,clear,truck,same_day,medium,,14,100.4
ORD-20260838,2026-08-08,18.29,51.7,3,3.1,Busan,clear,van,normal,large,4714.0,11,105.3
ORD-20260839,2026-03-16,13.89,54.3,8,4.1,Busan,rain,van,express,small|fragile,6246.0,10,95.5
ORD-20260840,2026-02-17,32.46,37.5,6,1.3,Busan,clear,motorbike,same_day,medium,8132.0,7,118.0
ORD-20260841,2026-03-02,26.66,45.9,6,2.0,Daegu,clear,van,normal,small,4547.0,12,129.7
ORD-20260842,2026-04-24,14.62,55.6,7,7.3,Seoul,snow,van,normal,medium|fragile,4499.0,21,114.9
ORD-20260843,2026-06-26,15.08,67.8,6,4.2,Busan,clear,truck,express,small|fragile,6414.0,21,94.0
ORD-20260844,2026-01-11,25.97,63.7,2,4.1,Daegu,clear,van,same_day,medium|fragile,6601.0,17,108.2
ORD-20260845,2026-02-21,7.12,54.8,1,3.6,Daegu,clear,truck,normal,small,3982.0,7,82.8
ORD-20260846,2026-06-10,36.1,59.2,1,5.4,Busan,clear,motorbike,normal,medium,5161.0,7,139.2
ORD-20260847,2026-02-09,26.99,43.7,6,4.4,Daegu,clear,truck,normal,medium,5270.0,8,135.9
ORD-20260848,2026-03-29,23.45,41.8,1,6.1,Incheon,clear,van,normal,large,4929.0,10,106.2
ORD-20260849,2026-05-16,12.29,25.6,5,1.8,Daegu,rain,van,same_day,medium,6551.0,10,85.8
ORD-20260850,2026-07-05,28.0,44.0,0,1.7,Seoul,snow,van,normal,small,5489.0,19,143.1
ORD-20260851,2026-06-10,5.39,61.7,5,4.7,Daejeon,clear,truck,normal,large,4177.0,22,80.9
ORD-20260852,2026-01-26,17.44,46.5,5,4.8,Daegu,cloudy,van,same_day,medium|fragile,6607.0,9,86.4
ORD-20260853,2026-07-12,20.2,77.9,5,2.5,Incheon,snow,truck,normal,medium|fragile,4966.0,22,144.9
ORD-20260854,2026-01-30,44.29,34.8,6,7.5,Busan,clear,truck,normal,small,7656.0,15,161.5
ORD-20260855,2026-03-12,39.17,18.8,6,8.5,Seoul,clear,motorbike,express,large,8987.0,6,120.6
ORD-20260856,2026-07-02,11.84,22.7,6,5.8,Busan,clear,van,normal,small,4785.0,21,69.0
ORD-20260857,2026-03-26,31.86,46.3,8,8.8,Seoul,clear,truck,normal,large|fragile,6334.0,22,156.0
ORD-20260858,2026-03-12,10.68,61.3,6,2.4,Incheon,snow,truck,express,medium,6654.0,17,128.5
ORD-20260859,2026-01-06,10.7,53.6,7,5.4,Daegu,snow,van,normal,medium,3073.0,15,108.8
ORD-20260860,2026-03-05,7.88,49.0,2,4.5,Seoul,clear,van,express,large,5548.0,14,71.5
ORD-20260861,2026-05-30,35.88,36.8,3,4.5,Seoul,clear,van,normal,large,5937.0,21,151.1
ORD-20260862,2026-02-18,15.67,54.4,9,7.8,Incheon,clear,van,express,medium,,14,89.0
ORD-20260863,2026-07-23,7.03,53.8,5,6.2,Busan,clear,motorbike,same_day,small,5361.0,19,68.3
ORD-20260864,2026-07-28,10.79,30.4,4,3.0,Seoul,clear,van,express,small,4871.0,11,57.3
ORD-20260865,2026-07-04,39.31,39.7,5,2.7,Busan,cloudy,van,normal,medium,7109.0,14,153.5
ORD-20260866,2026-04-22,8.58,52.4,5,4.8,Seoul,rain,van,normal,large|fragile,4041.0,19,106.5
ORD-20260867,2026-02-20,24.79,54.9,8,6.8,Daegu,snow,van,same_day,large|fragile,7679.0,14,135.9
ORD-20260868,2026-05-01,23.4,69.9,8,4.5,Busan,rain,motorbike,normal,small,6159.0,22,128.2
ORD-20260869,2026-05-26,22.03,55.6,1,4.2,Seoul,clear,van,express,large,7387.0,19,109.8
ORD-20260870,2026-03-30,12.89,73.7,10,3.7,Daegu,clear,van,same_day,large,7197.0,7,119.1
ORD-20260871,2026-07-06,21.55,67.7,5,2.4,Busan,clear,van,express,small,6921.0,6,101.1
ORD-20260872,2026-06-27,34.91,60.2,4,5.5,Busan,clear,van,same_day,medium,8667.0,22,125.4
ORD-20260873,2026-02-15,27.17,64.8,7,2.7,Incheon,clear,truck,express,small,7622.0,16,121.0
ORD-20260874,2026-05-03,43.88,83.5,11,3.1,Daejeon,clear,van,normal,medium|fragile,7839.0,11,199.5
ORD-20260875,2026-03-20,25.07,75.6,4,7.3,Seoul,clear,van,normal,large,6501.0,21,131.7
ORD-20260876,2026-01-20,62.49,16.7,6,3.6,Daegu,cloudy,truck,same_day,medium|fragile,10700.0,6,187.8
ORD-20260877,2026-05-14,4.31,65.3,4,2.6,Seoul,cloudy,truck,normal,medium,3255.0,16,81.0
ORD-20260878,2026-07-15,15.85,66.1,3,2.8,Daejeon,clear,van,normal,medium,,8,96.6
ORD-20260879,2026-07-13,30.98,62.1,4,4.0,Seoul,clear,van,normal,medium,5871.0,17,146.6
ORD-20260880,2026-01-25,13.4,82.5,8,1.2,Daegu,cloudy,van,same_day,large|fragile,6755.0,13,100.5
ORD-20260881,2026-02-15,30.47,65.0,4,6.2,Seoul,clear,van,same_day,large,7093.0,6,114.5
ORD-20260882,2026-07-09,28.78,39.0,7,2.1,Seoul,clear,motorbike,same_day,small,7663.0,21,113.3
ORD-20260883,2026-05-06,203.47,58.4,2,4.3,Incheon,clear,van,same_day,medium,8828.0,13,131.6
ORD-20260884,2026-06-22,10.0,45.3,6,5.5,Incheon,clear,truck,same_day,large,5901.0,10,73.7
ORD-20260885,2026-03-21,31.54,48.2,5,0.7,Busan,rain,van,same_day,medium,8544.0,10,114.7
ORD-20260886,2026-06-26,19.06,78.7,5,5.8,Busan,rain,van,normal,small,5015.0,21,127.7
ORD-20260887,2026-07-19,13.06,22.1,2,4.9,Busan,clear,van,express,small,6046.0,12,57.9
ORD-20260888,2026-01-19,21.45,32.7,2,6.1,Daegu,clear,van,normal,small,4491.0,13,98.2
ORD-20260889,2026-03-20,19.06,41.9,8,3.9,Daejeon,rain,van,normal,small|fragile,5433.0,13,124.3
ORD-20260890,2026-05-26,23.38,72.1,8,3.8,Busan,clear,van,normal,large,5973.0,6,134.8
ORD-20260891,2026-04-02,49.95,82.7,3,4.9,Seoul,rain,van,normal,large,6670.0,7,205.6
ORD-20260892,2026-07-17,8.45,75.3,7,4.0,Daejeon,cloudy,truck,normal,medium,4086.0,6,111.8
ORD-20260893,2026-01-01,22.79,48.8,8,3.1,Seoul,cloudy,van,normal,medium,5330.0,13,125.5
ORD-20260894,2026-06-17,5.26,55.7,7,6.2,Daejeon,clear,truck,normal,small,3658.0,22,84.8
ORD-20260895,2026-01-18,10.31,70.4,3,0.2,Daejeon,snow,van,normal,small,3660.0,22,111.9
ORD-20260896,2026-07-06,22.15,65.0,5,1.5,Daegu,snow,van,normal,large,4934.0,17,145.7
ORD-20260897,2026-04-22,17.51,52.2,6,7.2,Daejeon,cloudy,truck,normal,medium,5521.0,8,119.8
ORD-20260898,2026-07-29,21.92,59.4,4,7.0,Incheon,clear,van,normal,small|fragile,4723.0,9,126.4
ORD-20260899,2026-01-01,14.43,46.7,2,7.8,Seoul,clear,van,normal,large|fragile,4154.0,14,92.5
ORD-20260900,2026-07-07,15.32,44.6,1,6.7,Busan,clear,van,normal,small|fragile,4244.0,14,89.5
ORD-20260901,2026-02-17,30.39,65.7,5,5.6,Busan,clear,truck,express,small,7533.0,22,131.3
ORD-20260902,2026-07-27,18.52,186.8,7,4.0,Busan,clear,truck,express,small|fragile,6901.0,6,108.1
ORD-20260903,2026-01-22,34.22,49.8,5,1.6,Daejeon,cloudy,motorbike,normal,large|fragile,6472.0,17,149.8
ORD-20260904,2026-02-28,214.14,51.9,2,6.8,Seoul,clear,van,normal,medium|fragile,6111.0,12,130.7
ORD-20260905,2026-03-11,12.89,71.9,4,2.6,Daejeon,snow,truck,express,large,5044.0,19,110.8
ORD-20260906,2026-05-02,11.61,63.1,3,0.2,Incheon,cloudy,truck,express,large,5506.0,12,95.2
ORD-20260907,2026-02-23,25.72,77.5,4,6.0,Busan,clear,motorbike,normal,small,5419.0,8,141.9
ORD-20260908,2026-05-15,40.14,66.9,6,4.0,Incheon,cloudy,van,normal,large,6788.0,18,185.2
ORD-20260909,2026-05-01,4.74,54.0,2,6.9,Busan,clear,truck,normal,medium,3415.0,6,59.7
ORD-20260910,2026-02-07,14.32,45.4,4,6.6,Seoul,snow,motorbike,normal,small,3682.0,17,109.6
ORD-20260911,2026-03-06,11.55,58.7,3,4.4,Seoul,rain,van,normal,medium|fragile,4354.0,12,117.6
ORD-20260912,2026-01-31,10.67,32.7,6,3.0,Daejeon,cloudy,van,normal,large,4341.0,22,78.3
ORD-20260913,2026-03-29,24.32,71.1,5,,Incheon,clear,motorbike,normal,large|fragile,5010.0,6,140.5
ORD-20260914,2026-03-25,11.46,55.6,10,4.1,Seoul,cloudy,motorbike,normal,large|fragile,4666.0,21,108.6
ORD-20260915,2026-06-18,15.46,50.8,5,5.6,Busan,clear,motorbike,express,small,6726.0,15,73.2
ORD-20260916,2026-03-15,17.04,68.4,3,2.0,Seoul,cloudy,motorbike,express,large,6174.0,22,102.2
ORD-20260917,2026-01-17,19.92,31.8,6,8.5,Incheon,cloudy,van,normal,large,4895.0,10,97.8
ORD-20260918,2026-05-14,26.69,38.9,6,5.4,Incheon,clear,truck,normal,medium,6060.0,21,111.0
ORD-20260919,2026-04-03,15.93,48.0,2,1.4,Seoul,cloudy,van,express,large,6056.0,17,109.1
ORD-20260920,2026-07-18,11.89,46.3,4,3.5,Seoul,clear,van,normal,medium,4043.0,8,87.8
ORD-20260921,2026-04-25,43.13,28.6,6,7.6,Seoul,snow,truck,normal,medium|fragile,7501.0,17,169.9
ORD-20260922,2026-02-15,29.23,17.1,7,4.8,Busan,clear,truck,normal,large|fragile,6319.0,7,123.7
ORD-20260923,2026-03-16,24.38,39.1,2,1.6,Daejeon,clear,van,normal,medium,4967.0,16,97.7
ORD-20260924,2026-07-06,24.58,55.3,2,,Seoul,clear,motorbike,normal,medium|fragile,4959.0,14,120.6
ORD-20260925,2026-01-02,33.55,53.7,5,4.5,Daegu,cloudy,truck,same_day,medium,,14,127.4
ORD-20260926,2026-04-27,14.38,76.2,7,5.3,Seoul,rain,motorbike,normal,small|fragile,4593.0,12,114.0
ORD-20260927,2026-04-15,20.56,58.1,6,4.2,Daegu,clear,van,normal,small,5333.0,17,123.9
ORD-20260928,2026-03-02,16.61,85.6,4,8.9,Busan,cloudy,van,normal,medium|fragile,4764.0,19,125.3
ORD-20260929,2026-07-26,18.18,51.9,8,0.2,Incheon,rain,motorbike,normal,medium,4859.0,9,124.7
ORD-20260930,2026-02-16,41.8,38.1,6,5.7,Incheon,rain,van,express,medium|fragile,8789.0,11,151.2
ORD-20260931,2026-02-03,7.67,48.6,4,6.4,Seoul,clear,van,normal,small,4127.0,21,72.8
ORD-20260932,2026-04-10,28.76,59.1,5,2.1,Incheon,cloudy,truck,express,small|fragile,8019.0,8,122.7
ORD-20260933,2026-02-07,20.3,45.2,7,9.3,Busan,cloudy,motorbike,normal,small,5481.0,9,112.1
ORD-20260934,2026-07-04,22.82,60.7,5,5.4,Busan,rain,motorbike,same_day,small|fragile,7098.0,12,108.2
ORD-20260935,2026-07-14,15.65,68.2,6,3.6,Daejeon,clear,truck,same_day,small,5895.0,13,89.7
ORD-20260936,2026-02-18,44.15,59.1,3,2.4,Daegu,rain,truck,normal,large,6983.0,22,180.8
ORD-20260937,2026-01-21,21.28,47.1,7,6.9,Seoul,cloudy,truck,same_day,small,6796.0,14,103.7
ORD-20260938,2026-02-12,29.46,67.1,6,1.7,Incheon,clear,truck,normal,large,5924.0,6,147.5
ORD-20260939,2026-02-25,18.23,41.9,10,6.3,Busan,snow,truck,express,medium,7773.0,9,137.1
ORD-20260940,2026-02-22,15.63,23.8,5,1.8,Seoul,clear,motorbike,normal,small,4961.0,13,82.3
ORD-20260941,2026-07-14,6.72,75.2,8,0.2,Seoul,clear,truck,normal,small,4166.0,19,123.2
ORD-20260942,2026-04-26,22.95,68.9,5,3.9,Busan,cloudy,motorbike,normal,large,5519.0,16,120.1
ORD-20260943,2026-01-07,19.12,44.1,3,4.6,Seoul,clear,van,express,large|fragile,6166.0,18,118.1
ORD-20260944,2026-03-30,11.77,46.4,6,2.6,Busan,clear,motorbike,normal,medium,4313.0,14,94.4
ORD-20260945,2026-04-18,26.91,48.2,4,7.6,Seoul,rain,motorbike,normal,small,5608.0,11,118.9
ORD-20260946,2026-03-06,52.28,39.6,4,1.5,Daegu,clear,van,express,small,9128.0,17,174.3
ORD-20260947,2026-07-21,30.73,90.4,10,1.2,Seoul,rain,motorbike,normal,medium|fragile,6567.0,22,185.7
ORD-20260948,2026-07-01,16.63,96.8,5,4.4,Seoul,clear,truck,normal,medium,4914.0,9,142.2
ORD-20260949,2026-03-11,55.62,48.0,3,0.5,Busan,rain,truck,normal,medium,8002.0,9,202.5
ORD-20260950,2026-04-24,34.63,61.6,5,3.5,Busan,clear,van,express,small,8534.0,17,142.2
ORD-20260951,2026-07-23,21.84,41.0,2,5.3,Busan,rain,van,same_day,medium|fragile,6551.0,19,100.0
ORD-20260952,2026-05-27,19.96,53.8,5,2.5,Incheon,clear,van,normal,small|fragile,4183.0,10,117.1
ORD-20260953,2026-03-19,20.52,50.3,10,3.3,Incheon,clear,van,same_day,medium|fragile,7975.0,16,110.3
ORD-20260954,2026-06-16,24.21,60.6,4,4.1,Seoul,rain,van,express,medium,7165.0,16,110.7
ORD-20260955,2026-05-23,7.45,67.4,3,4.1,Seoul,clear,truck,normal,large,3588.0,15,93.8
ORD-20260956,2026-04-01,20.1,55.7,5,5.3,Incheon,clear,van,same_day,large,7023.0,14,97.3
ORD-20260957,2026-05-01,56.76,50.1,7,2.8,Seoul,clear,motorbike,express,medium|fragile,10584.0,10,180.6
ORD-20260958,2026-07-07,14.71,64.2,4,0.2,Busan,clear,motorbike,normal,medium,4207.0,15,94.0
ORD-20260959,2026-07-31,14.29,98.2,6,2.5,Incheon,clear,motorbike,normal,large,4618.0,6,128.2
ORD-20260960,2026-05-23,15.71,73.7,6,3.3,Busan,rain,motorbike,normal,medium|fragile,5099.0,20,126.9
ORD-20260961,2026-07-31,25.66,44.4,6,3.3,Busan,clear,van,normal,medium,6094.0,10,119.3
ORD-20260962,2026-07-13,15.19,58.4,5,4.1,Incheon,cloudy,truck,normal,small|fragile,3998.0,22,106.0
ORD-20260963,2026-03-25,18.91,34.2,7,6.9,Busan,cloudy,van,normal,small,5040.0,18,103.8
ORD-20260964,2026-04-27,6.73,56.4,5,4.8,Seoul,cloudy,van,same_day,medium|fragile,5839.0,7,89.5
ORD-20260965,2026-01-05,18.8,50.6,5,9.1,Incheon,clear,van,express,large,6929.0,21,86.8
ORD-20260966,2026-04-21,7.36,36.1,4,5.5,Busan,clear,motorbike,express,medium,5315.0,9,59.0
ORD-20260967,2026-07-17,12.82,54.8,4,2.3,Daegu,clear,van,normal,large,4865.0,14,84.9
ORD-20260968,2026-07-09,23.71,40.6,8,6.2,Seoul,clear,van,normal,large,6601.0,13,123.5
ORD-20260969,2026-05-24,17.19,47.0,10,6.1,Daejeon,rain,van,express,small,7882.0,22,99.1
ORD-20260970,2026-03-11,36.55,66.9,5,1.1,Incheon,snow,van,express,small,8505.0,10,145.2
ORD-20260971,2026-02-01,26.84,67.7,4,1.8,Seoul,rain,van,express,small|fragile,6814.0,17,142.0
ORD-20260972,2026-02-05,35.24,55.4,7,0.3,Incheon,clear,motorbike,normal,medium,5954.0,17,172.0
ORD-20260973,2026-03-17,8.12,52.4,3,4.1,Daegu,rain,van,same_day,small|fragile,6045.0,8,69.1
ORD-20260974,2026-07-08,33.14,55.1,8,3.1,Seoul,clear,van,same_day,medium|fragile,8189.0,17,157.0
ORD-20260975,2026-06-03,11.43,66.2,3,7.7,Incheon,rain,van,normal,large|fragile,3566.0,22,90.5
ORD-20260976,2026-07-19,28.89,66.1,9,6.7,Busan,clear,van,same_day,medium,8233.0,18,134.8
ORD-20260977,2026-08-06,15.29,61.9,3,2.0,Seoul,rain,truck,same_day,medium,6210.0,11,103.1
ORD-20260978,2026-05-12,34.55,24.9,2,6.2,Daegu,rain,van,normal,medium,6527.0,12,126.9
ORD-20260979,2026-02-25,22.45,40.0,2,5.1,Seoul,cloudy,van,normal,medium,4870.0,8,109.6
ORD-20260980,2026-05-30,3.84,68.1,4,0.3,Daejeon,clear,van,express,medium,4749.0,8,58.4
ORD-20260981,2026-03-08,27.97,52.8,3,2.7,Incheon,clear,van,express,medium|fragile,7680.0,9,132.1
ORD-20260982,2026-07-23,19.01,36.4,3,5.5,Busan,clear,motorbike,normal,large,4377.0,11,90.6
ORD-20260983,2026-05-07,39.24,56.3,9,5.5,Busan,cloudy,truck,normal,medium,6974.0,6,173.5
ORD-20260984,2026-06-05,9.94,70.3,11,3.6,Daegu,rain,truck,express,large|fragile,6485.0,9,137.1
ORD-20260985,2026-07-08,19.05,57.6,6,5.8,Seoul,clear,van,normal,large|fragile,4925.0,9,137.7
ORD-20260986,2026-06-06,19.86,65.1,3,5.3,Seoul,clear,van,express,small,6228.0,15,98.3
ORD-20260987,2026-07-13,30.48,77.1,7,4.9,Daegu,cloudy,van,express,medium,7948.0,19,134.9
ORD-20260988,2026-01-03,20.4,69.5,7,1.0,Seoul,clear,motorbike,normal,large,4926.0,10,127.8
ORD-20260989,2026-04-13,8.94,11.4,6,3.7,Seoul,rain,van,express,medium|fragile,5634.0,13,80.8
ORD-20260990,2026-06-29,22.09,71.8,3,6.8,Seoul,cloudy,van,express,medium|fragile,7235.0,8,120.2
ORD-20260991,2026-02-02,4.91,84.5,3,4.7,Busan,clear,van,normal,medium|fragile,3514.0,22,97.4
ORD-20260992,2026-02-24,11.8,64.3,6,6.1,Busan,rain,van,express,medium|fragile,6531.0,11,97.4
ORD-20260993,2026-04-29,33.08,100.0,4,6.6,Seoul,clear,van,normal,large,5804.0,17,180.9
ORD-20260994,2026-04-30,14.21,78.8,2,3.9,Incheon,cloudy,van,normal,small|fragile,3947.0,19,121.8
ORD-20260995,2026-02-11,23.61,61.0,7,0.2,Incheon,clear,truck,express,small,7129.0,11,109.0
ORD-20260996,2026-04-09,22.9,37.7,6,4.5,Busan,cloudy,truck,same_day,large,6833.0,12,114.6
ORD-20260997,2026-06-11,13.65,62.6,5,8.2,Busan,clear,van,same_day,large,6486.0,21,75.5
ORD-20260998,2026-06-17,16.24,68.4,3,3.5,Seoul,clear,truck,normal,large|fragile,4630.0,12,113.2
ORD-20260999,2026-02-02,15.27,31.4,9,4.4,Daejeon,clear,truck,normal,medium,5780.0,8,110.7
ORD-20261000,2026-03-28,9.98,40.9,6,3.0,Daegu,cloudy,van,normal,large,3947.0,16,89.9
ORD-20261001,2026-02-16,19.43,44.4,6,4.9,Busan,clear,motorbike,same_day,small|fragile,7176.0,15,85.2
ORD-20261002,2026-04-09,42.59,60.5,7,8.9,Seoul,clear,van,normal,medium|fragile,7293.0,18,187.4
ORD-20261003,2026-01-05,12.81,58.0,9,7.2,Seoul,clear,van,express,medium,7281.0,11,90.0
ORD-20261004,2026-06-18,36.13,41.5,3,0.2,Daejeon,cloudy,van,normal,medium,5426.0,10,130.8
ORD-20261005,2026-03-22,17.98,89.3,7,2.4,Seoul,cloudy,motorbike,normal,medium,5069.0,18,149.4
ORD-20261006,2026-03-17,20.38,84.3,7,5.4,Daejeon,cloudy,motorbike,normal,small,5810.0,21,112.7
ORD-20261007,2026-07-30,26.97,52.3,3,1.7,Incheon,clear,van,normal,medium,5392.0,11,120.8
ORD-20261008,2026-07-01,16.34,53.4,5,3.9,Incheon,clear,van,same_day,small,6224.0,10,85.4
ORD-20261009,2026-05-21,16.02,33.0,6,8.4,Busan,cloudy,van,normal,small,4641.0,19,103.8
ORD-20261010,2026-03-05,8.35,46.3,4,5.5,Busan,clear,van,express,large,4749.0,7,79.1
ORD-20261011,2026-04-07,20.65,77.3,9,12.0,Busan,clear,van,express,small,7820.0,20,112.2
ORD-20261012,2026-04-15,14.96,63.7,3,0.2,Seoul,clear,truck,normal,small,4936.0,16,98.2
ORD-20261013,2026-04-04,43.24,63.3,1,0.2,Daegu,cloudy,motorbike,normal,medium|fragile,6970.0,12,169.8
ORD-20261014,2026-01-12,32.1,32.6,7,0.2,Daejeon,clear,van,express,large,7077.0,9,130.8
ORD-20261015,2026-01-15,16.19,29.8,3,3.7,Daegu,rain,truck,normal,medium,4510.0,19,109.6
ORD-20261016,2026-05-15,8.8,61.1,6,,Busan,cloudy,van,normal,large,4412.0,15,104.0
ORD-20261017,2026-03-20,13.77,47.2,6,5.2,Incheon,clear,truck,express,medium,6256.0,17,92.3
ORD-20261018,2026-04-03,9.23,23.3,2,2.0,Seoul,clear,van,normal,small,3888.0,13,62.6
ORD-20261019,2026-06-27,6.27,33.5,8,4.0,Seoul,rain,truck,normal,medium,4462.0,17,117.9
ORD-20261020,2026-06-18,42.26,67.2,4,5.4,Daegu,rain,motorbike,normal,large,7701.0,14,159.6
ORD-20261021,2026-06-21,27.74,58.2,6,4.7,Busan,clear,van,normal,large|fragile,6718.0,16,139.9
ORD-20261022,2026-01-16,25.2,75.6,2,3.4,Busan,cloudy,motorbike,normal,medium,4481.0,6,126.3
ORD-20261023,2026-04-26,17.03,92.2,3,5.3,Seoul,clear,van,normal,small,4802.0,6,114.7
ORD-20261024,2026-01-07,23.88,64.9,5,4.4,Daejeon,clear,truck,normal,medium,6456.0,15,133.2
ORD-20261025,2026-01-19,5.71,64.3,7,3.4,Busan,cloudy,van,express,small|fragile,5672.0,18,81.2
ORD-20261026,2026-06-12,27.19,89.1,3,3.9,Seoul,clear,motorbike,normal,medium,5380.0,7,130.4
ORD-20261027,2026-07-13,16.59,53.2,3,2.3,Seoul,clear,truck,express,small,6252.0,17,89.1
ORD-20261028,2026-01-18,45.84,41.5,4,6.0,Busan,cloudy,truck,normal,large,7347.0,16,170.1
ORD-20261029,2026-01-26,14.57,58.6,8,3.4,Seoul,clear,truck,normal,large|fragile,4915.0,8,130.4
ORD-20261030,2026-05-15,13.8,57.2,1,0.2,Daegu,clear,motorbike,normal,medium|fragile,4451.0,9,97.1
ORD-20261031,2026-07-21,4.26,72.9,5,3.0,Daegu,cloudy,van,normal,medium,2866.0,19,91.2
ORD-20261032,2026-06-08,14.73,40.6,7,2.6,Daejeon,clear,motorbike,express,medium,6796.0,16,75.3
ORD-20261033,2026-05-11,7.95,37.6,6,0.2,Daegu,clear,truck,express,medium|fragile,5902.0,6,82.9
ORD-20261034,2026-02-28,52.44,46.4,2,5.0,Daejeon,snow,motorbike,same_day,large|fragile,9372.0,7,178.5
ORD-20261035,2026-06-30,15.44,52.9,3,5.1,Seoul,clear,motorbike,same_day,medium,5967.0,6,73.8
ORD-20261036,2026-01-08,20.49,54.0,3,1.2,Seoul,rain,truck,normal,medium|fragile,5435.0,14,133.2
ORD-20261037,2026-07-18,19.37,61.6,1,0.2,Incheon,snow,van,express,large,6080.0,8,122.7
ORD-20261038,2026-03-25,30.74,51.2,4,6.8,Daejeon,rain,motorbike,normal,small|fragile,5400.0,10,128.8
ORD-20261039,2026-03-23,18.9,62.2,6,5.6,Incheon,cloudy,van,express,medium,6151.0,9,102.8
ORD-20261040,2026-01-06,22.86,69.3,3,3.8,Busan,cloudy,van,same_day,small|fragile,6572.0,7,114.6
ORD-20261041,2026-07-26,26.17,34.6,8,3.6,Busan,cloudy,van,express,medium|fragile,8329.0,18,130.0
ORD-20261042,2026-07-09,22.42,53.8,3,5.3,Daegu,cloudy,van,same_day,small|fragile,6462.0,21,92.5
ORD-20261043,2026-02-21,9.12,53.5,5,3.4,Incheon,cloudy,van,normal,large|fragile,4273.0,21,102.9
ORD-20261044,2026-02-25,22.97,65.1,8,6.7,Seoul,cloudy,motorbike,normal,medium,5441.0,21,132.4
ORD-20261045,2026-04-20,31.26,79.5,6,5.5,Daejeon,clear,truck,express,medium|fragile,8658.0,7,145.6
ORD-20261046,2026-06-01,22.52,35.9,8,4.3,Daejeon,clear,truck,normal,small,5131.0,13,112.4
ORD-20261047,2026-05-30,38.35,86.9,7,8.5,Daejeon,clear,truck,normal,small,6598.0,21,161.0
ORD-20261048,2026-03-13,25.64,39.9,5,1.9,Seoul,clear,van,normal,small,5457.0,17,133.1
ORD-20261049,2026-01-24,22.1,87.4,5,0.2,Busan,clear,van,express,small,6729.0,18,125.5
ORD-20261050,2026-06-06,35.66,38.6,3,,Daegu,snow,motorbike,express,medium,8240.0,6,141.3
ORD-20261051,2026-01-14,38.29,53.1,6,2.4,Seoul,snow,van,normal,medium|fragile,6952.0,18,188.4
ORD-20261052,2026-08-06,50.83,37.6,2,0.2,Seoul,rain,van,normal,small,7645.0,6,179.7
ORD-20261053,2026-07-13,41.65,44.1,3,0.2,Incheon,rain,van,normal,small,6789.0,21,157.1
ORD-20261054,2026-01-04,25.14,53.2,6,3.5,Seoul,rain,truck,express,medium,6550.0,8,139.2
ORD-20261055,2026-02-10,27.26,62.6,5,5.0,Seoul,rain,truck,normal,small,5437.0,12,131.8
ORD-20261056,2026-08-08,9.17,69.0,6,1.3,Busan,cloudy,van,express,large|fragile,4940.0,12,82.5
ORD-20261057,2026-07-04,16.57,36.5,7,4.5,Daegu,rain,truck,express,medium|fragile,7378.0,18,114.4
ORD-20261058,2026-01-20,10.03,42.3,4,2.0,Seoul,cloudy,van,express,medium,6407.0,17,87.5
ORD-20261059,2026-02-14,50.16,65.6,5,4.1,Daejeon,clear,truck,normal,medium|fragile,7048.0,16,185.7
ORD-20261060,2026-04-06,31.87,17.6,2,2.8,Busan,cloudy,van,normal,large,5474.0,20,127.3
ORD-20261061,2026-04-10,3.31,59.1,3,1.4,Daegu,clear,motorbike,express,medium,5083.0,6,64.8
ORD-20261062,2026-01-26,17.15,71.7,1,0.2,Seoul,clear,motorbike,normal,small,4009.0,21,104.9
ORD-20261063,2026-04-21,22.38,41.8,5,3.0,Daegu,clear,van,normal,medium,5520.0,11,118.4
ORD-20261064,2026-08-01,25.6,81.0,8,7.1,Daegu,snow,truck,normal,large,5522.0,15,158.2
ORD-20261065,2026-06-12,30.58,75.3,3,0.2,Daegu,rain,truck,normal,medium|fragile,6367.0,14,171.1
ORD-20261066,2026-05-22,60.27,49.3,4,,Seoul,clear,van,express,medium,10588.0,22,177.7
ORD-20261067,2026-05-06,52.4,82.7,5,4.8,Busan,cloudy,truck,same_day,small,9567.0,18,180.6
ORD-20261068,2026-01-08,13.9,63.9,4,0.6,Daegu,clear,van,normal,large|fragile,4565.0,13,104.0
ORD-20261069,2026-04-30,31.38,26.0,4,1.5,Daegu,cloudy,van,normal,large,5438.0,7,130.9
ORD-20261070,2026-01-17,23.51,32.5,6,8.9,Daegu,clear,truck,express,medium|fragile,7764.0,22,100.3
ORD-20261071,2026-02-23,31.84,69.6,6,,Incheon,rain,van,normal,large|fragile,6575.0,22,154.0
ORD-20261072,2026-07-12,9.09,76.1,6,2.7,Seoul,rain,van,express,small,5886.0,10,94.4
ORD-20261073,2026-06-17,27.05,49.3,6,5.7,Daegu,cloudy,truck,same_day,medium,7372.0,7,119.7
ORD-20261074,2026-01-31,20.08,71.0,2,7.7,Daegu,clear,truck,normal,medium,,17,113.0
ORD-20261075,2026-03-26,38.88,39.8,10,3.8,Incheon,clear,truck,normal,small,7373.0,21,165.2
ORD-20261076,2026-05-18,34.95,57.2,6,3.9,Seoul,clear,van,express,medium,8345.0,19,142.1
ORD-20261077,2026-03-28,17.86,55.6,5,0.7,Daegu,cloudy,van,normal,small|fragile,4942.0,14,111.0
ORD-20261078,2026-07-04,11.31,42.3,5,4.0,Busan,clear,truck,normal,medium,4325.0,13,84.1
ORD-20261079,2026-01-13,36.9,55.7,9,6.0,Daejeon,clear,truck,normal,small,6766.0,8,152.1
ORD-20261080,2026-05-13,24.05,38.3,4,1.7,Incheon,clear,van,normal,small,5036.0,16,104.5
ORD-20261081,2026-01-24,49.11,79.6,6,0.8,Daejeon,cloudy,van,normal,small|fragile,8485.0,9,194.2
ORD-20261082,2026-05-11,16.84,60.7,5,3.3,Incheon,clear,van,express,medium|fragile,6930.0,16,98.6
ORD-20261083,2026-04-07,22.63,80.7,5,8.0,Busan,cloudy,truck,normal,large,5366.0,7,143.0
ORD-20261084,2026-03-20,29.15,57.8,7,1.9,Incheon,clear,motorbike,normal,large,6098.0,17,150.6
ORD-20261085,2026-02-26,8.11,65.6,4,4.4,Seoul,rain,van,normal,small|fragile,3635.0,6,106.5
ORD-20261086,2026-05-13,16.33,55.5,4,4.3,Busan,rain,van,normal,medium,4723.0,17,117.3
ORD-20261087,2026-04-15,9.49,14.6,4,2.0,Seoul,cloudy,truck,same_day,small,4739.0,6,59.0
ORD-20261088,2026-06-17,14.37,72.5,6,7.6,Seoul,clear,van,normal,small|fragile,5799.0,7,114.8
ORD-20261089,2026-05-06,21.37,37.3,4,3.4,Seoul,cloudy,truck,normal,small,4919.0,19,132.4
ORD-20261090,2026-03-30,19.07,66.6,5,4.7,Seoul,clear,motorbike,normal,medium,4986.0,9,117.6
ORD-20261091,2026-06-10,20.49,67.0,3,6.1,Daejeon,clear,truck,normal,small|fragile,4534.0,20,128.3
ORD-20261092,2026-04-15,10.79,64.0,4,7.2,Incheon,clear,truck,normal,small,3130.0,7,94.5
ORD-20261093,2026-03-17,38.19,42.2,2,3.8,Daegu,rain,truck,normal,medium|fragile,6210.0,21,157.6
ORD-20261094,2026-07-09,23.97,49.6,6,7.3,Seoul,cloudy,van,normal,medium,6486.0,20,131.7
ORD-20261095,2026-07-15,17.48,79.1,6,5.0,Busan,clear,truck,same_day,medium,6502.0,11,102.4
ORD-20261096,2026-05-10,27.53,11.5,12,8.9,Daegu,rain,truck,normal,small|fragile,6190.0,15,141.9
ORD-20261097,2026-06-21,36.98,69.6,4,4.6,Seoul,clear,truck,same_day,small|fragile,8415.0,7,155.4
ORD-20261098,2026-05-06,3.04,53.7,2,3.0,Seoul,clear,van,normal,medium|fragile,3027.0,16,71.5
ORD-20261099,2026-03-08,20.35,65.1,5,1.7,Seoul,cloudy,motorbike,normal,large|fragile,5204.0,17,134.0
ORD-20261100,2026-03-05,21.82,52.7,11,8.1,Daegu,rain,van,normal,small,5590.0,20,144.6
ORD-20261101,2026-05-13,8.7,76.7,7,6.4,Seoul,rain,van,express,small,6066.0,11,103.7
ORD-20261102,2026-07-04,25.67,45.5,1,5.2,Daegu,clear,truck,express,small,6926.0,19,101.2
ORD-20261103,2026-03-28,9.01,60.0,5,3.4,Seoul,clear,van,normal,medium|fragile,4099.0,19,110.8
ORD-20261104,2026-06-26,8.53,43.8,5,4.2,Seoul,cloudy,motorbike,normal,small,3499.0,9,81.2
ORD-20261105,2026-03-08,4.82,77.7,10,6.7,Seoul,cloudy,motorbike,express,small|fragile,5907.0,18,104.9
ORD-20261106,2026-03-26,49.62,48.7,5,1.3,Incheon,clear,motorbike,normal,medium,7577.0,16,183.4
ORD-20261107,2026-02-04,17.48,60.1,8,1.7,Incheon,clear,van,normal,medium,4346.0,22,123.1
ORD-20261108,2026-03-23,22.68,40.3,5,3.6,Busan,cloudy,motorbike,same_day,small,7473.0,12,81.3
ORD-20261109,2026-02-24,14.18,36.2,5,7.9,Busan,cloudy,motorbike,normal,medium,4425.0,7,86.0
ORD-20261110,2026-02-18,32.7,31.5,4,0.7,Seoul,clear,van,normal,medium|fragile,6242.0,13,130.6
ORD-20261111,2026-06-26,11.19,52.2,3,6.6,Daegu,clear,van,normal,medium,3695.0,21,95.1
ORD-20261112,2026-02-08,56.09,75.6,0,5.7,Seoul,snow,van,normal,small,7508.0,15,201.6
ORD-20261113,2026-07-18,20.49,46.6,6,3.6,Seoul,rain,van,same_day,medium,6941.0,20,113.4
ORD-20261114,2026-08-06,27.46,34.7,3,6.8,Daegu,clear,van,normal,small,6833.0,11,101.5
ORD-20261115,2026-03-14,46.58,63.5,6,3.5,Incheon,rain,truck,normal,medium,6954.0,9,196.7
ORD-20261116,2026-07-19,9.12,48.1,5,4.9,Daegu,cloudy,van,normal,small,4028.0,20,90.4
ORD-20261117,2026-04-07,13.49,62.5,6,4.7,Daegu,rain,truck,express,large|fragile,5941.0,15,107.6
ORD-20261118,2026-08-01,3.86,73.5,5,3.5,Seoul,clear,van,same_day,medium|fragile,5389.0,13,78.7
ORD-20261119,2026-07-11,27.55,70.0,2,9.9,Seoul,clear,van,normal,medium,4845.0,6,113.0
ORD-20261120,2026-07-20,18.02,57.5,6,4.3,Seoul,clear,truck,express,medium,6820.0,13,103.5
ORD-20261121,2026-04-20,14.59,42.7,2,2.0,Busan,cloudy,motorbike,normal,medium,4193.0,6,83.6
ORD-20261122,2026-06-24,26.72,43.9,8,5.2,Seoul,clear,van,normal,small,6289.0,8,131.0
ORD-20261123,2026-04-30,11.55,50.4,1,1.5,Daejeon,clear,van,normal,medium|fragile,4277.0,18,89.6
ORD-20261124,2026-04-13,32.89,49.4,6,4.9,Daegu,clear,motorbike,normal,medium|fragile,6195.0,18,132.9
ORD-20261125,2026-08-01,37.25,48.3,4,7.1,Busan,rain,truck,normal,medium,6240.0,22,154.6
ORD-20261126,2026-03-05,31.76,76.5,6,4.5,Daegu,cloudy,van,normal,medium,6758.0,10,149.6
ORD-20261127,2026-01-07,20.7,33.4,3,4.3,Busan,cloudy,van,same_day,large|fragile,6602.0,13,94.1
ORD-20261128,2026-04-04,8.87,77.1,4,3.2,Seoul,clear,truck,express,medium,6139.0,6,99.2
ORD-20261129,2026-01-05,11.93,76.3,5,4.0,Daejeon,clear,van,normal,large|fragile,4281.0,22,101.6
ORD-20261130,2026-03-25,17.58,53.4,5,1.3,Seoul,clear,van,normal,small,4002.0,12,114.4
ORD-20261131,2026-02-16,13.78,91.9,5,5.2,Incheon,clear,truck,normal,small|fragile,,15,112.2
ORD-20261132,2026-03-02,7.08,61.9,1,4.7,Incheon,clear,van,same_day,small,5096.0,15,47.7
ORD-20261133,2026-06-11,10.49,50.1,7,3.5,Seoul,clear,van,same_day,large,6458.0,6,87.0
ORD-20261134,2026-04-22,16.48,65.8,8,3.7,Daegu,clear,motorbike,normal,medium,5176.0,22,108.0
ORD-20261135,2026-03-31,9.06,41.5,9,2.2,Seoul,clear,van,normal,small,4626.0,20,108.8
ORD-20261136,2026-06-19,28.51,73.6,3,1.4,Seoul,clear,van,normal,medium,6106.0,14,134.1
ORD-20261137,2026-08-08,7.33,47.0,3,5.3,Busan,clear,van,same_day,small,5257.0,14,55.7
ORD-20261138,2026-03-17,15.72,69.4,8,0.7,Incheon,cloudy,truck,normal,medium|fragile,5512.0,16,121.1
ORD-20261139,2026-04-07,48.2,56.8,2,1.6,Daegu,clear,van,normal,small|fragile,7064.0,6,160.1
ORD-20261140,2026-04-20,7.02,54.8,3,0.2,Daejeon,snow,van,normal,small|fragile,3585.0,14,110.4
ORD-20261141,2026-05-24,33.97,89.4,2,2.0,Busan,clear,truck,normal,large|fragile,4914.0,6,162.1
ORD-20261142,2026-06-21,11.32,80.6,2,4.4,Busan,clear,motorbike,normal,medium,3956.0,11,95.9
ORD-20261143,2026-03-14,24.67,46.6,8,2.8,Busan,rain,truck,normal,small,6523.0,6,131.9
ORD-20261144,2026-02-28,20.28,70.0,3,4.6,Daejeon,clear,truck,normal,medium|fragile,5350.0,12,121.3
ORD-20261145,2026-08-01,16.95,61.7,9,3.7,Busan,cloudy,motorbike,normal,medium,4551.0,16,121.0
ORD-20261146,2026-07-24,27.48,36.1,5,2.9,Seoul,clear,truck,normal,large,5690.0,21,133.0
ORD-20261147,2026-04-13,24.59,82.1,2,4.8,Busan,clear,van,normal,medium|fragile,5667.0,19,146.5
ORD-20261148,2026-06-18,10.59,72.5,5,5.8,Seoul,clear,truck,normal,small,4121.0,21,98.8
ORD-20261149,2026-07-26,21.22,48.7,0,2.3,Seoul,rain,van,normal,small,4497.0,10,107.6
ORD-20261150,2026-02-12,32.56,57.9,9,6.2,Incheon,rain,van,normal,large|fragile,6341.0,18,178.9
ORD-20261151,2026-06-06,33.19,46.9,3,3.6,Daejeon,clear,motorbike,normal,small,6074.0,10,120.6
ORD-20261152,2026-05-13,13.89,13.8,2,3.1,Daegu,rain,van,express,medium,5298.0,19,77.7
ORD-20261153,2026-03-15,31.82,49.2,6,3.4,Seoul,clear,motorbike,same_day,large,7529.0,20,131.3
ORD-20261154,2026-05-29,34.69,56.5,3,0.6,Seoul,cloudy,van,express,medium,8400.0,7,149.2
ORD-20261155,2026-04-24,5.13,36.4,2,3.5,Seoul,clear,motorbike,normal,medium,4053.0,16,59.0
ORD-20261156,2026-07-02,6.98,52.1,9,6.5,Busan,cloudy,van,normal,medium,4364.0,18,102.2
ORD-20261157,2026-02-16,11.95,65.7,4,5.2,Incheon,clear,truck,normal,medium,4154.0,20,109.0
ORD-20261158,2026-02-27,12.21,52.9,2,5.9,Busan,rain,truck,same_day,large|fragile,5283.0,16,85.0
ORD-20261159,2026-04-26,8.5,64.5,7,4.0,Daegu,rain,truck,normal,small|fragile,4552.0,21,105.3
ORD-20261160,2026-03-20,30.07,78.4,13,4.0,Busan,clear,truck,express,medium,8784.0,9,163.3
ORD-20261161,2026-01-18,28.46,73.4,2,4.0,Busan,rain,van,normal,large,5813.0,11,131.3
ORD-20261162,2026-01-05,33.92,54.3,8,3.2,Daejeon,clear,van,express,medium,8219.0,18,150.4
ORD-20261163,2026-07-21,34.8,38.5,6,4.4,Busan,clear,van,normal,large,6489.0,21,148.1
ORD-20261164,2026-01-24,47.55,62.8,6,7.0,Seoul,rain,truck,normal,medium|fragile,7810.0,12,196.5
ORD-20261165,2026-02-21,10.68,100.0,6,5.1,Busan,clear,van,normal,large|fragile,4417.0,17,123.4
ORD-20261166,2026-05-21,34.23,62.2,3,6.4,Busan,rain,van,normal,medium|fragile,6649.0,21,154.0
ORD-20261167,2026-02-21,55.22,62.4,5,7.2,Daegu,clear,truck,same_day,medium,9929.0,11,181.7
ORD-20261168,2026-05-15,29.51,54.2,4,0.2,Busan,rain,van,express,small,8035.0,17,139.6
ORD-20261169,2026-03-21,10.31,77.6,8,3.3,Busan,clear,van,express,large|fragile,6440.0,12,95.5
ORD-20261170,2026-06-24,33.4,72.5,3,6.8,Busan,rain,van,normal,small|fragile,5714.0,9,160.0
ORD-20261171,2026-04-28,12.94,47.5,6,3.2,Seoul,rain,truck,normal,medium|fragile,3766.0,12,114.8
ORD-20261172,2026-07-19,10.24,83.9,3,4.0,Seoul,clear,truck,normal,small,4261.0,11,102.0
ORD-20261173,2026-02-13,15.19,58.3,5,2.1,Seoul,rain,truck,normal,large,4430.0,13,124.0
ORD-20261174,2026-05-26,13.35,8.2,7,4.6,Daegu,clear,truck,same_day,medium,6613.0,19,76.3
ORD-20261175,2026-08-01,28.35,48.2,2,0.2,Incheon,clear,truck,express,small,6808.0,11,112.1
ORD-20261176,2026-03-28,13.38,50.1,10,2.3,Incheon,cloudy,van,normal,medium,5130.0,6,103.9
ORD-20261177,2026-03-25,9.48,47.6,3,3.7,Seoul,clear,truck,normal,small,3462.0,21,88.1
ORD-20261178,2026-05-16,24.15,77.9,4,1.6,Busan,clear,van,normal,medium,5491.0,18,138.0
ORD-20261179,2026-01-29,7.47,56.3,10,5.1,Daegu,clear,truck,normal,medium|fragile,5222.0,9,104.1
ORD-20261180,2026-04-08,16.31,44.1,7,2.8,Seoul,clear,van,same_day,medium|fragile,6698.0,8,96.0
ORD-20261181,2026-03-12,4.89,48.1,8,5.8,Incheon,clear,van,express,medium|fragile,5378.0,8,81.5
ORD-20261182,2026-04-04,22.15,60.2,5,7.3,Seoul,cloudy,van,express,small,6814.0,6,115.0
ORD-20261183,2026-07-30,84.48,43.5,9,2.7,Incheon,cloudy,van,normal,large,11796.0,10,257.7
ORD-20261184,2026-01-23,21.66,42.2,5,5.8,Busan,cloudy,van,normal,medium,4950.0,15,118.8
ORD-20261185,2026-05-12,22.62,74.6,10,4.3,Daegu,cloudy,van,express,medium,8243.0,13,129.6
ORD-20261186,2026-01-20,16.62,95.3,4,2.4,Seoul,cloudy,motorbike,express,medium,6583.0,6,111.4
ORD-20261187,2026-03-08,18.85,79.0,6,8.5,Seoul,clear,van,normal,medium,4778.0,19,124.5
ORD-20261188,2026-04-05,19.42,62.5,7,1.8,Seoul,clear,van,normal,small|fragile,5389.0,17,136.2
ORD-20261189,2026-07-20,16.31,34.8,3,4.6,Busan,clear,motorbike,normal,large,4157.0,18,99.9
ORD-20261190,2026-01-18,64.69,70.8,3,2.6,Incheon,clear,van,normal,medium,9501.0,11,208.7
ORD-20261191,2026-06-16,44.51,31.3,5,4.6,Daegu,rain,van,express,small,9380.0,17,157.0
ORD-20261192,2026-02-20,19.48,36.4,6,3.5,Busan,cloudy,van,express,small,6405.0,15,92.3
ORD-20261193,2026-03-10,6.75,54.7,8,4.4,Seoul,clear,van,express,medium|fragile,5959.0,20,85.4
ORD-20261194,2026-03-04,28.26,41.4,4,5.8,Seoul,rain,van,express,medium|fragile,7579.0,10,125.6
ORD-20261195,2026-06-05,20.78,45.6,1,2.8,Seoul,snow,truck,normal,small,4326.0,6,115.6
ORD-20261196,2026-07-14,30.06,51.3,6,2.8,Busan,snow,truck,express,small,8156.0,13,130.2
ORD-20261197,2026-01-11,26.96,79.1,3,4.0,Daegu,clear,motorbike,normal,small,5386.0,11,125.6
ORD-20261198,2026-04-02,41.38,32.1,5,5.0,Busan,clear,truck,express,medium|fragile,8324.0,12,150.4
ORD-20261199,2026-02-25,15.96,75.6,4,8.3,Busan,clear,van,normal,large,3964.0,16,105.3
ORD-20261200,2026-06-14,14.0,39.6,5,1.3,Seoul,rain,truck,express,large,6367.0,10,101.2
ORD-20261201,2026-04-22,6.97,60.5,5,2.4,Busan,clear,van,normal,small,2857.0,6,84.2
ORD-20261202,2026-08-03,20.69,37.1,1,3.1,Seoul,cloudy,motorbike,normal,medium,4316.0,15,86.1
ORD-20261203,2026-04-20,23.49,42.1,2,7.2,Seoul,cloudy,truck,same_day,small|fragile,6542.0,10,76.4
ORD-20261204,2026-04-05,12.26,51.1,2,3.0,Daejeon,clear,truck,express,medium,5862.0,17,85.1
ORD-20261205,2026-04-10,7.94,82.0,6,2.1,Daejeon,clear,van,express,small|fragile,5188.0,16,82.8
ORD-20261206,2026-03-29,6.33,38.0,7,4.2,Daejeon,clear,van,express,medium,6030.0,9,69.6
ORD-20261207,2026-08-02,21.89,53.9,2,4.4,Daegu,clear,motorbike,normal,medium,5323.0,15,100.9
ORD-20261208,2026-07-08,13.17,51.7,9,7.8,Incheon,clear,truck,normal,medium|fragile,5054.0,20,132.9
ORD-20261209,2026-03-07,5.38,67.7,1,4.7,Incheon,rain,van,normal,large,3152.0,12,77.2
ORD-20261210,2026-01-17,30.99,57.7,4,2.4,Daejeon,clear,truck,normal,small|fragile,5996.0,6,133.5
ORD-20261211,2026-03-28,11.54,50.6,6,1.4,Seoul,clear,van,normal,large,4505.0,9,111.9
ORD-20261212,2026-07-05,19.72,66.6,4,6.6,Daegu,cloudy,truck,express,medium,7056.0,8,117.9
ORD-20261213,2026-06-25,7.59,25.6,4,8.7,Incheon,clear,van,normal,medium,3482.0,17,66.1
ORD-20261214,2026-05-24,20.8,62.8,4,0.8,Seoul,clear,van,express,small|fragile,6673.0,12,110.0
ORD-20261215,2026-01-12,44.1,73.0,8,5.9,Daegu,rain,motorbike,normal,medium,8245.0,10,180.7
ORD-20261216,2026-01-06,30.94,46.4,4,5.1,Busan,rain,van,normal,large,5639.0,17,140.4
ORD-20261217,2026-02-03,4.61,66.2,4,7.6,Busan,snow,truck,express,small|fragile,5279.0,8,85.2
ORD-20261218,2026-05-23,17.82,38.8,3,7.1,Seoul,clear,van,same_day,large,6494.0,17,85.1
ORD-20261219,2026-01-15,15.55,81.7,4,2.7,Seoul,clear,truck,normal,medium,4277.0,7,126.1
ORD-20261220,2026-02-03,8.87,63.3,2,5.1,Busan,cloudy,van,normal,small|fragile,3448.0,6,89.4
ORD-20261221,2026-07-07,17.97,71.9,4,7.7,Daegu,clear,van,normal,large|fragile,4881.0,10,101.1
ORD-20261222,2026-04-15,47.13,48.6,5,4.4,Seoul,rain,motorbike,normal,small,6459.0,9,170.7
ORD-20261223,2026-07-06,16.48,34.1,2,1.1,Busan,clear,van,normal,medium,3479.0,17,95.7
ORD-20261224,2026-04-22,57.41,162.8,6,0.2,Daejeon,clear,truck,normal,medium,8455.0,15,177.6
ORD-20261225,2026-04-29,11.3,48.3,6,0.2,Seoul,clear,truck,express,large|fragile,5708.0,6,101.1
ORD-20261226,2026-01-10,30.86,54.1,11,2.7,Seoul,clear,van,normal,small,6802.0,9,169.9
ORD-20261227,2026-07-15,35.73,78.2,8,2.2,Busan,clear,truck,same_day,large,8315.0,21,157.4
ORD-20261228,2026-07-24,31.13,48.6,9,5.7,Seoul,clear,van,normal,large,6676.0,11,144.7
ORD-20261229,2026-02-06,9.91,35.8,6,5.9,Seoul,cloudy,van,normal,large|fragile,4102.0,6,98.4
ORD-20261230,2026-07-09,21.5,66.4,6,8.2,Busan,clear,truck,normal,small|fragile,5124.0,8,133.0
ORD-20261231,2026-01-29,10.68,66.7,5,6.8,Busan,cloudy,motorbike,normal,medium,4246.0,8,101.6
ORD-20261232,2026-05-29,11.51,80.4,1,1.5,Seoul,rain,van,same_day,small,5902.0,9,102.2
ORD-20261233,2026-03-05,34.71,76.1,6,6.3,Daejeon,clear,truck,express,medium,8468.0,20,145.4
ORD-20261234,2026-07-10,51.11,69.6,6,10.5,Daejeon,clear,van,express,small,9623.0,12,162.7
ORD-20261235,2026-01-09,7.94,27.9,5,0.2,Daegu,cloudy,van,normal,large,4190.0,13,90.9
ORD-20261236,2026-01-03,19.92,64.6,6,0.9,Busan,cloudy,truck,same_day,small,7018.0,16,108.4
ORD-20261237,2026-06-19,14.36,46.9,1,1.5,Daegu,rain,van,normal,medium,3734.0,9,107.6
ORD-20261238,2026-05-11,13.44,32.3,5,4.2,Daegu,cloudy,van,express,large,6260.0,14,77.0
ORD-20261239,2026-03-20,16.87,52.0,4,,Seoul,clear,van,same_day,large,6322.0,19,101.9
ORD-20261240,2026-02-08,26.52,60.6,8,1.4,Seoul,rain,van,express,small,7821.0,19,137.9
ORD-20261241,2026-06-10,14.74,81.6,6,5.6,Seoul,cloudy,truck,express,large|fragile,6294.0,13,111.3
ORD-20261242,2026-01-26,19.66,46.9,4,6.3,Daejeon,clear,truck,normal,medium,5394.0,10,91.4
ORD-20261243,2026-04-05,32.74,42.7,8,5.5,Incheon,cloudy,truck,express,medium,8244.0,10,133.1
ORD-20261244,2026-06-12,22.8,31.2,6,4.3,Incheon,clear,truck,normal,medium,5963.0,14,115.4
ORD-20261245,2026-06-30,17.84,60.9,5,5.4,Seoul,clear,truck,express,medium|fragile,7224.0,13,98.6
ORD-20261246,2026-02-02,12.76,81.0,5,5.1,Busan,clear,van,normal,small,3730.0,12,94.0
ORD-20261247,2026-03-08,27.69,39.3,7,4.7,Busan,clear,van,normal,medium,5713.0,13,132.4
ORD-20261248,2026-03-14,39.5,46.3,9,3.0,Busan,clear,van,normal,medium,7512.0,21,165.4
ORD-20261249,2026-05-27,23.44,68.7,10,6.0,Daegu,cloudy,motorbike,normal,small,5569.0,7,141.2
ORD-20261250,2026-01-16,21.42,16.1,8,8.3,Busan,clear,motorbike,express,medium,7372.0,12,81.9
ORD-20261251,2026-02-14,19.41,47.8,3,4.8,Daegu,cloudy,van,normal,medium,4584.0,14,103.8
ORD-20261252,2026-01-10,34.37,66.7,3,3.6,Incheon,cloudy,truck,express,large,7624.0,14,150.1
ORD-20261253,2026-05-26,18.69,66.6,4,2.6,Daegu,cloudy,van,express,large|fragile,7082.0,19,119.1
ORD-20261254,2026-03-26,26.86,65.3,5,5.6,Seoul,cloudy,van,express,medium|fragile,,19,129.9
ORD-20261255,2026-01-16,22.31,84.1,6,3.0,Incheon,cloudy,van,same_day,small,6430.0,6,116.9
ORD-20261256,2026-01-31,13.58,40.4,4,5.2,Daegu,clear,truck,normal,small,4890.0,22,82.6
ORD-20261257,2026-04-03,19.06,60.7,3,5.3,Daejeon,cloudy,truck,normal,medium,4529.0,20,108.3
ORD-20261258,2026-05-26,28.76,42.0,6,4.9,Seoul,rain,van,normal,small|fragile,5857.0,19,141.4
ORD-20261259,2026-02-01,30.43,51.6,3,0.3,Seoul,cloudy,motorbike,normal,large|fragile,5557.0,11,128.1
ORD-20261260,2026-02-01,17.13,26.6,5,1.6,Incheon,clear,van,normal,large,5060.0,15,106.0
ORD-20261261,2026-04-24,25.39,64.8,6,4.4,Daegu,clear,motorbike,express,medium|fragile,7523.0,7,104.1
ORD-20261262,2026-06-27,5.31,61.5,4,6.7,Daejeon,snow,van,normal,small,3769.0,21,84.0
ORD-20261263,2026-04-04,31.28,24.9,5,,Incheon,clear,truck,normal,small,7001.0,11,118.1
ORD-20261264,2026-07-05,18.84,64.2,2,5.0,Daejeon,rain,van,express,medium,6230.0,18,110.5
ORD-20261265,2026-07-10,35.27,79.5,7,6.1,Busan,clear,van,normal,medium,7396.0,11,148.3
ORD-20261266,2026-06-20,23.5,40.0,3,4.7,Seoul,clear,van,same_day,medium,7258.0,9,99.2
ORD-20261267,2026-08-05,41.07,44.0,5,5.7,Daejeon,rain,van,normal,medium|fragile,6910.0,9,164.8
ORD-20261268,2026-02-28,8.15,54.1,3,0.4,Daegu,clear,truck,normal,small,3188.0,19,91.9
ORD-20261269,2026-03-06,26.53,20.8,2,6.4,Daegu,cloudy,truck,express,small,7395.0,9,106.6
ORD-20261270,2026-02-16,39.53,47.0,6,1.0,Daegu,clear,motorbike,same_day,medium|fragile,8879.0,12,143.5
ORD-20261271,2026-06-11,30.61,91.1,9,7.7,Seoul,clear,truck,normal,medium|fragile,6639.0,11,168.6
ORD-20261272,2026-01-12,25.95,34.2,1,5.6,Busan,clear,van,normal,small,5377.0,10,100.3
ORD-20261273,2026-02-15,36.62,72.8,4,2.4,Seoul,clear,van,normal,medium,6371.0,8,170.5
ORD-20261274,2026-06-25,72.16,60.2,7,7.2,Daejeon,clear,truck,normal,large,10092.0,21,237.7
ORD-20261275,2026-08-03,4.07,35.5,6,4.3,Daegu,cloudy,truck,normal,large|fragile,3849.0,12,78.2
ORD-20261276,2026-01-14,17.42,43.2,4,4.4,Seoul,cloudy,van,normal,medium,5108.0,22,94.7
ORD-20261277,2026-01-17,15.21,60.2,3,6.2,Busan,cloudy,van,normal,small,3770.0,14,91.0
ORD-20261278,2026-07-10,44.26,28.8,2,5.5,Seoul,clear,van,normal,medium,7830.0,9,142.6
ORD-20261279,2026-03-02,28.65,45.6,2,4.9,Busan,cloudy,truck,express,medium,7072.0,6,113.8
ORD-20261280,2026-06-04,8.75,59.1,6,4.7,Seoul,clear,motorbike,normal,medium|fragile,3414.0,14,85.2
ORD-20261281,2026-08-02,2.9,43.9,7,4.8,Seoul,cloudy,truck,normal,medium,3821.0,19,94.5
ORD-20261282,2026-04-20,25.94,96.3,6,7.4,Seoul,cloudy,van,normal,small|fragile,5294.0,10,148.9
ORD-20261283,2026-02-26,39.91,52.4,8,6.4,Busan,clear,truck,same_day,large|fragile,8395.0,13,142.9
ORD-20261284,2026-02-10,45.73,62.4,1,,Daegu,clear,motorbike,normal,small,6144.0,17,152.4
ORD-20261285,2026-08-02,16.71,46.1,2,1.4,Incheon,clear,truck,normal,small,3519.0,22,96.1
ORD-20261286,2026-03-31,30.09,60.6,4,7.7,Daegu,rain,motorbike,express,medium,7771.0,22,111.0
ORD-20261287,2026-05-26,11.98,32.0,8,4.1,Daegu,clear,van,normal,large|fragile,4908.0,16,102.8
ORD-20261288,2026-01-27,4.25,61.9,6,0.2,Daegu,clear,truck,same_day,small|fragile,5089.0,10,73.4
ORD-20261289,2026-03-29,17.32,90.8,4,3.6,Daegu,rain,truck,normal,small,4389.0,17,133.5
ORD-20261290,2026-03-07,51.44,19.2,6,3.4,Busan,clear,motorbike,normal,small,7484.0,13,160.1
ORD-20261291,2026-02-24,36.57,40.7,4,4.1,Seoul,clear,van,express,large|fragile,7801.0,7,135.2
ORD-20261292,2026-07-02,4.31,6.3,2,9.2,Seoul,clear,motorbike,normal,large|fragile,3235.0,11,43.3
ORD-20261293,2026-04-22,12.41,52.0,3,2.6,Seoul,rain,truck,express,small,5798.0,17,115.1
ORD-20261294,2026-04-06,22.15,67.0,7,5.7,Incheon,clear,van,normal,medium,5474.0,21,114.7
ORD-20261295,2026-07-27,18.37,79.5,6,4.4,Seoul,rain,van,normal,small|fragile,5484.0,21,122.5
ORD-20261296,2026-02-17,21.84,42.2,6,,Seoul,clear,van,same_day,large,7053.0,10,94.6
ORD-20261297,2026-06-14,12.86,28.5,6,9.6,Seoul,rain,van,same_day,medium|fragile,6184.0,7,76.7
ORD-20261298,2026-04-27,15.8,63.5,9,7.7,Daegu,clear,truck,normal,small,4721.0,7,121.2
ORD-20261299,2026-06-15,181.67,78.0,7,7.9,Daejeon,rain,motorbike,normal,small,4999.0,15,95.3
ORD-20261300,2026-05-15,10.21,27.1,5,4.9,Busan,cloudy,motorbike,normal,large|fragile,4202.0,21,78.4
ORD-20261301,2026-01-03,20.26,52.8,3,1.5,Busan,snow,van,normal,medium,4631.0,14,115.6
ORD-20261302,2026-05-29,24.82,79.4,4,1.6,Busan,cloudy,motorbike,normal,small,,10,124.2
ORD-20261303,2026-08-07,21.92,48.3,7,2.6,Busan,clear,van,normal,medium,,21,115.9
ORD-20261304,2026-05-04,18.67,52.9,4,6.5,Incheon,clear,van,same_day,small|fragile,6452.0,9,82.0
ORD-20261305,2026-07-08,32.27,77.9,3,3.3,Incheon,clear,van,normal,medium|fragile,5842.0,7,148.0
ORD-20261306,2026-07-12,17.8,49.1,11,2.6,Daegu,snow,motorbike,normal,medium|fragile,5315.0,21,129.3
ORD-20261307,2026-05-15,29.32,39.9,3,7.9,Daejeon,clear,van,normal,large|fragile,5256.0,22,120.4
ORD-20261308,2026-05-13,21.94,72.1,8,2.7,Daejeon,clear,motorbike,normal,medium|fragile,5356.0,19,128.0
ORD-20261309,2026-03-18,9.94,52.7,10,5.1,Seoul,clear,truck,normal,small,4698.0,13,102.7
ORD-20261310,2026-07-03,19.15,17.8,6,3.0,Seoul,clear,truck,normal,medium,5339.0,6,100.8
ORD-20261311,2026-06-10,10.13,64.3,2,6.7,Busan,clear,van,normal,small,3596.0,17,93.5
ORD-20261312,2026-05-08,20.01,51.3,3,0.4,Incheon,rain,van,normal,medium,4223.0,18,137.4
ORD-20261313,2026-04-13,44.49,34.6,8,1.4,Seoul,rain,van,normal,medium,7609.0,20,185.2
ORD-20261314,2026-01-21,14.02,48.9,6,7.4,Busan,clear,van,normal,small,4731.0,11,100.4
ORD-20261315,2026-07-15,4.72,53.3,6,6.0,Daegu,cloudy,van,same_day,small,4949.0,14,61.4
ORD-20261316,2026-02-23,38.78,54.3,5,5.0,Daejeon,cloudy,van,normal,large|fragile,6568.0,10,158.6
ORD-20261317,2026-06-13,28.01,63.6,1,0.4,Busan,rain,van,normal,medium|fragile,5913.0,6,141.9
ORD-20261318,2026-06-23,41.36,34.4,9,3.9,Seoul,snow,truck,express,medium,9788.0,12,160.4
ORD-20261319,2026-04-09,19.36,26.8,2,3.8,Incheon,clear,truck,express,medium,7584.0,18,90.2
ORD-20261320,2026-01-08,48.95,78.0,4,3.9,Daejeon,rain,truck,normal,medium,7129.0,10,195.5
ORD-20261321,2026-07-30,2.81,52.6,5,7.0,Seoul,rain,truck,normal,small,3223.0,8,95.1
ORD-20261322,2026-05-20,5.43,57.8,10,0.8,Seoul,clear,van,normal,small,3861.0,22,89.1
ORD-20261323,2026-07-12,17.55,33.5,5,1.4,Seoul,clear,truck,same_day,small,6883.0,13,87.5
ORD-20261324,2026-02-23,36.15,25.6,8,2.4,Busan,clear,motorbike,express,large,8264.0,21,116.3
ORD-20261325,2026-06-03,5.8,59.7,3,4.2,Busan,clear,truck,same_day,medium,5890.0,22,58.8
ORD-20261326,2026-02-07,23.67,58.3,2,3.8,Seoul,clear,van,normal,small,5600.0,20,131.1
ORD-20261327,2026-07-14,13.29,71.7,6,4.1,Seoul,clear,truck,normal,small,4419.0,15,110.1
ORD-20261328,2026-04-28,11.22,62.7,3,5.4,Seoul,clear,truck,express,medium|fragile,6578.0,16,90.6
ORD-20261329,2026-06-28,31.95,66.8,6,6.7,Seoul,clear,truck,normal,medium,6413.0,9,165.5
ORD-20261330,2026-01-15,14.13,18.5,5,0.2,Seoul,cloudy,truck,normal,medium,4891.0,22,95.2
ORD-20261331,2026-03-18,6.5,58.4,5,8.1,Seoul,clear,motorbike,express,small|fragile,5390.0,14,67.6
ORD-20261332,2026-01-30,50.93,65.3,10,1.8,Seoul,clear,truck,same_day,small|fragile,10746.0,20,204.3
ORD-20261333,2026-02-02,36.36,41.9,5,5.6,Seoul,cloudy,van,normal,medium|fragile,6687.0,22,141.5
ORD-20261334,2026-07-02,23.13,44.8,2,3.7,Daejeon,cloudy,truck,same_day,small,7485.0,20,96.4
ORD-20261335,2026-08-07,11.86,48.5,4,2.4,Seoul,clear,van,same_day,small,6711.0,21,66.3
ORD-20261336,2026-05-15,18.7,27.1,3,4.0,Seoul,rain,van,express,large,6874.0,12,99.9
ORD-20261337,2026-04-16,6.63,64.4,4,1.2,Incheon,snow,van,normal,medium|fragile,3996.0,6,102.8
ORD-20261338,2026-06-18,34.48,33.9,2,2.5,Incheon,cloudy,van,normal,small,5066.0,20,134.3
ORD-20261339,2026-03-12,22.44,57.3,7,3.5,Seoul,clear,van,normal,large,5217.0,14,130.9
ORD-20261340,2026-05-30,23.26,19.6,6,9.1,Seoul,rain,truck,same_day,medium,7208.0,21,97.7
ORD-20261341,2026-05-05,10.81,48.0,4,3.8,Seoul,rain,truck,same_day,large,6452.0,20,91.3
ORD-20261342,2026-03-16,28.79,27.2,4,1.5,Incheon,clear,truck,express,small,8826.0,7,102.4
ORD-20261343,2026-02-07,32.32,87.3,6,7.0,Busan,clear,van,normal,medium|fragile,6291.0,21,157.7
ORD-20261344,2026-07-22,16.7,24.4,3,1.5,Seoul,clear,van,normal,large,4498.0,19,109.5
ORD-20261345,2026-05-25,9.99,28.3,3,5.6,Busan,cloudy,truck,normal,large,3894.0,21,75.5
ORD-20261346,2026-05-03,11.11,44.4,7,6.4,Incheon,clear,truck,normal,small,4369.0,12,87.2
ORD-20261347,2026-06-11,12.03,50.1,5,6.3,Busan,rain,truck,same_day,small|fragile,6002.0,10,84.5
ORD-20261348,2026-05-27,22.63,72.5,3,3.1,Daegu,clear,truck,same_day,medium|fragile,7023.0,8,119.3
ORD-20261349,2026-04-28,16.43,166.2,8,0.2,Daegu,clear,van,normal,large,4952.0,19,133.3
ORD-20261350,2026-02-05,12.21,75.2,3,4.8,Busan,clear,van,same_day,medium,5653.0,19,95.9
ORD-20261351,2026-01-17,31.72,26.8,3,8.7,Daejeon,cloudy,truck,normal,medium,5774.0,10,119.4
ORD-20261352,2026-03-24,26.29,39.0,3,7.2,Busan,clear,motorbike,same_day,small|fragile,7060.0,12,96.0
ORD-20261353,2026-06-25,21.39,26.4,4,6.0,Daejeon,clear,van,same_day,medium,6617.0,7,86.6
ORD-20261354,2026-02-02,12.88,79.1,4,3.0,Seoul,clear,van,normal,large,4575.0,12,116.8
ORD-20261355,2026-05-20,11.67,45.2,7,5.2,Seoul,clear,truck,normal,medium|fragile,4212.0,12,100.7
ORD-20261356,2026-03-28,3.11,88.3,2,1.7,Busan,rain,motorbike,normal,small,3709.0,11,80.1
ORD-20261357,2026-03-30,49.83,60.7,2,0.6,Seoul,clear,van,express,small,10315.0,8,175.9
ORD-20261358,2026-03-09,19.71,25.1,11,6.8,Daejeon,cloudy,van,same_day,medium,7161.0,15,89.0
ORD-20261359,2026-05-30,37.63,53.8,6,0.3,Incheon,clear,van,normal,large|fragile,6905.0,20,171.6
ORD-20261360,2026-05-13,13.63,58.2,4,3.1,Daegu,clear,motorbike,normal,large,4742.0,16,105.8
ORD-20261361,2026-07-28,22.46,55.5,5,4.2,Daejeon,snow,motorbike,normal,large,5648.0,10,125.6
ORD-20261362,2026-05-29,31.23,96.5,7,4.2,Seoul,clear,motorbike,normal,small,6720.0,16,144.4
ORD-20261363,2026-03-02,6.73,61.3,6,3.9,Daejeon,rain,van,express,large|fragile,5654.0,11,90.9
ORD-20261364,2026-05-28,43.03,51.5,8,2.8,Seoul,clear,van,normal,small,8168.0,14,163.8
ORD-20261365,2026-04-02,8.98,74.2,9,7.2,Busan,cloudy,van,normal,medium,4579.0,20,108.4
ORD-20261366,2026-02-19,14.41,73.3,3,3.2,Incheon,cloudy,truck,normal,medium,4360.0,22,100.8
ORD-20261367,2026-02-26,18.06,42.8,8,3.0,Daegu,clear,van,normal,medium|fragile,4754.0,14,111.5
ORD-20261368,2026-04-12,13.45,45.9,5,2.9,Seoul,clear,motorbike,normal,medium,4662.0,15,101.8
ORD-20261369,2026-02-20,10.67,57.9,4,6.3,Busan,clear,motorbike,normal,medium,3283.0,7,85.2
ORD-20261370,2026-01-26,12.63,47.4,2,7.6,Seoul,clear,truck,normal,small,3638.0,21,93.3
ORD-20261371,2026-05-26,25.11,79.1,5,3.1,Daejeon,clear,van,normal,small,5175.0,12,121.3
ORD-20261372,2026-04-15,7.17,52.1,10,8.7,Busan,clear,van,normal,medium|fragile,4026.0,10,94.9
ORD-20261373,2026-04-22,6.15,68.0,4,3.2,Daegu,snow,truck,express,small,6189.0,17,103.1
ORD-20261374,2026-06-17,39.05,6.0,6,,Seoul,cloudy,van,express,medium|fragile,8275.0,12,126.8
ORD-20261375,2026-02-23,19.31,83.0,8,3.7,Seoul,clear,van,express,medium,7518.0,6,126.6
ORD-20261376,2026-02-28,30.92,58.3,6,1.8,Seoul,clear,van,normal,small|fragile,6537.0,6,145.5
ORD-20261377,2026-03-31,33.84,28.1,3,3.6,Busan,rain,van,normal,small,6249.0,10,120.5
ORD-20261378,2026-05-17,34.69,57.7,8,4.6,Daejeon,clear,truck,normal,medium,6093.0,10,152.5
ORD-20261379,2026-02-13,11.39,53.5,6,7.8,Busan,cloudy,truck,express,large,6141.0,9,90.7
ORD-20261380,2026-06-04,11.61,41.4,4,3.8,Daejeon,cloudy,van,normal,large|fragile,4017.0,6,93.0
ORD-20261381,2026-06-01,14.07,52.2,6,0.2,Incheon,clear,truck,express,medium,6323.0,10,104.8
ORD-20261382,2026-06-01,15.92,50.5,5,5.4,Seoul,cloudy,van,normal,medium|fragile,4927.0,19,119.4
ORD-20261383,2026-02-13,20.13,86.7,5,3.6,Seoul,rain,van,express,medium,7048.0,6,114.5
ORD-20261384,2026-04-21,11.4,53.8,6,4.0,Seoul,clear,truck,normal,small,4834.0,7,105.6
ORD-20261385,2026-02-27,29.5,50.4,5,7.3,Daegu,clear,motorbike,normal,large|fragile,5274.0,9,136.4
ORD-20261386,2026-06-25,19.29,63.0,8,0.5,Incheon,rain,van,normal,large,5325.0,9,136.6
ORD-20261387,2026-02-13,10.22,37.8,5,6.5,Seoul,cloudy,van,express,small,6810.0,17,81.1
ORD-20261388,2026-07-30,30.53,66.4,7,4.9,Daejeon,clear,motorbike,normal,medium,6488.0,19,135.1
ORD-20261389,2026-06-26,19.35,63.4,3,2.8,Incheon,rain,van,normal,small|fragile,4391.0,8,130.4
ORD-20261390,2026-07-19,16.73,66.2,9,2.9,Daegu,clear,motorbike,normal,medium,4795.0,17,124.0
ORD-20261391,2026-02-01,18.32,46.7,5,8.8,Seoul,snow,truck,normal,medium,5147.0,12,116.8
ORD-20261392,2026-05-08,29.49,76.9,7,1.9,Busan,cloudy,motorbike,normal,medium,6677.0,15,150.8
ORD-20261393,2026-03-05,15.61,42.7,6,2.0,Seoul,clear,van,express,small|fragile,6394.0,13,91.7
ORD-20261394,2026-06-15,22.86,43.0,1,4.0,Seoul,clear,truck,same_day,medium|fragile,6962.0,8,103.6
ORD-20261395,2026-06-21,17.47,34.8,4,5.6,Seoul,clear,van,normal,medium,3589.0,18,101.6
ORD-20261396,2026-06-14,13.44,53.8,7,6.3,Busan,clear,van,normal,large,4074.0,17,111.2
ORD-20261397,2026-07-20,15.22,53.1,6,4.8,Seoul,clear,van,normal,medium,5026.0,10,112.2
ORD-20261398,2026-07-17,10.28,63.4,1,1.7,Daejeon,cloudy,motorbike,normal,large,2659.0,11,86.0
ORD-20261399,2026-08-01,17.72,55.5,5,2.5,Busan,clear,van,normal,small,4064.0,16,99.4
