customer_id,signup_date,age,gender,region,plan_type,monthly_fee,usage_hours,support_calls,late_payments,contract_months,device_type,payment_method,satisfaction_score,churn
CUST-00001,2026-02-07,53.0,Female,Daejeon,Standard,85414.0,4.0,3.0,1,12,Android,VirtualAccount,3.0,1
CUST-00002,2024-05-17,39.0,Male,Seoul,Basic,69137.0,24.2,3.0,0,24,Android,Mobile,5.0,0
CUST-00003,2023-05-01,51.0,Female,Busan,Standard,44323.0,51.4,1.0,0,12,iOS,Card,2.0,0
CUST-00004,2024-01-18,65.0,Female,Daegu,Standard,67657.0,82.3,2.0,0,24,iOS,Mobile,5.0,0
CUST-00005,2025-10-07,18.0,Female,Busan,Basic,65210.0,58.2,2.0,0,6,Android,Card,3.0,0
CUST-00006,2025-04-25,36.0,Female,Seoul,Premium,64762.0,19.2,1.0,0,12,iOS,Card,4.0,0
CUST-00007,2024-05-12,56.0,Male,Incheon,Basic,69811.0,71.5,2.0,1,24,Android,Mobile,3.0,0
CUST-00008,2023-07-17,35.0,Male,Seoul,Standard,28611.0,50.8,1.0,1,12,iOS,BankTransfer,3.0,0
CUST-00009,2024-02-25,51.0,Female,Daejeon,Standard,64620.0,62.0,3.0,1,12,Android,Mobile,3.0,0
CUST-00010,2025-09-17,43.0,Male,Daegu,Standard,56987.0,7.6,3.0,0,6,Android,VirtualAccount,4.0,0
CUST-00011,2024-05-27,39.0,Female,Seoul,Premium,93508.0,47.3,3.0,0,12,iOS,Mobile,5.0,0
CUST-00012,2023-04-28,45.0,Female,Seoul,Standard,67303.0,56.1,3.0,0,24,Android,BankTransfer,2.0,0
CUST-00013,2023-11-17,64.0,Female,Busan,Standard,65475.0,10.5,1.0,2,24,iOS,Mobile,2.0,0
CUST-00014,2024-04-04,24.0,Male,Seoul,Basic,87250.0,32.2,4.0,0,12,iOS,Mobile,2.0,1
CUST-00015,2023-01-16,18.0,Male,Daegu,Standard,68356.0,43.1,4.0,0,24,iOS,BankTransfer,3.0,0
CUST-00016,2023-03-21,18.0,Female,Daegu,Premium,65621.0,17.0,2.0,0,12,iOS,Card,1.0,1
CUST-00017,2025-01-30,65.0,Female,Seoul,Premium,101089.0,45.6,3.0,1,24,Web,Card,4.0,0
CUST-00018,2026-04-20,68.0,Male,Incheon,Premium,60572.0,6.7,1.0,2,24,Android,VirtualAccount,4.0,0
CUST-00019,2024-06-16,35.0,Male,Daejeon,Standard,46343.0,43.7,1.0,1,12,Android,Card,5.0,0
CUST-00020,2024-03-16,47.0,Male,Busan,Premium,30325.0,321.0,7.0,1,24,Android,Mobile,5.0,0
CUST-00021,2024-09-21,48.0,Female,Daegu,Standard,45117.0,29.4,1.0,0,6,Android,BankTransfer,1.0,0
CUST-00022,2024-11-12,73.0,Female,Daejeon,Basic,53021.0,78.2,4.0,1,12,Web,VirtualAccount,3.0,0
CUST-00023,2023-03-02,25.0,Male,Seoul,Basic,60838.0,27.9,3.0,2,12,Android,Mobile,5.0,0
CUST-00024,2026-01-12,59.0,Male,Daegu,Standard,52922.0,75.0,3.0,1,3,Android,VirtualAccount,4.0,0
CUST-00025,2024-02-25,51.0,Female,Daejeon,Standard,80766.0,37.2,1.0,1,6,Web,VirtualAccount,3.0,0
CUST-00026,2024-12-13,24.0,Female,Busan,Standard,58594.0,25.9,2.0,1,12,Android,BankTransfer,5.0,0
CUST-00027,2023-10-18,24.0,Female,Incheon,Standard,63554.0,45.7,0.0,1,3,iOS,BankTransfer,1.0,0
CUST-00028,2023-11-29,35.0,Male,Daejeon,Standard,101198.0,41.5,3.0,1,12,Android,VirtualAccount,2.0,1
CUST-00029,2023-05-10,18.0,Male,Busan,Standard,79233.0,7.8,2.0,1,6,iOS,Card,2.0,1
CUST-00030,2025-10-18,46.0,Male,Busan,Standard,21572.0,39.8,2.0,1,24,Android,VirtualAccount,5.0,0
CUST-00031,2025-11-15,,Male,Seoul,Standard,26917.0,15.5,4.0,0,6,Android,VirtualAccount,3.0,0
CUST-00032,2024-11-29,36.0,Male,Daegu,Standard,56958.0,26.9,1.0,0,12,Android,Mobile,2.0,0
CUST-00033,2024-01-31,32.0,Female,Seoul,Basic,82162.0,19.1,0.0,1,12,Android,BankTransfer,5.0,0
CUST-00034,2023-03-21,54.0,Male,Busan,Standard,57287.0,19.6,3.0,1,6,Android,Mobile,5.0,0
CUST-00035,2023-02-17,49.0,Male,Seoul,Standard,59589.0,41.5,1.0,1,6,iOS,VirtualAccount,5.0,0
CUST-00036,2025-11-26,56.0,Male,Busan,Basic,89624.0,54.5,0.0,2,6,iOS,VirtualAccount,1.0,1
CUST-00037,2024-09-23,46.0,Male,Busan,Premium,74354.0,39.0,0.0,1,6,iOS,BankTransfer,4.0,0
CUST-00038,2026-01-22,52.0,Female,Daejeon,Standard,77720.0,48.5,3.0,2,6,iOS,VirtualAccount,4.0,0
CUST-00039,2024-10-12,47.0,Male,Busan,Basic,39477.0,49.0,2.0,1,6,Android,Card,4.0,0
CUST-00040,2023-08-25,37.0,Male,Daegu,Premium,51777.0,46.2,1.0,1,12,iOS,Card,5.0,0
CUST-00041,2025-03-24,45.0,Male,Incheon,Basic,52449.0,84.6,3.0,1,6,iOS,VirtualAccount,2.0,1
CUST-00042,2023-10-23,38.0,Female,Incheon,Basic,93191.0,30.6,0.0,1,24,Web,Card,2.0,0
CUST-00043,2024-04-07,21.0,Male,Daejeon,Standard,63682.0,21.6,1.0,2,6,Android,BankTransfer,2.0,0
CUST-00044,2023-07-26,29.0,Male,Seoul,Basic,65994.0,70.1,2.0,1,6,Android,BankTransfer,4.0,0
CUST-00045,2023-11-18,40.0,Female,Daegu,Basic,92583.0,39.4,3.0,0,24,iOS,VirtualAccount,1.0,1
CUST-00046,2024-12-08,38.0,Male,Daejeon,Standard,58662.0,41.9,2.0,0,6,Android,VirtualAccount,3.0,0
CUST-00047,2025-05-21,33.0,Female,Seoul,Standard,64585.0,13.1,4.0,2,12,Android,BankTransfer,4.0,0
CUST-00048,2024-01-04,57.0,Male,Incheon,Standard,78730.0,11.2,1.0,2,3,Android,Mobile,3.0,0
CUST-00049,2025-01-02,44.0,Male,Seoul,Basic,70750.0,40.0,0.0,1,24,iOS,Card,4.0,0
CUST-00050,2023-12-30,27.0,Male,Busan,Standard,66288.0,68.8,2.0,0,12,iOS,BankTransfer,2.0,0
CUST-00051,2025-07-25,28.0,Male,Incheon,Standard,65814.0,36.1,2.0,1,6,iOS,BankTransfer,2.0,0
CUST-00052,2026-01-30,55.0,Male,Incheon,Standard,43430.0,21.7,0.0,0,12,iOS,Card,1.0,0
CUST-00053,2024-04-07,35.0,Male,Daejeon,Standard,62709.0,49.1,1.0,2,1,iOS,BankTransfer,1.0,1
CUST-00054,2025-01-19,30.0,Male,Incheon,Premium,25055.0,42.5,2.0,2,24,iOS,BankTransfer,4.0,0
CUST-00055,2025-04-25,36.0,Female,Daegu,Standard,53348.0,23.0,2.0,0,12,Android,VirtualAccount,3.0,1
CUST-00056,2023-04-25,45.0,Male,Seoul,Standard,82743.0,35.4,4.0,1,12,Android,BankTransfer,1.0,0
CUST-00057,2023-11-25,57.0,Male,Daejeon,Standard,76660.0,42.8,2.0,0,12,Android,VirtualAccount,3.0,0
CUST-00058,2023-01-08,40.0,Male,Daejeon,Premium,81119.0,14.0,0.0,1,1,iOS,Mobile,1.0,1
CUST-00059,2023-12-09,41.0,Female,Busan,Premium,67094.0,19.3,1.0,0,6,Android,Mobile,1.0,0
CUST-00060,2026-04-28,32.0,Female,Incheon,Premium,49229.0,20.1,2.0,1,1,iOS,BankTransfer,2.0,1
CUST-00061,2024-06-02,,Male,Busan,Premium,56810.0,13.4,2.0,1,24,iOS,Mobile,2.0,0
CUST-00062,2024-03-28,42.0,Male,Busan,Standard,51377.0,21.6,4.0,0,3,Android,Mobile,2.0,0
CUST-00063,2026-05-30,49.0,Male,Seoul,Standard,42386.0,37.0,0.0,1,12,Android,BankTransfer,4.0,0
CUST-00064,2026-05-20,29.0,Female,Seoul,Basic,83248.0,30.8,0.0,1,3,Web,VirtualAccount,4.0,0
CUST-00065,2023-10-29,55.0,Male,Daegu,Basic,67335.0,43.6,1.0,0,3,iOS,Mobile,4.0,0
CUST-00066,2023-11-16,47.0,Male,Seoul,Standard,66374.0,30.4,0.0,0,3,iOS,BankTransfer,2.0,0
CUST-00067,2024-09-01,23.0,Female,Daejeon,Basic,80374.0,47.6,1.0,0,24,iOS,Card,5.0,0
CUST-00068,2023-03-31,45.0,Female,Busan,Basic,59875.0,31.1,0.0,0,12,iOS,VirtualAccount,1.0,1
CUST-00069,2023-03-17,62.0,Female,Seoul,Basic,50574.0,46.0,1.0,1,6,Web,Card,4.0,0
CUST-00070,2024-04-07,51.0,Male,Daegu,Basic,35863.0,54.9,4.0,1,6,Web,VirtualAccount,4.0,0
CUST-00071,2023-04-10,44.0,Female,Daejeon,Standard,77842.0,46.8,2.0,1,1,Android,Card,4.0,0
CUST-00072,2023-03-06,42.0,Female,Busan,Standard,70765.0,9.8,0.0,0,12,iOS,Mobile,1.0,0
CUST-00073,2024-01-04,23.0,Male,Seoul,Basic,59171.0,30.2,1.0,1,3,Android,BankTransfer,2.0,0
CUST-00074,2024-02-03,36.0,Male,Daejeon,Premium,97757.0,101.5,0.0,1,24,Android,BankTransfer,5.0,0
CUST-00075,2023-09-08,39.0,Male,Incheon,Premium,49918.0,60.1,4.0,2,1,iOS,Mobile,1.0,0
CUST-00076,2025-05-29,63.0,Female,Daegu,Standard,46494.0,5.0,1.0,0,6,Web,BankTransfer,1.0,1
CUST-00077,2024-08-02,61.0,Female,Daejeon,Basic,18000.0,59.7,2.0,1,24,Web,BankTransfer,2.0,0
CUST-00078,2025-09-10,28.0,Male,Busan,Basic,54407.0,21.6,1.0,1,1,iOS,Mobile,2.0,0
CUST-00079,2026-04-16,26.0,Female,Daegu,Basic,43582.0,17.2,3.0,0,24,iOS,VirtualAccount,1.0,0
CUST-00080,2024-05-08,41.0,Male,Seoul,Premium,75392.0,59.8,5.0,2,1,Android,Card,3.0,0
CUST-00081,2025-04-15,38.0,Male,Daegu,Premium,60206.0,26.6,2.0,1,12,Web,Card,1.0,0
CUST-00082,2025-03-21,,Male,Seoul,Basic,49286.0,29.4,0.0,3,24,Web,Mobile,1.0,0
CUST-00083,2025-01-01,46.0,Female,Seoul,Basic,61604.0,8.4,3.0,1,3,Android,Mobile,1.0,0
CUST-00084,2023-04-27,54.0,Male,Busan,Basic,59778.0,22.1,2.0,0,3,iOS,VirtualAccount,5.0,0
CUST-00085,2023-12-08,57.0,Male,Daegu,Standard,72514.0,30.6,2.0,0,12,iOS,VirtualAccount,3.0,0
CUST-00086,2024-09-25,54.0,Female,Busan,Standard,72672.0,59.8,1.0,0,1,iOS,BankTransfer,1.0,0
CUST-00087,2025-02-13,47.0,Male,Busan,Basic,80125.0,77.3,1.0,0,12,iOS,BankTransfer,5.0,0
CUST-00088,2024-08-14,48.0,Female,Seoul,Standard,84923.0,59.7,1.0,1,12,Android,Mobile,5.0,0
CUST-00089,2025-10-14,49.0,Male,Incheon,Basic,64477.0,27.5,1.0,2,24,iOS,Mobile,3.0,0
CUST-00090,2023-10-30,39.0,Female,Seoul,Standard,51523.0,27.9,1.0,1,24,Web,Mobile,4.0,0
CUST-00091,2024-09-19,52.0,Female,Busan,Standard,67044.0,44.3,4.0,0,6,Android,VirtualAccount,1.0,1
CUST-00092,2025-04-15,52.0,Male,Busan,Basic,43413.0,16.6,3.0,1,24,iOS,Mobile,5.0,1
CUST-00093,2023-09-12,39.0,Female,Incheon,Standard,83957.0,33.0,5.0,1,6,iOS,Card,2.0,0
CUST-00094,2025-09-21,29.0,Female,Busan,Standard,49257.0,28.4,3.0,0,12,Android,VirtualAccount,5.0,0
CUST-00095,2024-02-09,57.0,Female,Incheon,Premium,65710.0,39.5,1.0,1,12,Android,VirtualAccount,3.0,0
CUST-00096,2025-10-13,26.0,Female,Daejeon,Premium,40132.0,75.1,3.0,1,24,iOS,Card,2.0,0
CUST-00097,2026-05-13,45.0,Male,Seoul,Standard,33281.0,52.3,1.0,1,24,Android,Card,2.0,0
CUST-00098,2023-12-11,18.0,Male,Busan,Standard,36184.0,16.0,0.0,1,6,Android,VirtualAccount,2.0,0
CUST-00099,2025-09-14,21.0,Male,Daejeon,Basic,59134.0,27.8,3.0,2,3,iOS,Mobile,4.0,1
CUST-00100,2023-12-23,33.0,Male,Incheon,Basic,61082.0,127.3,1.0,1,3,Android,Mobile,5.0,0
CUST-00101,2025-01-13,28.0,Male,Busan,Standard,82434.0,21.7,0.0,0,6,Android,BankTransfer,1.0,0
CUST-00102,2024-05-04,35.0,Male,Seoul,Standard,67340.0,47.7,1.0,0,24,iOS,Card,4.0,0
CUST-00103,2025-03-08,27.0,Male,Busan,Basic,85018.0,50.9,2.0,2,12,iOS,Mobile,2.0,0
CUST-00104,2025-11-07,35.0,Male,Incheon,Basic,56980.0,18.0,1.0,0,6,Android,BankTransfer,3.0,1
CUST-00105,2024-01-05,39.0,Male,Incheon,Premium,66485.0,12.2,1.0,0,12,iOS,BankTransfer,2.0,0
CUST-00106,2023-03-08,,Male,Seoul,Basic,35869.0,17.9,1.0,0,12,iOS,BankTransfer,3.0,0
CUST-00107,2025-02-12,74.0,Male,Daegu,Basic,66768.0,18.5,2.0,0,24,iOS,BankTransfer,4.0,0
CUST-00108,2024-11-10,48.0,Male,Busan,Basic,43715.0,33.5,4.0,0,3,Web,BankTransfer,5.0,0
CUST-00109,2025-12-24,53.0,Male,Daejeon,Basic,68866.0,34.0,1.0,1,12,iOS,BankTransfer,2.0,1
CUST-00110,2024-06-15,43.0,Male,Seoul,Standard,80680.0,29.0,0.0,1,6,iOS,Mobile,5.0,0
CUST-00111,2024-04-23,34.0,Female,Busan,Basic,78957.0,28.7,1.0,1,1,iOS,VirtualAccount,3.0,0
CUST-00112,2024-01-01,18.0,Male,Daegu,Standard,63998.0,2.6,3.0,0,1,Web,Card,3.0,0
CUST-00113,2024-09-16,54.0,Male,Seoul,Premium,60407.0,41.9,3.0,0,12,Web,BankTransfer,2.0,0
CUST-00114,2024-04-06,38.0,Female,Seoul,Premium,58499.0,12.0,2.0,3,1,Android,Mobile,5.0,0
CUST-00115,2026-03-12,38.0,Male,Busan,Standard,79355.0,36.8,2.0,1,1,Android,Mobile,3.0,0
CUST-00116,2023-12-15,36.0,Female,Seoul,Standard,32019.0,45.3,3.0,0,6,Android,Card,5.0,0
CUST-00117,2024-01-15,48.0,Female,Incheon,Basic,54728.0,7.7,1.0,1,1,Android,Card,1.0,0
CUST-00118,2025-01-26,42.0,Female,Busan,Basic,42818.0,40.2,1.0,3,6,Web,BankTransfer,1.0,0
CUST-00119,2023-07-15,47.0,Female,Busan,Standard,54481.0,73.0,3.0,1,3,Android,Mobile,1.0,1
CUST-00120,2024-04-11,28.0,Male,Busan,Basic,58541.0,16.0,1.0,0,3,Android,Card,5.0,0
CUST-00121,2023-02-26,63.0,Male,Daegu,Basic,33518.0,14.4,2.0,1,3,Android,Mobile,1.0,1
CUST-00122,2023-04-14,22.0,Male,Daegu,Basic,46313.0,50.7,0.0,1,6,iOS,Mobile,3.0,0
CUST-00123,2023-07-04,47.0,Female,Seoul,Standard,32557.0,44.3,2.0,1,12,Android,VirtualAccount,4.0,1
CUST-00124,2026-04-14,42.0,Female,Incheon,Basic,55219.0,29.4,1.0,0,3,Android,BankTransfer,2.0,0
CUST-00125,2024-10-08,41.0,Male,Seoul,Basic,69825.0,34.4,4.0,1,12,iOS,VirtualAccount,4.0,1
CUST-00126,2024-05-28,79.0,Male,Daejeon,Standard,98848.0,18.1,2.0,2,24,Web,Card,3.0,0
CUST-00127,2025-08-05,18.0,Male,Seoul,Premium,60616.0,24.9,2.0,1,12,iOS,VirtualAccount,2.0,0
CUST-00128,2025-12-11,33.0,Female,Seoul,Basic,68521.0,14.9,4.0,1,24,Android,BankTransfer,4.0,0
CUST-00129,2023-05-08,18.0,Female,Busan,Standard,74777.0,46.0,1.0,0,6,Android,VirtualAccount,5.0,0
CUST-00130,2025-06-04,44.0,Female,Daejeon,Premium,46728.0,23.0,3.0,1,3,iOS,Card,5.0,0
CUST-00131,2024-03-11,31.0,Female,Daejeon,Standard,47650.0,28.6,0.0,2,12,Android,Mobile,4.0,0
CUST-00132,2026-03-29,34.0,Female,Busan,Standard,35701.0,30.9,3.0,0,12,Android,BankTransfer,5.0,0
CUST-00133,2025-06-29,51.0,Female,Seoul,Premium,28450.0,52.7,2.0,0,6,Android,VirtualAccount,2.0,0
CUST-00134,2025-05-05,43.0,Female,Daejeon,Standard,73168.0,24.3,2.0,2,1,Web,Mobile,1.0,1
CUST-00135,2024-07-25,50.0,Male,Daegu,Basic,47479.0,19.5,1.0,1,12,iOS,Mobile,3.0,0
CUST-00136,2025-12-01,37.0,Female,Incheon,Standard,61672.0,47.5,1.0,0,6,iOS,VirtualAccount,2.0,0
CUST-00137,2023-02-13,33.0,Male,Incheon,Basic,18000.0,40.3,1.0,0,12,iOS,Mobile,3.0,0
CUST-00138,2026-02-11,46.0,Female,Busan,Standard,52796.0,18.0,2.0,0,1,Android,Card,2.0,0
CUST-00139,2023-12-30,31.0,Male,Daegu,Basic,89174.0,22.3,3.0,3,12,Android,VirtualAccount,4.0,1
CUST-00140,2025-07-02,18.0,Male,Incheon,Basic,36876.0,55.0,1.0,2,24,iOS,BankTransfer,1.0,0
CUST-00141,2023-11-04,44.0,Male,Daejeon,Basic,248701.0,71.4,0.0,1,6,Android,BankTransfer,4.0,0
CUST-00142,2024-06-25,24.0,Male,Daegu,Basic,55413.0,21.1,3.0,1,1,Android,BankTransfer,2.0,1
CUST-00143,2025-11-04,50.0,Female,Daegu,Basic,70526.0,62.5,3.0,3,12,Web,Mobile,4.0,0
CUST-00144,2025-08-26,56.0,Male,Daejeon,Premium,93743.0,48.4,2.0,0,6,Web,Mobile,5.0,0
CUST-00145,2023-04-21,47.0,Female,Incheon,Basic,32888.0,20.4,2.0,0,12,Android,BankTransfer,3.0,0
CUST-00146,2025-07-28,49.0,Female,Seoul,Premium,89198.0,25.7,2.0,1,12,Android,Mobile,1.0,1
CUST-00147,2025-11-14,33.0,Male,Daejeon,Standard,70358.0,14.2,3.0,1,24,Android,Card,4.0,0
CUST-00148,2024-05-10,64.0,Female,Daegu,Basic,60994.0,57.4,1.0,0,12,Web,Mobile,1.0,0
CUST-00149,2023-02-14,26.0,Male,Daejeon,Basic,67605.0,22.6,1.0,0,12,Android,Mobile,4.0,0
CUST-00150,2024-06-09,39.0,Male,Daejeon,Standard,90210.0,33.8,0.0,1,12,iOS,Card,1.0,1
CUST-00151,2026-04-09,19.0,Male,Seoul,Standard,70208.0,60.2,3.0,1,6,iOS,Mobile,1.0,0
CUST-00152,2024-02-03,18.0,Male,Busan,Basic,55400.0,27.3,0.0,0,12,iOS,Card,3.0,0
CUST-00153,2023-11-11,51.0,Male,Daejeon,Standard,75517.0,57.2,1.0,1,6,Android,Mobile,1.0,0
CUST-00154,2024-10-28,26.0,Male,Busan,Basic,51956.0,25.1,1.0,0,1,Android,Card,3.0,0
CUST-00155,2024-09-22,45.0,Female,Incheon,Basic,84784.0,70.3,1.0,1,24,Web,BankTransfer,1.0,1
CUST-00156,2024-09-03,34.0,Male,Seoul,Premium,76446.0,52.9,2.0,2,12,Android,VirtualAccount,2.0,0
CUST-00157,2025-10-01,18.0,Female,Daejeon,Standard,54414.0,54.9,3.0,1,6,iOS,BankTransfer,1.0,0
CUST-00158,2024-03-28,25.0,Male,Seoul,Standard,195349.0,50.9,2.0,0,6,Android,VirtualAccount,1.0,0
CUST-00159,2025-07-06,42.0,Female,Seoul,Basic,57961.0,53.5,2.0,1,12,Android,Mobile,4.0,1
CUST-00160,2023-12-28,21.0,Male,Seoul,Premium,70495.0,37.4,3.0,1,6,iOS,VirtualAccount,2.0,1
CUST-00161,2024-01-20,51.0,Male,Incheon,Standard,68647.0,31.1,2.0,1,6,iOS,Card,5.0,0
CUST-00162,2023-12-17,33.0,Female,Daegu,Basic,222052.0,47.7,3.0,2,12,Web,BankTransfer,5.0,0
CUST-00163,2023-05-10,30.0,Female,Seoul,Basic,72262.0,20.7,5.0,0,12,iOS,Card,2.0,0
CUST-00164,2023-10-18,57.0,Male,Daegu,Basic,46553.0,53.8,2.0,1,12,Android,Mobile,1.0,0
CUST-00165,2026-03-05,36.0,Male,Incheon,Basic,66790.0,18.6,3.0,2,12,iOS,BankTransfer,5.0,0
CUST-00166,2024-05-10,52.0,Female,Seoul,Standard,37228.0,31.8,1.0,0,6,Web,VirtualAccount,5.0,0
CUST-00167,2023-08-23,27.0,Male,Seoul,Standard,73318.0,24.5,2.0,0,12,Android,BankTransfer,3.0,0
CUST-00168,2024-01-07,38.0,Female,Busan,Standard,92193.0,22.2,1.0,2,12,Android,Card,1.0,0
CUST-00169,2026-01-15,49.0,Female,Incheon,Basic,49057.0,43.2,3.0,0,6,Web,Mobile,5.0,0
CUST-00170,2023-03-13,39.0,Female,Seoul,Basic,63524.0,44.3,2.0,1,12,iOS,Mobile,5.0,0
CUST-00171,2025-06-10,19.0,Male,Busan,Basic,73999.0,33.4,1.0,0,12,Android,Mobile,3.0,0
CUST-00172,2024-02-04,75.0,Female,Seoul,Standard,50615.0,42.9,0.0,0,24,Web,Mobile,5.0,0
CUST-00173,2024-02-12,42.0,Male,Daegu,Basic,44702.0,54.5,0.0,1,24,Android,BankTransfer,1.0,0
CUST-00174,2025-04-04,36.0,Male,Seoul,Premium,18000.0,69.0,2.0,0,24,Android,BankTransfer,2.0,0
CUST-00175,2025-07-15,44.0,Male,Busan,Standard,53478.0,42.5,0.0,2,12,Android,BankTransfer,2.0,0
CUST-00176,2023-08-08,35.0,Male,Daegu,Premium,83197.0,39.6,0.0,0,24,Android,Mobile,2.0,0
CUST-00177,2026-05-12,48.0,Female,Seoul,Basic,53240.0,4.4,0.0,1,6,Android,Mobile,2.0,1
CUST-00178,2023-11-04,64.0,Female,Seoul,Standard,50453.0,64.4,2.0,0,12,iOS,Card,5.0,0
CUST-00179,2023-09-07,43.0,Male,Seoul,Basic,58703.0,15.7,2.0,1,6,iOS,Card,2.0,0
CUST-00180,2025-11-17,55.0,Female,Seoul,Basic,34033.0,28.4,1.0,0,12,Android,Mobile,1.0,0
CUST-00181,2023-11-19,32.0,Female,Seoul,Standard,37363.0,79.3,1.0,2,1,iOS,Mobile,1.0,0
CUST-00182,2023-07-18,43.0,Male,Seoul,Basic,63306.0,135.4,3.0,1,3,Web,Mobile,5.0,0
CUST-00183,2023-04-16,50.0,Male,Daegu,Basic,73652.0,96.2,5.0,1,6,Android,VirtualAccount,2.0,0
CUST-00184,2025-04-23,24.0,Female,Incheon,Standard,59664.0,35.9,1.0,0,24,Web,Card,2.0,0
CUST-00185,2025-07-15,22.0,Female,Seoul,Standard,54755.0,36.5,3.0,1,24,iOS,Mobile,3.0,0
CUST-00186,2024-07-08,52.0,Female,Busan,Basic,70018.0,10.9,4.0,1,12,iOS,VirtualAccount,1.0,1
CUST-00187,2024-02-15,56.0,Male,Daejeon,Standard,47289.0,53.8,1.0,1,3,Android,Card,1.0,0
CUST-00188,2023-01-29,60.0,Female,Busan,Basic,87879.0,62.1,3.0,0,12,Android,Mobile,2.0,0
CUST-00189,2023-05-05,26.0,Female,Seoul,Basic,111417.0,28.6,2.0,0,6,iOS,Card,4.0,0
CUST-00190,2023-10-16,29.0,Male,Incheon,Basic,79505.0,387.0,1.0,2,1,Web,Card,3.0,0
CUST-00191,2023-01-12,51.0,Female,Seoul,Basic,64168.0,4.1,2.0,0,3,Android,VirtualAccount,5.0,0
CUST-00192,2024-01-26,28.0,Female,Seoul,Standard,83859.0,21.2,2.0,1,24,iOS,BankTransfer,2.0,0
CUST-00193,2026-01-23,37.0,Male,Seoul,Standard,84460.0,30.2,3.0,1,1,iOS,Card,4.0,0
CUST-00194,2024-05-05,73.0,Female,Incheon,Standard,50309.0,33.2,1.0,4,12,iOS,BankTransfer,1.0,0
CUST-00195,2025-01-15,42.0,Female,Seoul,Basic,18000.0,21.3,2.0,0,12,Android,VirtualAccount,4.0,0
CUST-00196,2025-05-05,27.0,Male,Seoul,Standard,73199.0,49.8,1.0,1,12,iOS,VirtualAccount,4.0,0
CUST-00197,2024-10-27,43.0,Female,Seoul,Premium,50050.0,19.3,2.0,0,24,iOS,,1.0,0
CUST-00198,2026-03-03,63.0,Female,Seoul,Standard,45675.0,48.8,1.0,3,6,Android,Mobile,4.0,0
CUST-00199,2025-10-17,36.0,Male,Seoul,Standard,69514.0,17.1,1.0,0,1,iOS,Card,1.0,0
CUST-00200,2025-04-10,50.0,Male,Seoul,Standard,48625.0,39.4,3.0,1,1,iOS,VirtualAccount,3.0,1
CUST-00201,2025-01-04,40.0,Male,Seoul,Premium,54569.0,46.3,3.0,2,12,Web,VirtualAccount,1.0,0
CUST-00202,2023-05-29,38.0,Male,Seoul,Standard,34063.0,31.5,3.0,3,12,Web,Card,2.0,0
CUST-00203,2023-11-26,47.0,Female,Daejeon,Standard,71762.0,15.7,2.0,0,6,Web,VirtualAccount,3.0,0
CUST-00204,2024-06-19,58.0,Female,Incheon,Standard,67742.0,35.4,1.0,0,3,iOS,Card,3.0,0
CUST-00205,2023-08-31,42.0,Male,Daejeon,Standard,84868.0,39.4,0.0,0,3,Android,Card,2.0,0
CUST-00206,2026-03-07,34.0,Male,Daegu,Premium,53698.0,16.8,2.0,1,24,Android,Mobile,1.0,0
CUST-00207,2023-10-11,44.0,Male,Seoul,Standard,83811.0,48.7,2.0,2,6,Android,BankTransfer,4.0,0
CUST-00208,2025-09-11,30.0,Female,Seoul,Standard,76571.0,12.5,2.0,0,24,Android,BankTransfer,5.0,0
CUST-00209,2023-11-25,43.0,Female,Seoul,Standard,66549.0,27.3,0.0,0,12,iOS,VirtualAccount,3.0,0
CUST-00210,2025-03-15,42.0,Male,Busan,Basic,54574.0,42.7,0.0,1,3,Web,BankTransfer,5.0,0
CUST-00211,2023-04-18,35.0,Male,Daegu,Standard,48232.0,27.2,2.0,1,12,Android,VirtualAccount,4.0,0
CUST-00212,2026-05-23,54.0,Male,Daejeon,Basic,72560.0,38.1,2.0,0,12,iOS,BankTransfer,4.0,0
CUST-00213,2026-04-11,40.0,Female,Seoul,Basic,62983.0,39.0,3.0,1,12,Android,BankTransfer,5.0,0
CUST-00214,2024-10-29,38.0,Male,Busan,Basic,41753.0,26.9,1.0,1,12,Android,Card,4.0,0
CUST-00215,2023-04-01,37.0,Male,Daegu,Standard,55989.0,45.0,2.0,1,24,iOS,BankTransfer,4.0,0
CUST-00216,2026-02-10,48.0,Female,Busan,Standard,45013.0,25.1,1.0,3,6,iOS,VirtualAccount,2.0,0
CUST-00217,2025-07-10,31.0,Female,Busan,Standard,45244.0,60.6,2.0,0,12,iOS,Mobile,2.0,0
CUST-00218,2023-04-28,48.0,Female,Busan,Basic,76034.0,81.5,1.0,0,12,Web,BankTransfer,5.0,0
CUST-00219,2023-10-06,38.0,Male,Busan,Standard,62607.0,60.5,1.0,1,3,Web,Mobile,2.0,0
CUST-00220,2023-10-01,38.0,Female,Incheon,Basic,53639.0,27.3,0.0,2,12,iOS,VirtualAccount,3.0,0
CUST-00221,2024-03-13,27.0,Female,Seoul,Standard,65117.0,22.2,2.0,0,3,Android,VirtualAccount,4.0,0
CUST-00222,2024-06-02,52.0,Male,Busan,Basic,63692.0,25.8,0.0,3,3,iOS,VirtualAccount,4.0,0
CUST-00223,2026-02-07,22.0,Male,Incheon,Standard,96292.0,30.5,2.0,0,6,Android,VirtualAccount,3.0,0
CUST-00224,2023-03-14,32.0,Female,Busan,Premium,59091.0,35.5,2.0,0,6,Web,Card,4.0,0
CUST-00225,2025-03-28,43.0,Female,Incheon,Standard,35152.0,42.6,1.0,1,6,Android,VirtualAccount,1.0,0
CUST-00226,2024-03-31,45.0,Male,Incheon,Premium,46825.0,18.8,4.0,2,12,Android,BankTransfer,4.0,1
CUST-00227,2025-05-10,58.0,Female,Busan,Premium,66202.0,23.7,4.0,0,12,Android,Mobile,1.0,0
CUST-00228,2025-04-29,54.0,Male,Busan,Standard,64278.0,27.6,4.0,0,24,Android,VirtualAccount,1.0,0
CUST-00229,2025-07-24,27.0,Male,Seoul,Premium,65600.0,17.7,3.0,0,6,Web,BankTransfer,5.0,0
CUST-00230,2023-04-17,37.0,Male,Seoul,Basic,80231.0,33.1,0.0,0,12,Android,,2.0,0
CUST-00231,2026-03-14,25.0,Male,Daegu,Basic,62853.0,41.6,1.0,1,3,iOS,Mobile,4.0,0
CUST-00232,2023-04-02,43.0,Female,Seoul,Premium,255995.0,71.7,0.0,0,12,Android,Card,4.0,0
CUST-00233,2023-07-30,57.0,Female,Seoul,Basic,74908.0,16.1,0.0,0,24,Android,BankTransfer,5.0,0
CUST-00234,2024-10-09,52.0,Male,Incheon,Basic,63028.0,36.3,1.0,0,12,Web,VirtualAccount,3.0,0
CUST-00235,2023-12-10,51.0,Male,Seoul,Standard,82526.0,33.6,4.0,0,1,iOS,Mobile,3.0,0
CUST-00236,2025-11-20,23.0,Male,Busan,Standard,77775.0,14.0,1.0,2,3,Android,BankTransfer,3.0,1
CUST-00237,2023-07-02,21.0,Male,Daejeon,Premium,44671.0,51.6,0.0,1,3,iOS,VirtualAccount,4.0,1
CUST-00238,2024-03-18,66.0,Male,Seoul,Premium,34196.0,32.7,0.0,0,12,iOS,Mobile,5.0,0
CUST-00239,2024-09-06,53.0,Male,Seoul,Basic,68886.0,69.5,2.0,0,3,Android,Card,2.0,0
CUST-00240,2026-05-01,59.0,Male,Incheon,Standard,72443.0,66.6,2.0,1,12,Web,VirtualAccount,5.0,0
CUST-00241,2024-07-17,47.0,Female,Incheon,Basic,45379.0,84.1,3.0,1,6,iOS,VirtualAccount,1.0,0
CUST-00242,2023-10-28,43.0,Female,Seoul,Premium,71338.0,29.4,1.0,1,1,Android,Mobile,3.0,0
CUST-00243,2023-10-30,34.0,Male,Busan,Basic,63564.0,24.5,1.0,0,24,Web,Mobile,3.0,0
CUST-00244,2024-01-23,71.0,Female,Busan,Standard,39792.0,18.7,3.0,0,12,iOS,Mobile,5.0,0
CUST-00245,2024-06-24,56.0,Female,Seoul,Standard,35342.0,33.6,5.0,0,24,Android,Mobile,5.0,0
CUST-00246,2025-12-20,43.0,Female,Busan,Standard,77180.0,13.7,2.0,1,6,iOS,Mobile,3.0,0
CUST-00247,2024-10-07,49.0,Female,Busan,Basic,70614.0,17.9,2.0,1,6,Android,Card,1.0,0
CUST-00248,2025-08-11,38.0,Male,Seoul,Standard,65120.0,10.4,5.0,3,6,iOS,Card,1.0,0
CUST-00249,2024-11-28,54.0,Female,Seoul,Standard,63450.0,60.1,2.0,1,12,Android,BankTransfer,4.0,0
CUST-00250,2023-06-03,,Female,Incheon,Standard,80959.0,35.2,1.0,0,12,Android,Mobile,3.0,0
CUST-00251,2024-10-06,41.0,Female,Daegu,Standard,65333.0,8.7,1.0,0,6,Web,Card,5.0,0
CUST-00252,2025-12-26,25.0,Male,Daegu,Standard,67500.0,34.9,2.0,2,24,Android,Card,5.0,0
CUST-00253,2026-02-11,39.0,Male,Seoul,Standard,31872.0,35.9,1.0,1,24,Android,BankTransfer,1.0,0
CUST-00254,2026-05-05,39.0,Male,Busan,Premium,52230.0,26.8,1.0,0,12,Android,VirtualAccount,,0
CUST-00255,2025-10-04,64.0,Male,Busan,Standard,51614.0,24.2,1.0,0,24,Android,VirtualAccount,2.0,0
CUST-00256,2025-08-12,23.0,Male,Incheon,Premium,78381.0,19.2,2.0,1,24,Android,BankTransfer,1.0,0
CUST-00257,2023-05-15,44.0,Female,Seoul,Premium,88224.0,34.3,2.0,1,1,Android,VirtualAccount,2.0,0
CUST-00258,2024-11-08,33.0,Male,Daegu,Premium,63076.0,103.5,1.0,4,12,iOS,VirtualAccount,3.0,0
CUST-00259,2024-08-28,37.0,Female,Busan,Standard,83113.0,54.8,1.0,2,12,Web,VirtualAccount,3.0,0
CUST-00260,2025-08-12,37.0,Male,Busan,Premium,25430.0,34.7,5.0,0,12,iOS,Mobile,3.0,0
CUST-00261,2025-12-27,24.0,Male,Seoul,Basic,64150.0,38.3,3.0,2,12,Android,VirtualAccount,4.0,1
CUST-00262,2025-03-13,25.0,Male,Daejeon,Premium,66213.0,101.7,4.0,0,12,Android,Mobile,2.0,0
CUST-00263,2024-05-14,41.0,Female,Daejeon,Premium,64948.0,32.1,3.0,1,12,Android,VirtualAccount,4.0,0
CUST-00264,2023-12-26,51.0,Male,Seoul,Standard,77143.0,43.6,1.0,0,3,Android,Card,1.0,0
CUST-00265,2025-08-25,18.0,Female,Seoul,Premium,19925.0,10.3,1.0,1,1,iOS,Mobile,3.0,0
CUST-00266,2024-09-06,62.0,Female,Seoul,Premium,58166.0,20.6,1.0,0,24,Web,VirtualAccount,1.0,0
CUST-00267,2023-05-25,18.0,Male,Seoul,Basic,69114.0,68.0,2.0,1,12,Android,BankTransfer,1.0,0
CUST-00268,2025-11-13,63.0,Male,Seoul,Standard,68794.0,36.5,0.0,2,24,iOS,Card,5.0,0
CUST-00269,2023-09-01,48.0,Male,Daejeon,Standard,52890.0,49.6,1.0,0,12,iOS,VirtualAccount,5.0,0
CUST-00270,2025-03-27,29.0,Male,Seoul,Basic,42495.0,31.1,2.0,1,3,iOS,Mobile,5.0,0
CUST-00271,2023-01-14,25.0,Female,Busan,Basic,80037.0,27.8,3.0,0,6,iOS,Mobile,1.0,1
CUST-00272,2025-04-01,37.0,Male,Daegu,Premium,52411.0,36.6,1.0,0,12,Web,BankTransfer,5.0,0
CUST-00273,2024-06-26,40.0,Female,Seoul,Premium,58729.0,19.1,0.0,2,6,Android,Mobile,5.0,0
CUST-00274,2024-02-16,42.0,Female,Daejeon,Standard,86307.0,21.6,1.0,1,24,iOS,Mobile,2.0,1
CUST-00275,2023-08-28,43.0,Male,Seoul,Premium,37810.0,19.6,0.0,0,1,iOS,VirtualAccount,1.0,0
CUST-00276,2024-10-30,64.0,Male,Busan,Standard,47164.0,48.6,3.0,0,12,iOS,VirtualAccount,5.0,0
CUST-00277,2023-05-17,39.0,Female,Incheon,Basic,73672.0,46.3,2.0,1,12,iOS,VirtualAccount,2.0,0
CUST-00278,2024-09-23,29.0,Male,Seoul,Premium,57636.0,58.7,3.0,1,12,iOS,VirtualAccount,2.0,0
CUST-00279,2025-05-02,55.0,Female,Daegu,Basic,86297.0,67.8,0.0,1,6,Android,VirtualAccount,5.0,0
CUST-00280,2025-09-02,62.0,Male,Daejeon,Standard,45290.0,23.1,0.0,0,6,Android,VirtualAccount,5.0,0
CUST-00281,2023-06-15,38.0,Female,Seoul,Standard,60296.0,45.0,0.0,0,6,Web,Card,2.0,1
CUST-00282,2024-05-10,52.0,Female,Seoul,Standard,73220.0,13.6,5.0,2,3,Web,BankTransfer,2.0,1
CUST-00283,2025-04-19,51.0,Female,Incheon,Basic,75875.0,17.2,1.0,0,12,Android,BankTransfer,5.0,0
CUST-00284,2025-02-02,37.0,Male,Seoul,Standard,59497.0,57.8,3.0,2,6,Web,Card,2.0,0
CUST-00285,2024-07-28,54.0,Female,Seoul,Standard,71285.0,29.2,1.0,1,3,iOS,VirtualAccount,2.0,0
CUST-00286,2026-01-09,59.0,Male,Daejeon,Standard,85150.0,53.1,1.0,1,12,Android,Card,2.0,1
CUST-00287,2024-05-25,51.0,Female,Busan,Premium,35325.0,70.2,1.0,0,24,iOS,VirtualAccount,4.0,0
CUST-00288,2025-06-09,26.0,Male,Busan,Standard,71632.0,59.8,2.0,0,24,Android,Mobile,2.0,0
CUST-00289,2024-04-26,57.0,Female,Daegu,Premium,74677.0,45.0,4.0,1,6,iOS,Card,3.0,0
CUST-00290,2023-07-27,65.0,Female,Incheon,Basic,18000.0,80.0,2.0,2,12,Android,VirtualAccount,3.0,0
CUST-00291,2023-06-14,33.0,Male,Incheon,Basic,31106.0,315.0,3.0,1,3,Android,Mobile,3.0,0
CUST-00292,2024-09-21,48.0,Male,Seoul,Premium,57638.0,122.0,2.0,0,6,iOS,Card,5.0,0
CUST-00293,2025-06-01,29.0,Male,Seoul,Standard,81952.0,22.4,0.0,1,12,Android,VirtualAccount,4.0,0
CUST-00294,2025-04-14,26.0,Female,Busan,Basic,90822.0,37.2,3.0,0,3,iOS,VirtualAccount,5.0,1
CUST-00295,2025-10-30,44.0,Female,Busan,Basic,97750.0,26.9,2.0,2,24,iOS,BankTransfer,5.0,0
CUST-00296,2023-12-16,30.0,Male,Incheon,Standard,50948.0,33.1,3.0,0,1,Web,Card,4.0,0
CUST-00297,2024-10-02,57.0,Male,Seoul,Standard,48127.0,26.9,1.0,1,3,iOS,Mobile,2.0,1
CUST-00298,2025-03-31,44.0,Female,Seoul,Standard,59078.0,27.3,1.0,0,1,iOS,BankTransfer,4.0,0
CUST-00299,2025-12-01,46.0,Female,Seoul,Standard,68337.0,25.0,3.0,0,12,Android,BankTransfer,4.0,0
CUST-00300,2023-02-16,38.0,Male,Seoul,Standard,45645.0,45.2,0.0,0,12,Web,Mobile,2.0,0
CUST-00301,2025-07-27,27.0,Female,Busan,Premium,59174.0,53.6,1.0,0,6,iOS,Card,4.0,0
CUST-00302,2026-03-14,35.0,Male,Daegu,Basic,53496.0,28.6,1.0,1,24,iOS,BankTransfer,1.0,0
CUST-00303,2024-07-19,,Female,Daegu,Premium,38161.0,43.3,6.0,1,24,iOS,BankTransfer,1.0,1
CUST-00304,2023-01-05,42.0,Female,Daegu,Premium,57663.0,40.7,2.0,0,1,Android,BankTransfer,4.0,0
CUST-00305,2023-02-05,48.0,Male,Incheon,Standard,78278.0,24.2,0.0,0,12,Android,Mobile,3.0,0
CUST-00306,2024-08-08,47.0,Male,Seoul,Standard,86562.0,27.7,0.0,3,6,Web,BankTransfer,4.0,0
CUST-00307,2023-04-05,18.0,Female,Seoul,Premium,60983.0,35.0,4.0,2,6,iOS,BankTransfer,4.0,0
CUST-00308,2026-01-03,39.0,Female,Seoul,Premium,62034.0,27.0,2.0,2,12,Android,Mobile,4.0,0
CUST-00309,2024-05-28,49.0,Male,Daejeon,Premium,57980.0,11.1,1.0,0,6,Android,Mobile,1.0,0
CUST-00310,2024-05-16,45.0,Female,Seoul,Basic,104457.0,37.2,2.0,2,12,Android,Mobile,3.0,0
CUST-00311,2023-09-05,30.0,Male,Seoul,Standard,20446.0,71.4,3.0,0,3,Android,BankTransfer,1.0,1
CUST-00312,2026-03-15,40.0,Female,Busan,Premium,63553.0,33.3,,0,24,Android,Card,2.0,0
CUST-00313,2024-07-22,30.0,Male,Seoul,Premium,69852.0,24.9,3.0,0,6,Web,Mobile,3.0,0
CUST-00314,2023-08-28,18.0,Female,Busan,Basic,54351.0,28.3,1.0,1,24,iOS,VirtualAccount,5.0,0
CUST-00315,2023-07-12,48.0,Male,Daejeon,Standard,44560.0,49.5,0.0,0,12,Android,Mobile,1.0,0
CUST-00316,2024-02-29,36.0,Male,Busan,Basic,44007.0,15.8,3.0,3,6,Android,Mobile,3.0,0
CUST-00317,2024-03-20,30.0,Male,Incheon,Standard,75017.0,15.5,0.0,1,24,Web,VirtualAccount,5.0,0
CUST-00318,2024-08-21,35.0,Female,Daejeon,Standard,51252.0,28.3,2.0,0,1,Android,Mobile,2.0,0
CUST-00319,2026-03-20,46.0,Female,Busan,Premium,81394.0,95.5,6.0,0,12,Android,Card,3.0,0
CUST-00320,2024-08-13,54.0,Male,Seoul,Basic,57144.0,30.9,4.0,3,3,Android,Mobile,5.0,0
CUST-00321,2024-10-21,56.0,Male,Busan,Standard,34724.0,24.1,0.0,0,1,iOS,BankTransfer,1.0,0
CUST-00322,2023-04-04,37.0,Female,Busan,Standard,51269.0,49.1,,0,12,Android,BankTransfer,1.0,0
CUST-00323,2024-09-03,36.0,Male,Daegu,Basic,62408.0,49.9,3.0,2,12,Android,VirtualAccount,1.0,0
CUST-00324,2023-05-09,53.0,Female,Busan,Premium,47408.0,66.2,1.0,2,24,iOS,Mobile,4.0,0
CUST-00325,2024-08-25,37.0,Female,Seoul,Premium,27367.0,24.8,0.0,1,1,Android,BankTransfer,3.0,0
CUST-00326,2024-08-31,22.0,Male,Busan,Standard,56418.0,54.7,0.0,1,3,Android,Card,1.0,0
CUST-00327,2026-03-13,32.0,Male,Incheon,Standard,87413.0,35.5,0.0,0,1,iOS,VirtualAccount,4.0,0
CUST-00328,2023-09-10,39.0,Female,Seoul,Standard,84797.0,43.2,3.0,0,12,Web,VirtualAccount,2.0,0
CUST-00329,2024-03-04,35.0,Male,Seoul,Premium,50747.0,44.2,0.0,1,24,Android,,3.0,0
CUST-00330,2025-04-22,47.0,Male,Daejeon,Basic,36680.0,45.0,1.0,0,24,Android,Card,5.0,0
CUST-00331,2026-03-12,28.0,Female,Incheon,Standard,31019.0,40.8,1.0,4,6,Web,BankTransfer,5.0,0
CUST-00332,2025-01-05,28.0,Female,Busan,Premium,50082.0,9.7,0.0,0,3,Android,Card,5.0,0
CUST-00333,2026-01-24,49.0,Female,Incheon,Basic,51158.0,59.7,0.0,2,12,iOS,BankTransfer,5.0,0
CUST-00334,2024-09-09,48.0,Male,Daegu,Premium,67933.0,21.7,4.0,1,24,iOS,Mobile,4.0,0
CUST-00335,2025-12-02,27.0,Female,Seoul,Premium,58196.0,93.9,2.0,0,1,iOS,Mobile,3.0,0
CUST-00336,2023-07-19,41.0,Female,Busan,Basic,64701.0,32.1,2.0,0,3,Android,VirtualAccount,5.0,0
CUST-00337,2026-01-25,55.0,Female,Incheon,Basic,54595.0,43.3,2.0,0,12,Web,Mobile,4.0,0
CUST-00338,2024-02-04,39.0,Female,Daejeon,Standard,53493.0,30.5,2.0,0,24,Android,VirtualAccount,4.0,0
CUST-00339,2025-03-20,32.0,Female,Busan,Basic,65384.0,12.2,1.0,0,12,iOS,VirtualAccount,2.0,0
CUST-00340,2025-02-19,37.0,Female,Incheon,Standard,62867.0,30.6,1.0,0,3,iOS,VirtualAccount,,0
CUST-00341,2024-07-16,32.0,Female,Incheon,Standard,57908.0,44.4,2.0,1,6,Web,BankTransfer,3.0,1
CUST-00342,2024-04-03,46.0,Female,Busan,Premium,91602.0,60.1,2.0,1,1,Android,VirtualAccount,1.0,0
CUST-00343,2023-10-13,51.0,Male,Seoul,Standard,81466.0,36.9,1.0,0,6,iOS,VirtualAccount,1.0,0
CUST-00344,2024-05-19,34.0,Female,Incheon,Standard,60092.0,9.9,1.0,1,3,Android,,1.0,0
CUST-00345,2023-10-22,53.0,Female,Seoul,Basic,51410.0,14.7,0.0,0,1,Android,BankTransfer,3.0,0
CUST-00346,2023-05-25,31.0,Female,Seoul,Standard,64647.0,43.8,0.0,1,6,Web,Mobile,3.0,0
CUST-00347,2023-12-03,45.0,Male,Incheon,Basic,58849.0,41.2,1.0,1,6,iOS,BankTransfer,4.0,0
CUST-00348,2025-07-25,41.0,Female,Seoul,Basic,78119.0,55.4,2.0,0,12,Web,BankTransfer,2.0,0
CUST-00349,2025-02-18,37.0,Male,Incheon,Standard,45708.0,7.8,2.0,1,6,Web,VirtualAccount,1.0,0
CUST-00350,2024-06-26,56.0,Male,Busan,Basic,57836.0,15.9,2.0,2,1,Android,VirtualAccount,3.0,1
CUST-00351,2023-01-26,41.0,Male,Seoul,Standard,71814.0,32.2,1.0,3,6,Web,Mobile,4.0,0
CUST-00352,2025-07-20,77.0,Male,Seoul,Standard,64862.0,37.2,1.0,0,12,iOS,Mobile,5.0,0
CUST-00353,2025-11-19,55.0,Male,Seoul,Standard,63177.0,19.3,1.0,1,3,Android,BankTransfer,3.0,0
CUST-00354,2026-01-15,42.0,Male,Busan,Basic,35863.0,20.6,3.0,1,12,Android,Card,4.0,1
CUST-00355,2024-12-09,30.0,Male,Seoul,Basic,46754.0,63.3,0.0,0,12,iOS,VirtualAccount,3.0,0
CUST-00356,2026-01-31,57.0,Female,Busan,Standard,43708.0,104.1,1.0,2,12,iOS,Card,5.0,0
CUST-00357,2024-12-15,32.0,Female,Incheon,Premium,45598.0,51.8,0.0,0,12,Android,VirtualAccount,4.0,0
CUST-00358,2023-07-19,36.0,Female,Daejeon,Basic,69867.0,42.4,1.0,1,6,iOS,VirtualAccount,1.0,0
CUST-00359,2024-10-30,64.0,Female,Daejeon,Standard,50937.0,11.3,0.0,2,6,Web,Mobile,2.0,1
CUST-00360,2026-01-29,27.0,Female,Busan,Basic,65348.0,29.9,1.0,2,12,Android,BankTransfer,3.0,0
CUST-00361,2024-10-27,56.0,Male,Daejeon,Standard,46370.0,52.4,4.0,1,6,Android,VirtualAccount,1.0,0
CUST-00362,2025-11-12,36.0,Female,Seoul,Standard,63283.0,33.9,1.0,1,12,Web,Card,1.0,0
CUST-00363,2024-02-07,54.0,Female,Daegu,Premium,94640.0,60.0,0.0,0,1,Android,VirtualAccount,3.0,0
CUST-00364,2026-05-06,34.0,Male,Daegu,Standard,64181.0,71.8,5.0,1,12,iOS,VirtualAccount,2.0,0
CUST-00365,2024-12-02,48.0,Male,Seoul,Standard,50477.0,55.3,3.0,1,6,Android,BankTransfer,3.0,1
CUST-00366,2023-11-12,42.0,Male,Seoul,Premium,102393.0,7.5,3.0,1,24,Android,Card,4.0,0
CUST-00367,2025-08-20,46.0,Female,Daejeon,Basic,73777.0,29.9,2.0,0,12,iOS,Card,2.0,0
CUST-00368,2026-02-23,51.0,Male,Seoul,Standard,57180.0,26.9,1.0,1,24,iOS,Mobile,2.0,0
CUST-00369,2023-03-03,36.0,Female,Incheon,Standard,97725.0,51.0,0.0,2,6,iOS,Card,4.0,1
CUST-00370,2026-05-09,46.0,Male,Daejeon,Basic,48243.0,27.9,,1,6,Android,Mobile,3.0,1
CUST-00371,2023-08-12,56.0,Male,Daejeon,Standard,88628.0,28.9,2.0,0,6,Web,Card,5.0,0
CUST-00372,2024-05-05,,Male,Busan,Premium,86099.0,60.4,2.0,0,24,iOS,Mobile,5.0,0
CUST-00373,2023-09-05,31.0,Female,Seoul,Basic,68814.0,23.1,1.0,0,12,iOS,Mobile,2.0,0
CUST-00374,2026-03-21,34.0,Male,Busan,Standard,72041.0,18.3,0.0,1,24,iOS,VirtualAccount,1.0,0
CUST-00375,2025-07-04,18.0,Female,Busan,Basic,63103.0,12.9,1.0,1,3,Web,Card,2.0,0
CUST-00376,2025-01-31,29.0,Male,Daegu,Basic,48785.0,51.8,3.0,1,12,Web,Mobile,5.0,0
CUST-00377,2025-05-04,53.0,Male,Seoul,Standard,39484.0,28.5,1.0,1,12,Android,VirtualAccount,2.0,0
CUST-00378,2023-08-30,40.0,Male,Daejeon,Basic,61789.0,42.9,0.0,2,12,iOS,BankTransfer,3.0,0
CUST-00379,2025-03-08,55.0,Male,Incheon,Standard,44385.0,26.6,1.0,0,12,Android,BankTransfer,2.0,0
CUST-00380,2025-10-17,49.0,Male,Daegu,Basic,47615.0,8.9,2.0,0,12,Android,Card,1.0,0
CUST-00381,2024-06-01,47.0,Female,Daejeon,Standard,68295.0,29.1,3.0,2,6,iOS,Card,2.0,0
CUST-00382,2025-04-05,42.0,Female,Seoul,Premium,69586.0,36.8,,3,1,Android,Mobile,2.0,1
CUST-00383,2026-02-10,20.0,Male,Daegu,Standard,41423.0,13.5,1.0,1,12,Android,BankTransfer,2.0,1
CUST-00384,2026-03-01,51.0,Male,Busan,Premium,24759.0,44.2,0.0,0,6,Web,VirtualAccount,1.0,0
CUST-00385,2024-04-11,20.0,Male,Seoul,Standard,68616.0,35.0,0.0,2,12,Android,Card,3.0,0
CUST-00386,2025-01-01,39.0,Female,Seoul,Standard,43979.0,29.0,2.0,2,12,Web,Mobile,,0
CUST-00387,2026-04-25,45.0,Male,Incheon,Premium,70641.0,44.8,2.0,1,3,Web,VirtualAccount,1.0,0
CUST-00388,2023-07-03,35.0,Female,Busan,Standard,71267.0,42.1,2.0,1,12,iOS,Card,5.0,0
CUST-00389,2024-03-28,41.0,Male,Busan,Standard,44041.0,15.1,1.0,0,1,iOS,VirtualAccount,1.0,0
CUST-00390,2023-05-20,43.0,Male,Daegu,Standard,106313.0,19.5,0.0,1,24,iOS,BankTransfer,1.0,0
CUST-00391,2026-03-24,55.0,Male,Seoul,Basic,63395.0,22.8,1.0,1,12,Android,VirtualAccount,2.0,0
CUST-00392,2025-03-23,39.0,Male,Daegu,Premium,79080.0,54.5,2.0,2,1,Android,Mobile,5.0,0
CUST-00393,2024-04-29,42.0,Male,Daejeon,Basic,44936.0,23.8,0.0,2,12,Web,Mobile,4.0,0
CUST-00394,2025-08-18,50.0,Female,Daegu,Premium,66188.0,42.2,0.0,1,12,Web,Card,1.0,0
CUST-00395,2025-04-07,24.0,Male,Seoul,Standard,39469.0,33.7,2.0,1,12,Android,BankTransfer,2.0,0
CUST-00396,2023-09-10,41.0,Female,Busan,Standard,62561.0,38.2,4.0,3,12,Web,VirtualAccount,1.0,0
CUST-00397,2023-03-02,39.0,Male,Daegu,Basic,61122.0,36.0,0.0,0,12,iOS,VirtualAccount,2.0,0
CUST-00398,2025-09-11,40.0,Female,Seoul,Standard,51790.0,13.0,3.0,0,1,Web,Card,3.0,0
CUST-00399,2023-06-11,46.0,Female,Busan,Standard,35211.0,42.9,2.0,1,12,Android,BankTransfer,2.0,0
CUST-00400,2025-01-03,52.0,Female,Daejeon,Standard,58019.0,18.0,4.0,1,6,Android,VirtualAccount,3.0,0
CUST-00401,2025-12-02,37.0,Female,Seoul,Basic,61874.0,12.6,0.0,1,6,Android,Mobile,5.0,0
CUST-00402,2024-03-23,62.0,Male,Busan,Standard,70553.0,23.3,3.0,0,6,Web,VirtualAccount,4.0,1
CUST-00403,2024-10-08,61.0,Female,Seoul,Premium,277420.0,38.7,1.0,0,24,Web,Mobile,1.0,0
CUST-00404,2023-01-24,31.0,Female,Daegu,Standard,39995.0,66.3,0.0,0,12,Web,Mobile,2.0,0
CUST-00405,2025-06-14,39.0,Female,Daejeon,Standard,45885.0,41.4,2.0,0,12,iOS,BankTransfer,4.0,0
CUST-00406,2025-03-20,29.0,Female,Incheon,Standard,71642.0,21.1,2.0,1,12,Android,Card,1.0,1
CUST-00407,2025-08-06,35.0,Male,Busan,Standard,69232.0,17.5,0.0,0,24,Android,Mobile,5.0,0
CUST-00408,2025-01-02,67.0,Female,Busan,Standard,63522.0,48.5,1.0,1,3,Web,BankTransfer,5.0,0
CUST-00409,2024-08-03,27.0,Female,Seoul,Standard,77847.0,46.8,3.0,2,24,Android,Mobile,1.0,0
CUST-00410,2024-02-10,44.0,Male,Busan,Basic,57153.0,51.8,0.0,1,12,Android,VirtualAccount,1.0,0
CUST-00411,2025-05-13,59.0,Female,Busan,Standard,61750.0,85.0,2.0,0,12,Android,,3.0,0
CUST-00412,2024-09-21,66.0,Female,Daegu,Premium,56551.0,31.2,1.0,0,24,Android,Card,4.0,0
CUST-00413,2023-07-12,67.0,Male,Busan,Premium,56264.0,27.6,1.0,0,1,Web,BankTransfer,1.0,0
CUST-00414,2023-12-26,52.0,Female,Seoul,Standard,45274.0,17.1,3.0,2,12,iOS,BankTransfer,5.0,0
CUST-00415,2026-02-24,30.0,Male,Busan,Standard,48644.0,30.7,0.0,1,3,iOS,BankTransfer,1.0,0
CUST-00416,2023-11-07,33.0,Male,Incheon,Basic,18000.0,28.5,1.0,0,12,iOS,Mobile,1.0,0
CUST-00417,2024-03-06,67.0,Male,Incheon,Standard,65564.0,29.8,2.0,1,24,iOS,Card,2.0,0
CUST-00418,2024-12-09,43.0,Male,Daejeon,Standard,59832.0,41.5,1.0,2,12,iOS,Card,2.0,0
CUST-00419,2024-05-19,21.0,Female,Incheon,Basic,69462.0,29.7,3.0,1,24,iOS,VirtualAccount,1.0,0
CUST-00420,2024-05-16,46.0,Male,Busan,Basic,56268.0,25.2,0.0,2,24,Android,VirtualAccount,3.0,0
CUST-00421,2025-04-11,46.0,Male,Daegu,Premium,91021.0,23.5,1.0,2,12,iOS,VirtualAccount,3.0,0
CUST-00422,2026-02-17,30.0,Male,Busan,Standard,55383.0,28.5,1.0,1,12,Web,Card,1.0,1
CUST-00423,2023-02-21,42.0,Female,Busan,Basic,102732.0,28.6,1.0,1,12,Web,BankTransfer,3.0,0
CUST-00424,2025-08-18,38.0,Male,Busan,Standard,76914.0,48.6,0.0,1,6,Android,VirtualAccount,4.0,0
CUST-00425,2023-04-08,67.0,Female,Incheon,Basic,45515.0,80.8,2.0,1,3,Web,Card,1.0,1
CUST-00426,2023-06-28,61.0,Female,Daejeon,Premium,76587.0,24.2,1.0,2,12,iOS,VirtualAccount,5.0,0
CUST-00427,2024-01-24,56.0,Male,Incheon,Premium,67230.0,41.7,2.0,2,12,Android,Mobile,5.0,0
CUST-00428,2023-10-13,41.0,Male,Seoul,Premium,49817.0,20.9,3.0,0,3,Android,Mobile,3.0,0
CUST-00429,2023-02-11,22.0,Female,Seoul,Standard,52823.0,45.3,3.0,2,6,Android,Card,2.0,0
CUST-00430,2023-04-24,18.0,Female,Incheon,Premium,76938.0,20.1,1.0,0,24,Android,BankTransfer,4.0,0
CUST-00431,2025-02-01,18.0,Male,Incheon,Basic,77487.0,25.9,1.0,0,24,iOS,VirtualAccount,5.0,0
CUST-00432,2023-02-14,70.0,Male,Busan,Basic,75929.0,19.1,2.0,0,1,iOS,BankTransfer,4.0,0
CUST-00433,2024-12-27,75.0,Male,Seoul,Basic,78372.0,62.6,2.0,2,24,Web,VirtualAccount,3.0,0
CUST-00434,2024-09-24,20.0,Female,Seoul,Premium,39968.0,42.5,1.0,0,3,iOS,VirtualAccount,4.0,0
CUST-00435,2024-07-12,49.0,Female,Seoul,Standard,98890.0,47.8,1.0,0,6,iOS,Card,2.0,0
CUST-00436,2025-01-13,49.0,Female,Seoul,Basic,69379.0,8.5,1.0,0,24,Android,BankTransfer,,0
CUST-00437,2024-11-27,34.0,Male,Seoul,Standard,60869.0,52.0,4.0,0,1,Android,VirtualAccount,5.0,0
CUST-00438,2025-09-27,,Male,Seoul,Standard,85112.0,38.2,1.0,1,12,Android,BankTransfer,5.0,0
CUST-00439,2023-03-27,46.0,Male,Busan,Premium,56459.0,69.1,2.0,1,6,iOS,Card,3.0,0
CUST-00440,2023-06-08,40.0,Female,Daejeon,Basic,77025.0,18.4,1.0,0,12,Android,Card,1.0,0
CUST-00441,2023-09-10,31.0,Male,Daejeon,Basic,59092.0,41.9,0.0,1,12,Android,Mobile,1.0,0
CUST-00442,2025-06-20,41.0,Female,Daegu,Standard,64779.0,46.8,2.0,0,6,Android,VirtualAccount,2.0,1
CUST-00443,2023-02-26,55.0,Male,Seoul,Standard,45369.0,40.6,3.0,0,1,iOS,Card,3.0,0
CUST-00444,2025-08-12,33.0,Male,Seoul,Standard,56723.0,33.0,1.0,0,6,Android,Card,1.0,0
CUST-00445,2025-05-10,,Female,Daejeon,Premium,70515.0,24.6,1.0,0,3,iOS,VirtualAccount,3.0,0
CUST-00446,2024-01-13,36.0,Female,Seoul,Standard,67075.0,21.2,5.0,1,12,Android,Mobile,3.0,1
CUST-00447,2023-07-13,38.0,Male,Daegu,Basic,48767.0,33.4,1.0,0,6,Android,Card,2.0,0
CUST-00448,2024-02-04,46.0,Female,Seoul,Standard,90128.0,31.5,0.0,0,1,Android,VirtualAccount,5.0,0
CUST-00449,2025-01-30,54.0,Male,Incheon,Premium,80664.0,4.0,1.0,0,1,Android,Card,5.0,0
CUST-00450,2025-01-26,48.0,Female,Busan,Premium,77447.0,7.5,5.0,1,24,Android,Mobile,3.0,0
CUST-00451,2024-06-11,39.0,Female,Busan,Premium,53343.0,30.5,1.0,0,6,Android,Card,5.0,0
CUST-00452,2023-11-09,36.0,Female,Daejeon,Basic,60927.0,35.6,1.0,1,1,iOS,VirtualAccount,2.0,1
CUST-00453,2023-04-13,34.0,Male,Daegu,Standard,61539.0,52.8,2.0,1,6,iOS,VirtualAccount,1.0,0
CUST-00454,2024-01-31,48.0,Female,Daegu,Premium,77102.0,13.0,1.0,1,12,iOS,Mobile,2.0,0
CUST-00455,2024-03-16,18.0,Male,Seoul,Standard,63332.0,32.4,3.0,0,6,Android,VirtualAccount,4.0,0
CUST-00456,2025-10-19,56.0,Male,Busan,Basic,86642.0,18.1,4.0,0,12,iOS,VirtualAccount,1.0,0
CUST-00457,2023-03-31,48.0,Female,Daegu,Basic,46498.0,25.3,2.0,1,12,Android,Mobile,5.0,0
CUST-00458,2026-03-05,30.0,Female,Seoul,Basic,35344.0,15.3,1.0,0,24,Android,BankTransfer,3.0,0
CUST-00459,2025-01-11,52.0,Female,Daegu,Standard,80823.0,37.5,0.0,1,6,Web,BankTransfer,2.0,0
CUST-00460,2023-06-23,33.0,Female,Busan,Standard,75859.0,63.2,2.0,0,3,Android,Card,5.0,0
CUST-00461,2024-01-07,25.0,Male,Seoul,Premium,66434.0,54.8,1.0,2,3,Web,Mobile,5.0,1
CUST-00462,2024-12-08,30.0,Female,Daejeon,Standard,45879.0,27.9,2.0,0,6,iOS,Mobile,1.0,0
CUST-00463,2023-03-08,27.0,Female,Incheon,Premium,73271.0,37.6,2.0,0,6,Android,VirtualAccount,3.0,0
CUST-00464,2023-11-09,31.0,Female,Daejeon,Standard,76357.0,34.0,2.0,1,24,iOS,VirtualAccount,3.0,0
CUST-00465,2024-11-17,51.0,Female,Incheon,Basic,103168.0,14.8,1.0,1,24,iOS,Mobile,2.0,0
CUST-00466,2024-08-09,44.0,Male,Seoul,Premium,81776.0,30.5,2.0,0,12,iOS,BankTransfer,1.0,0
CUST-00467,2024-08-12,36.0,Female,Seoul,Standard,56724.0,49.3,2.0,1,6,Android,BankTransfer,4.0,0
CUST-00468,2025-07-28,43.0,Male,Seoul,Standard,114169.0,11.7,1.0,0,24,iOS,VirtualAccount,3.0,0
CUST-00469,2025-06-29,50.0,Male,Seoul,Basic,83035.0,35.0,1.0,0,6,Android,BankTransfer,3.0,0
CUST-00470,2024-12-01,67.0,Female,Incheon,Standard,59572.0,24.2,1.0,1,12,iOS,VirtualAccount,1.0,0
CUST-00471,2025-03-09,34.0,Female,Daegu,Standard,43304.0,23.5,3.0,2,6,iOS,BankTransfer,2.0,1
CUST-00472,2024-02-17,45.0,Female,Daejeon,Premium,73516.0,58.4,2.0,1,24,Android,Card,5.0,0
CUST-00473,2023-01-08,47.0,Male,Daegu,Premium,67237.0,16.7,3.0,1,1,Android,BankTransfer,1.0,0
CUST-00474,2025-12-21,54.0,Female,Busan,Standard,59352.0,110.4,2.0,1,6,Android,Mobile,1.0,0
CUST-00475,2025-08-19,18.0,Female,Busan,Basic,64853.0,46.1,3.0,2,6,Web,BankTransfer,3.0,0
CUST-00476,2024-11-22,28.0,Female,Busan,Premium,78252.0,29.3,2.0,2,3,Android,Mobile,1.0,0
CUST-00477,2025-01-19,24.0,Female,Seoul,Standard,22822.0,40.2,0.0,0,24,Android,Mobile,1.0,0
CUST-00478,2025-04-09,31.0,Female,Seoul,Basic,80055.0,33.1,2.0,2,24,Web,VirtualAccount,4.0,0
CUST-00479,2026-02-01,37.0,Female,Daejeon,Standard,54493.0,14.1,1.0,1,6,Android,Mobile,4.0,0
CUST-00480,2025-02-21,,Female,Busan,Premium,71278.0,30.8,0.0,0,6,iOS,BankTransfer,4.0,0
CUST-00481,2025-02-11,44.0,Female,Seoul,Premium,66606.0,35.2,3.0,0,6,Android,VirtualAccount,2.0,0
CUST-00482,2024-03-31,42.0,Male,Daegu,Basic,80922.0,13.1,3.0,0,1,iOS,Card,4.0,0
CUST-00483,2023-11-18,51.0,Female,Seoul,Standard,74085.0,24.6,0.0,0,24,iOS,VirtualAccount,5.0,0
CUST-00484,2025-06-23,38.0,Male,Incheon,Standard,62033.0,18.2,1.0,1,12,iOS,BankTransfer,1.0,0
CUST-00485,2025-12-20,31.0,Female,Seoul,Basic,57644.0,9.0,2.0,2,1,Android,VirtualAccount,1.0,0
CUST-00486,2025-04-24,53.0,Female,Busan,Basic,44974.0,56.3,3.0,2,12,Web,Card,5.0,0
CUST-00487,2025-11-21,39.0,Male,Daejeon,Premium,92117.0,42.1,1.0,1,24,Android,BankTransfer,2.0,0
CUST-00488,2025-09-08,32.0,Female,Seoul,Standard,79891.0,23.8,2.0,2,1,iOS,VirtualAccount,3.0,0
CUST-00489,2025-08-16,65.0,Male,Daejeon,Standard,59493.0,66.4,2.0,0,1,iOS,,5.0,0
CUST-00490,2026-05-14,49.0,Male,Seoul,Premium,70487.0,33.7,0.0,0,12,Android,Card,5.0,0
CUST-00491,2024-08-08,33.0,Female,Daegu,Standard,41700.0,252.0,2.0,0,1,Web,BankTransfer,4.0,0
CUST-00492,2025-01-08,42.0,Male,Incheon,Standard,54130.0,39.6,3.0,0,12,Web,VirtualAccount,5.0,1
CUST-00493,2026-02-18,53.0,Male,Busan,Basic,41544.0,29.8,1.0,1,12,iOS,BankTransfer,2.0,1
CUST-00494,2025-10-22,18.0,Male,Seoul,Basic,219224.0,21.3,1.0,0,24,Web,BankTransfer,4.0,0
CUST-00495,2023-11-28,19.0,Female,Seoul,Premium,46536.0,45.9,1.0,1,24,Android,BankTransfer,5.0,0
CUST-00496,2024-06-09,32.0,Female,Incheon,Basic,37700.0,45.4,1.0,0,24,Android,Card,1.0,0
CUST-00497,2025-12-08,39.0,Female,Seoul,Basic,63975.0,22.9,2.0,0,1,iOS,Card,5.0,0
CUST-00498,2023-03-16,26.0,Male,Incheon,Standard,61120.0,19.1,,0,12,iOS,BankTransfer,5.0,0
CUST-00499,2026-01-25,50.0,Female,Busan,Standard,32303.0,32.2,4.0,0,12,Web,BankTransfer,2.0,0
CUST-00500,2023-08-15,36.0,Female,Busan,Basic,53047.0,23.1,1.0,0,12,Web,Card,3.0,0
CUST-00501,2025-02-08,60.0,Male,Daegu,Premium,45599.0,56.5,3.0,0,6,iOS,Mobile,2.0,1
CUST-00502,2024-04-21,41.0,Female,Seoul,Standard,71266.0,49.6,2.0,0,12,Web,Card,3.0,0
CUST-00503,2024-02-22,50.0,Female,Daegu,Basic,30734.0,24.9,1.0,0,3,Android,Card,2.0,1
CUST-00504,2023-04-07,43.0,Female,Daejeon,Basic,69503.0,12.4,3.0,1,12,Android,Mobile,5.0,0
CUST-00505,2024-01-16,31.0,Male,Daegu,Premium,90569.0,36.4,1.0,0,1,Android,Card,3.0,0
CUST-00506,2025-10-18,37.0,Female,Incheon,Premium,69011.0,42.9,1.0,0,12,Web,BankTransfer,1.0,0
CUST-00507,2025-10-24,43.0,Male,Busan,Basic,76875.0,19.9,2.0,0,3,iOS,Mobile,3.0,1
CUST-00508,2025-02-21,48.0,Female,Busan,Standard,62056.0,44.4,2.0,1,6,iOS,Card,3.0,0
CUST-00509,2023-12-25,36.0,Male,Busan,Standard,70248.0,12.4,3.0,1,12,Android,Card,1.0,0
CUST-00510,2024-11-30,25.0,Female,Seoul,Basic,46451.0,49.9,1.0,0,12,iOS,Card,2.0,0
CUST-00511,2025-05-09,38.0,Male,Seoul,Basic,62214.0,14.5,,0,3,iOS,Card,3.0,1
CUST-00512,2024-07-17,47.0,Male,Incheon,Basic,26035.0,43.7,3.0,2,6,Android,VirtualAccount,2.0,1
CUST-00513,2024-02-15,60.0,Male,Busan,Standard,38891.0,42.7,0.0,1,24,Android,VirtualAccount,4.0,0
CUST-00514,2025-10-16,32.0,Female,Busan,Basic,74261.0,24.8,3.0,3,6,Android,Card,2.0,0
CUST-00515,2023-01-29,68.0,Female,Seoul,Premium,51333.0,27.9,3.0,0,6,Web,Card,3.0,0
CUST-00516,2026-02-14,20.0,Female,Daegu,Standard,46366.0,35.6,4.0,0,6,Android,VirtualAccount,1.0,0
CUST-00517,2023-12-22,63.0,Male,Daegu,Premium,49407.0,68.6,0.0,1,12,Web,Card,4.0,0
CUST-00518,2023-09-18,70.0,Male,Daejeon,Basic,54744.0,42.3,1.0,0,1,iOS,BankTransfer,1.0,0
CUST-00519,2024-12-29,51.0,Male,Seoul,Premium,54580.0,52.7,0.0,0,12,iOS,VirtualAccount,5.0,0
CUST-00520,2023-12-29,53.0,Male,Seoul,Standard,68046.0,50.2,2.0,0,12,iOS,BankTransfer,3.0,0
CUST-00521,2026-05-26,23.0,Female,Busan,Basic,18000.0,50.7,1.0,2,12,Android,Card,1.0,0
CUST-00522,2025-12-21,42.0,Male,Incheon,Basic,79137.0,30.0,2.0,1,12,iOS,VirtualAccount,4.0,0
CUST-00523,2025-05-05,51.0,Male,Seoul,Standard,59731.0,46.5,2.0,1,12,iOS,Mobile,3.0,0
CUST-00524,2025-03-11,27.0,Male,Seoul,Premium,60961.0,16.9,1.0,2,12,Android,Card,4.0,0
CUST-00525,2025-09-21,29.0,Female,Daegu,Standard,87691.0,32.3,1.0,1,6,Web,VirtualAccount,5.0,0
CUST-00526,2024-06-19,27.0,Male,Daegu,Standard,38641.0,37.4,4.0,0,6,Android,BankTransfer,3.0,0
CUST-00527,2025-01-24,51.0,Male,Seoul,Standard,69645.0,39.4,0.0,0,24,iOS,VirtualAccount,4.0,0
CUST-00528,2025-10-16,35.0,Female,Busan,Premium,62934.0,43.3,3.0,0,24,iOS,Card,5.0,0
CUST-00529,2024-05-22,43.0,Male,Seoul,Standard,33990.0,48.9,1.0,1,3,Android,BankTransfer,2.0,0
CUST-00530,2025-09-07,37.0,Male,Seoul,Standard,89723.0,26.1,2.0,2,6,Android,Card,4.0,1
CUST-00531,2025-05-31,46.0,Male,Seoul,Basic,33646.0,104.8,3.0,0,24,Android,Card,3.0,0
CUST-00532,2023-05-27,64.0,Male,Seoul,Premium,62054.0,11.0,2.0,0,1,Android,BankTransfer,5.0,0
CUST-00533,2026-02-09,58.0,Male,Seoul,Premium,75729.0,36.1,,1,3,iOS,Mobile,1.0,0
CUST-00534,2025-07-22,38.0,Male,Daegu,Basic,52641.0,23.0,4.0,5,12,Web,Card,3.0,1
CUST-00535,2026-04-27,35.0,Male,Seoul,Basic,68707.0,43.1,0.0,2,12,Android,BankTransfer,4.0,0
CUST-00536,2023-01-05,48.0,Male,Incheon,Standard,94062.0,46.9,1.0,2,12,Web,BankTransfer,5.0,0
CUST-00537,2025-05-02,53.0,Male,Seoul,Standard,66581.0,33.1,1.0,0,12,Android,VirtualAccount,4.0,0
CUST-00538,2024-12-07,39.0,Female,Daejeon,Basic,77680.0,37.9,0.0,1,3,Android,VirtualAccount,3.0,0
CUST-00539,2025-11-15,47.0,Male,Daegu,Standard,96615.0,28.4,1.0,1,6,iOS,Card,5.0,0
CUST-00540,2026-05-07,53.0,Male,Seoul,Basic,64213.0,10.0,4.0,1,12,Android,Card,1.0,0
CUST-00541,2024-12-23,62.0,Male,Daejeon,Standard,84994.0,26.8,3.0,0,12,Android,Card,1.0,1
CUST-00542,2023-02-11,18.0,Male,Daejeon,Basic,53473.0,11.5,4.0,1,12,Android,BankTransfer,1.0,1
CUST-00543,2026-03-22,28.0,Male,Busan,Standard,61547.0,57.1,1.0,2,24,Android,VirtualAccount,1.0,0
CUST-00544,2024-11-04,21.0,Male,Daejeon,Standard,62014.0,7.2,2.0,0,24,iOS,Mobile,2.0,0
CUST-00545,2025-10-28,34.0,Male,Daegu,Basic,83166.0,85.7,4.0,0,12,Web,Mobile,4.0,0
CUST-00546,2023-10-22,35.0,Female,Busan,Standard,90646.0,29.1,1.0,0,1,Android,Card,3.0,0
CUST-00547,2025-12-06,55.0,Female,Seoul,Standard,84797.0,59.5,4.0,0,6,Web,Mobile,4.0,0
CUST-00548,2023-10-27,30.0,Female,Seoul,Premium,62591.0,45.2,0.0,1,12,Android,Mobile,5.0,0
CUST-00549,2023-12-06,30.0,Female,Seoul,Basic,87305.0,32.3,2.0,1,6,Android,Mobile,2.0,0
CUST-00550,2026-02-21,39.0,Female,Daegu,Standard,55739.0,58.8,0.0,1,12,Android,Card,5.0,0
CUST-00551,2025-11-27,33.0,Female,Incheon,Standard,63419.0,23.9,0.0,0,1,Web,VirtualAccount,3.0,0
CUST-00552,2025-05-23,51.0,Female,Daegu,Basic,68725.0,75.3,3.0,0,24,iOS,BankTransfer,1.0,0
CUST-00553,2023-06-28,25.0,Male,Daejeon,Standard,39764.0,38.6,1.0,0,6,Android,BankTransfer,4.0,0
CUST-00554,2025-01-02,34.0,Female,Seoul,Basic,73463.0,61.2,0.0,1,12,Android,VirtualAccount,2.0,0
CUST-00555,2023-11-02,62.0,Male,Seoul,Standard,64253.0,27.0,4.0,0,3,iOS,Card,2.0,0
CUST-00556,2025-02-13,44.0,Male,Seoul,Premium,60151.0,51.0,1.0,2,12,Android,BankTransfer,4.0,0
CUST-00557,2026-05-05,34.0,Male,Busan,Premium,52705.0,16.0,2.0,0,12,Android,VirtualAccount,4.0,0
CUST-00558,2023-11-16,45.0,Female,Incheon,Premium,95001.0,60.1,1.0,0,12,Android,Card,2.0,0
CUST-00559,2023-05-06,28.0,Female,Seoul,Basic,66215.0,27.3,2.0,1,3,Android,VirtualAccount,1.0,0
CUST-00560,2025-10-20,29.0,Male,Seoul,Standard,66018.0,57.6,8.0,1,24,Android,Mobile,5.0,0
CUST-00561,2024-11-30,63.0,Male,Daegu,Basic,68844.0,27.5,2.0,0,24,Android,BankTransfer,2.0,0
CUST-00562,2023-04-10,46.0,Male,Incheon,Standard,57397.0,41.3,2.0,1,6,Android,BankTransfer,,0
CUST-00563,2023-01-05,58.0,Male,Seoul,Premium,63272.0,30.5,4.0,0,12,iOS,BankTransfer,2.0,0
CUST-00564,2025-10-21,67.0,Female,Busan,Standard,67131.0,35.6,2.0,1,6,iOS,Mobile,4.0,0
CUST-00565,2023-09-10,59.0,Female,Daejeon,Premium,52725.0,15.1,2.0,0,24,Android,Card,4.0,0
CUST-00566,2024-03-16,49.0,Male,Seoul,Basic,67873.0,36.2,3.0,1,12,iOS,Mobile,1.0,1
CUST-00567,2025-03-08,58.0,Male,Busan,Basic,58096.0,44.1,1.0,0,12,Android,VirtualAccount,2.0,0
CUST-00568,2024-07-16,56.0,Female,Daegu,Premium,65345.0,44.9,4.0,0,12,Android,VirtualAccount,3.0,0
CUST-00569,2024-08-24,22.0,Male,Seoul,Basic,56194.0,46.9,1.0,0,6,Android,Card,2.0,0
CUST-00570,2023-10-27,38.0,Female,Seoul,Standard,74721.0,55.1,0.0,0,24,iOS,BankTransfer,2.0,0
CUST-00571,2026-04-22,78.0,Female,Seoul,Premium,73439.0,59.2,1.0,2,3,Web,BankTransfer,4.0,0
CUST-00572,2026-05-25,49.0,Male,Daejeon,Standard,53282.0,52.3,0.0,0,3,iOS,Mobile,4.0,0
CUST-00573,2025-11-05,59.0,Male,Seoul,Premium,58690.0,52.8,2.0,2,12,Android,Card,4.0,0
CUST-00574,2024-12-17,51.0,Female,Daegu,Standard,45897.0,36.8,4.0,0,12,Android,Mobile,5.0,0
CUST-00575,2024-06-25,58.0,Male,Busan,Standard,64408.0,15.5,1.0,1,6,Android,Card,3.0,0
CUST-00576,2023-04-21,55.0,Male,Busan,Basic,68465.0,97.1,1.0,1,6,iOS,Card,4.0,0
CUST-00577,2024-09-02,42.0,Male,Incheon,Standard,46030.0,64.2,1.0,1,24,Android,Card,2.0,0
CUST-00578,2024-03-30,32.0,Female,Busan,Basic,78696.0,35.7,1.0,0,12,Android,BankTransfer,2.0,0
CUST-00579,2023-07-31,37.0,Female,Daegu,Standard,34377.0,14.7,0.0,1,12,iOS,Mobile,3.0,0
CUST-00580,2026-03-13,37.0,Male,Daegu,Standard,49324.0,40.4,7.0,2,12,Web,VirtualAccount,1.0,0
CUST-00581,2026-04-24,40.0,Female,Daegu,Basic,56720.0,45.6,,1,12,iOS,Card,5.0,0
CUST-00582,2024-03-06,31.0,Female,Seoul,Standard,38763.0,42.5,3.0,0,12,iOS,Mobile,1.0,1
CUST-00583,2023-05-29,43.0,Female,Seoul,Basic,34743.0,53.6,1.0,1,3,Android,BankTransfer,3.0,0
CUST-00584,2026-01-06,50.0,Female,Incheon,Standard,48044.0,14.8,2.0,2,6,Android,Card,1.0,0
CUST-00585,2024-07-09,30.0,Male,Daejeon,Premium,58272.0,68.0,0.0,1,24,Android,Card,,0
CUST-00586,2024-06-23,43.0,Male,Incheon,Premium,50719.0,71.5,3.0,0,12,Android,VirtualAccount,,0
CUST-00587,2023-01-25,56.0,Male,Busan,Standard,63001.0,51.6,1.0,1,1,iOS,Card,2.0,1
CUST-00588,2026-02-16,54.0,Male,Seoul,Standard,86618.0,18.6,1.0,2,6,Android,BankTransfer,5.0,0
CUST-00589,2023-09-30,56.0,Male,Incheon,Standard,63610.0,45.9,0.0,0,6,Android,Card,3.0,0
CUST-00590,2023-03-25,74.0,Male,Seoul,Basic,52383.0,14.6,3.0,0,12,Android,VirtualAccount,4.0,0
CUST-00591,2023-07-09,36.0,Male,Incheon,Standard,84326.0,47.6,2.0,1,12,Android,Mobile,1.0,1
CUST-00592,2025-10-28,43.0,Male,Seoul,Basic,73371.0,54.7,1.0,3,6,iOS,VirtualAccount,5.0,0
CUST-00593,2026-05-07,49.0,Male,Busan,Basic,55795.0,13.0,1.0,3,6,Android,VirtualAccount,5.0,0
CUST-00594,2025-12-13,19.0,Male,Seoul,Basic,65691.0,37.9,3.0,0,6,Android,BankTransfer,5.0,0
CUST-00595,2026-03-30,26.0,Male,Seoul,Premium,57631.0,43.2,1.0,0,6,iOS,Mobile,1.0,0
CUST-00596,2024-11-13,44.0,Female,Incheon,Basic,61254.0,12.6,1.0,0,24,iOS,VirtualAccount,2.0,0
CUST-00597,2025-07-01,33.0,Female,Busan,Standard,36153.0,78.7,3.0,0,12,Web,Card,2.0,0
CUST-00598,2023-02-16,45.0,Male,Seoul,Standard,54584.0,32.0,2.0,0,6,Android,Mobile,4.0,0
CUST-00599,2023-07-30,65.0,Male,Seoul,Basic,31486.0,27.7,1.0,1,24,iOS,BankTransfer,1.0,0
CUST-00600,2024-04-17,33.0,Female,Seoul,Basic,50429.0,38.1,1.0,1,24,Android,Card,2.0,0
CUST-00601,2024-12-11,42.0,Female,Seoul,Basic,78896.0,50.2,3.0,1,12,iOS,Card,4.0,0
CUST-00602,2024-12-04,35.0,Male,Incheon,Basic,96793.0,28.6,0.0,0,12,Web,Mobile,5.0,1
CUST-00603,2025-04-20,19.0,Female,Seoul,Premium,18819.0,18.6,1.0,1,6,Android,BankTransfer,2.0,1
CUST-00604,2024-10-06,33.0,Male,Daejeon,Standard,29030.0,116.2,0.0,0,24,iOS,VirtualAccount,4.0,0
CUST-00605,2024-11-04,50.0,Female,Seoul,Basic,70656.0,18.8,3.0,0,12,Android,Card,5.0,0
CUST-00606,2025-02-02,55.0,Male,Seoul,Basic,29980.0,31.0,4.0,1,6,iOS,Card,1.0,0
CUST-00607,2026-01-02,20.0,Female,Daejeon,Standard,73482.0,25.8,2.0,3,12,Android,Mobile,5.0,0
CUST-00608,2023-07-18,65.0,Female,Daegu,Standard,39952.0,12.6,1.0,0,6,iOS,BankTransfer,5.0,0
CUST-00609,2024-08-17,26.0,Female,Busan,Premium,53581.0,42.1,1.0,0,6,iOS,Card,1.0,1
CUST-00610,2024-02-28,34.0,Female,Incheon,Basic,97828.0,20.9,0.0,0,6,Android,Mobile,1.0,1
CUST-00611,2024-06-24,50.0,Male,Daegu,Premium,46090.0,47.5,1.0,0,12,Android,VirtualAccount,2.0,0
CUST-00612,2024-10-24,18.0,Male,Busan,Premium,53127.0,47.9,1.0,1,12,iOS,VirtualAccount,1.0,0
CUST-00613,2025-03-28,45.0,Male,Seoul,Standard,57785.0,9.1,1.0,3,12,Web,Mobile,5.0,0
CUST-00614,2024-05-02,31.0,Male,Seoul,Premium,31242.0,20.0,1.0,1,6,iOS,BankTransfer,3.0,0
CUST-00615,2023-10-27,42.0,Female,Daejeon,Basic,86396.0,25.0,1.0,0,3,iOS,BankTransfer,5.0,0
CUST-00616,2024-01-10,34.0,Female,Busan,Basic,59984.0,29.1,1.0,1,12,iOS,Card,1.0,0
CUST-00617,2026-01-05,66.0,Female,Daegu,Standard,46246.0,31.4,3.0,0,1,iOS,BankTransfer,2.0,1
CUST-00618,2025-04-02,46.0,Female,Daejeon,Standard,48189.0,25.1,2.0,0,6,Android,VirtualAccount,2.0,0
CUST-00619,2026-04-11,,Male,Seoul,Premium,82266.0,59.7,0.0,3,6,iOS,Card,1.0,0
CUST-00620,2024-11-15,44.0,Male,Busan,Premium,54616.0,26.6,2.0,0,12,Android,VirtualAccount,5.0,0
CUST-00621,2024-10-21,38.0,Male,Incheon,Standard,49187.0,24.3,0.0,2,1,iOS,BankTransfer,,0
CUST-00622,2024-10-18,22.0,Female,Seoul,Standard,40309.0,65.4,2.0,0,24,Android,BankTransfer,5.0,0
CUST-00623,2025-01-13,18.0,Male,Seoul,Basic,61894.0,42.4,3.0,0,24,Web,Mobile,5.0,0
CUST-00624,2026-06-03,18.0,Female,Busan,Premium,72606.0,22.8,4.0,2,12,iOS,VirtualAccount,4.0,0
CUST-00625,2024-08-24,57.0,Female,Daegu,Standard,90155.0,41.6,1.0,1,6,Android,Card,5.0,0
CUST-00626,2023-01-07,25.0,Male,Busan,Standard,53942.0,15.3,3.0,1,12,Android,VirtualAccount,3.0,1
CUST-00627,2024-03-09,34.0,Female,Daejeon,Premium,44343.0,53.1,3.0,0,24,Web,Mobile,2.0,0
CUST-00628,2024-10-25,44.0,Female,Busan,Standard,76557.0,21.7,2.0,1,3,iOS,Mobile,2.0,1
CUST-00629,2026-02-28,38.0,Male,Busan,Basic,59286.0,66.4,3.0,0,24,Android,VirtualAccount,3.0,0
CUST-00630,2024-04-28,35.0,Male,Busan,Standard,80270.0,20.4,2.0,1,24,Android,,3.0,0
CUST-00631,2026-04-26,41.0,Female,Busan,Standard,46546.0,64.5,1.0,0,6,iOS,BankTransfer,1.0,0
CUST-00632,2023-07-06,25.0,Female,Seoul,Basic,71681.0,7.3,1.0,1,12,Web,VirtualAccount,3.0,0
CUST-00633,2024-08-25,40.0,Female,Seoul,Standard,73527.0,30.7,0.0,1,6,Android,BankTransfer,5.0,0
CUST-00634,2023-12-12,42.0,Female,Daegu,Premium,62369.0,51.9,5.0,1,3,Android,Card,4.0,0
CUST-00635,2024-06-07,55.0,Female,Seoul,Basic,92890.0,35.0,5.0,1,24,Android,VirtualAccount,4.0,0
CUST-00636,2023-11-19,43.0,Female,Daejeon,Standard,30393.0,45.6,1.0,1,6,Android,Card,2.0,0
CUST-00637,2024-05-16,47.0,Female,Seoul,Basic,54342.0,26.2,4.0,1,6,Android,Card,3.0,0
CUST-00638,2024-05-24,55.0,Female,Daejeon,Standard,52849.0,45.3,2.0,1,1,Android,BankTransfer,2.0,0
CUST-00639,2026-03-13,39.0,Female,Daejeon,Premium,33144.0,74.9,2.0,1,24,iOS,Card,3.0,0
CUST-00640,2025-02-17,53.0,Female,Daegu,Basic,58068.0,38.4,1.0,0,6,iOS,Card,2.0,0
CUST-00641,2024-05-18,55.0,Female,Seoul,Premium,61587.0,82.6,0.0,0,3,iOS,Mobile,1.0,0
CUST-00642,2024-11-17,36.0,Male,Busan,Basic,78274.0,28.9,0.0,2,24,Android,VirtualAccount,2.0,0
CUST-00643,2023-11-06,18.0,Male,Incheon,Premium,78438.0,24.7,1.0,1,12,Android,Mobile,4.0,1
CUST-00644,2023-09-24,43.0,Female,Busan,Basic,57915.0,26.8,1.0,0,1,Android,BankTransfer,2.0,0
CUST-00645,2025-09-03,52.0,Male,Busan,Standard,47830.0,23.2,2.0,0,24,Android,Card,2.0,0
CUST-00646,2024-08-25,28.0,Male,Incheon,Standard,54594.0,38.5,2.0,2,12,Android,Card,1.0,0
CUST-00647,2023-07-17,59.0,Female,Seoul,Standard,55655.0,13.2,2.0,0,12,iOS,Mobile,5.0,0
CUST-00648,2023-08-23,27.0,Female,Daegu,Premium,194234.0,60.8,1.0,1,12,Web,Mobile,1.0,0
CUST-00649,2023-11-26,37.0,Female,Daejeon,Basic,62788.0,46.0,2.0,1,1,Android,VirtualAccount,3.0,0
CUST-00650,2025-05-20,58.0,Female,Daejeon,Standard,64598.0,36.9,2.0,1,6,iOS,VirtualAccount,3.0,0
CUST-00651,2023-09-24,18.0,Male,Seoul,Basic,29328.0,44.5,0.0,2,6,Android,BankTransfer,3.0,0
CUST-00652,2024-01-31,60.0,Male,Busan,Standard,63959.0,7.4,7.0,4,6,Android,BankTransfer,2.0,1
CUST-00653,2025-04-03,53.0,Female,Seoul,Standard,63551.0,71.1,3.0,0,24,Web,Card,3.0,0
CUST-00654,2026-01-23,46.0,Male,Seoul,Standard,49845.0,60.2,2.0,0,1,iOS,VirtualAccount,,1
CUST-00655,2024-01-05,43.0,Female,Daegu,Premium,47003.0,23.6,0.0,1,3,iOS,VirtualAccount,1.0,1
CUST-00656,2025-12-26,59.0,Female,Busan,Standard,50415.0,6.9,2.0,0,24,Web,Card,4.0,0
CUST-00657,2026-03-09,26.0,Male,Incheon,Basic,69400.0,25.6,4.0,0,12,Android,Mobile,5.0,1
CUST-00658,2026-03-15,30.0,Female,Seoul,Basic,56715.0,25.8,2.0,2,1,Android,BankTransfer,1.0,1
CUST-00659,2024-01-26,52.0,Female,Daejeon,Basic,46320.0,45.5,2.0,0,3,Web,Card,2.0,0
CUST-00660,2025-10-16,23.0,Male,Daejeon,Premium,53949.0,20.1,3.0,1,12,Android,Mobile,2.0,0
CUST-00661,2024-07-29,46.0,Male,Daejeon,Standard,49559.0,83.0,2.0,0,12,iOS,BankTransfer,5.0,0
CUST-00662,2023-04-20,38.0,Female,Busan,Standard,30709.0,14.9,3.0,1,6,iOS,Mobile,5.0,0
CUST-00663,2025-08-10,35.0,Female,Daegu,Basic,57735.0,49.6,2.0,0,12,iOS,Mobile,2.0,0
CUST-00664,2023-05-03,31.0,Female,Daejeon,Basic,94318.0,314.0,3.0,1,1,Web,VirtualAccount,4.0,0
CUST-00665,2023-11-09,48.0,Male,Seoul,Basic,42616.0,35.6,0.0,0,3,iOS,Card,2.0,0
CUST-00666,2024-10-29,45.0,Male,Busan,Standard,92154.0,30.8,1.0,0,3,iOS,VirtualAccount,1.0,0
CUST-00667,2023-12-19,51.0,Male,Busan,Standard,18000.0,35.4,2.0,0,1,Android,Card,5.0,0
CUST-00668,2024-04-20,51.0,Male,Busan,Premium,53511.0,50.5,0.0,1,1,iOS,VirtualAccount,1.0,0
CUST-00669,2025-12-25,40.0,Female,Incheon,Standard,39289.0,29.6,3.0,4,12,Web,VirtualAccount,2.0,1
CUST-00670,2024-09-04,19.0,Female,Daegu,Premium,72240.0,41.8,1.0,1,12,iOS,BankTransfer,5.0,0
CUST-00671,2023-05-15,41.0,Female,Incheon,Standard,45426.0,27.4,2.0,1,6,iOS,Mobile,4.0,0
CUST-00672,2026-05-26,52.0,Male,Busan,Standard,65707.0,28.2,3.0,0,24,Web,VirtualAccount,4.0,0
CUST-00673,2024-04-16,39.0,Male,Daegu,Standard,18000.0,27.7,1.0,2,6,Android,VirtualAccount,3.0,0
CUST-00674,2024-01-08,35.0,Female,Busan,Basic,76772.0,25.0,4.0,0,12,Android,Card,5.0,0
CUST-00675,2023-02-24,36.0,Male,Incheon,Basic,66973.0,60.4,1.0,1,12,Android,VirtualAccount,2.0,0
CUST-00676,2025-04-05,47.0,Female,Seoul,Basic,73423.0,23.8,3.0,0,24,Android,Mobile,1.0,0
CUST-00677,2026-03-13,46.0,Female,Seoul,Standard,47774.0,13.4,2.0,0,12,iOS,Mobile,2.0,0
CUST-00678,2026-03-23,43.0,Female,Incheon,Basic,78452.0,15.2,2.0,0,12,Android,Card,2.0,0
CUST-00679,2023-04-13,40.0,Male,Seoul,Standard,71916.0,24.1,2.0,2,12,Web,VirtualAccount,2.0,0
CUST-00680,2025-09-28,42.0,Male,Seoul,Basic,55728.0,36.2,2.0,1,6,iOS,,1.0,1
CUST-00681,2023-06-25,43.0,Female,Seoul,Basic,66296.0,32.2,3.0,1,6,iOS,VirtualAccount,,0
CUST-00682,2024-07-27,35.0,Male,Seoul,Premium,95861.0,22.2,3.0,3,24,Android,VirtualAccount,4.0,0
CUST-00683,2024-04-02,22.0,Female,Daegu,Basic,62635.0,31.7,0.0,1,24,Android,BankTransfer,3.0,0
CUST-00684,2026-04-04,50.0,Female,Seoul,Basic,61133.0,19.2,2.0,1,3,iOS,Mobile,5.0,0
CUST-00685,2025-04-13,40.0,Female,Daegu,Basic,73206.0,51.8,5.0,1,3,iOS,VirtualAccount,2.0,1
CUST-00686,2025-12-16,31.0,Male,Busan,Standard,50528.0,71.5,2.0,0,12,iOS,VirtualAccount,4.0,0
CUST-00687,2025-04-29,31.0,Female,Daegu,Standard,56593.0,15.1,0.0,0,6,Web,Mobile,3.0,0
CUST-00688,2023-04-24,32.0,Female,Seoul,Standard,77913.0,42.8,2.0,0,6,Android,Card,5.0,0
CUST-00689,2024-11-30,37.0,Female,Incheon,Standard,83042.0,28.3,3.0,1,24,Android,BankTransfer,5.0,0
CUST-00690,2025-01-24,63.0,Female,Seoul,Standard,92966.0,21.4,3.0,1,1,iOS,VirtualAccount,5.0,0
CUST-00691,2026-01-05,38.0,Male,Daejeon,Standard,56826.0,40.2,3.0,1,6,Android,BankTransfer,3.0,0
CUST-00692,2024-07-11,25.0,Male,Daegu,Standard,78344.0,33.4,2.0,0,6,Android,Mobile,1.0,1
CUST-00693,2023-09-27,40.0,Male,Daegu,Basic,59996.0,27.8,2.0,2,12,iOS,Card,2.0,0
CUST-00694,2024-03-29,47.0,Female,Daegu,Premium,24660.0,26.7,,1,3,Android,Mobile,3.0,0
CUST-00695,2025-05-20,37.0,Female,Busan,Standard,81065.0,10.9,1.0,1,1,Android,BankTransfer,2.0,0
CUST-00696,2024-01-22,49.0,Female,Busan,Basic,59342.0,12.0,1.0,1,12,iOS,BankTransfer,1.0,1
CUST-00697,2024-09-12,25.0,Female,Seoul,Standard,40531.0,32.5,0.0,1,24,Android,VirtualAccount,4.0,0
CUST-00698,2024-04-09,35.0,Female,Incheon,Standard,61818.0,20.7,2.0,0,12,Android,Mobile,5.0,0
CUST-00699,2024-08-27,45.0,Female,Seoul,Basic,46702.0,15.6,3.0,0,24,iOS,BankTransfer,1.0,0
CUST-00700,2025-01-05,18.0,Male,Seoul,Standard,67506.0,12.8,1.0,0,12,Web,BankTransfer,3.0,0
CUST-00701,2023-06-19,54.0,Female,Daejeon,Standard,87537.0,49.6,3.0,1,24,iOS,Mobile,2.0,0
CUST-00702,2024-08-15,53.0,Male,Seoul,Basic,56191.0,49.3,1.0,3,12,Android,VirtualAccount,5.0,0
CUST-00703,2025-10-27,45.0,Female,Busan,Basic,43210.0,49.1,1.0,0,3,Android,VirtualAccount,1.0,0
CUST-00704,2023-10-28,26.0,Female,Incheon,Basic,71836.0,8.3,0.0,1,12,Android,Mobile,3.0,0
CUST-00705,2023-01-16,30.0,Male,Busan,Basic,91702.0,58.0,2.0,1,6,Android,Mobile,2.0,0
CUST-00706,2024-07-14,54.0,Female,Daejeon,Premium,62942.0,65.3,0.0,1,24,iOS,Mobile,4.0,0
CUST-00707,2023-12-16,29.0,Male,Seoul,Premium,75126.0,20.8,2.0,2,6,Android,Card,1.0,0
CUST-00708,2024-07-15,57.0,Male,Seoul,Basic,50125.0,36.4,1.0,1,3,Android,Card,4.0,0
CUST-00709,2025-12-20,50.0,Male,Seoul,Premium,58624.0,43.3,,0,12,Android,Mobile,3.0,0
CUST-00710,2025-09-04,34.0,Male,Seoul,Standard,65368.0,78.3,3.0,1,12,Android,Mobile,5.0,0
CUST-00711,2025-07-08,43.0,Female,Incheon,Standard,62820.0,22.0,2.0,2,12,iOS,Mobile,5.0,0
CUST-00712,2024-10-26,39.0,Female,Seoul,Basic,61813.0,31.0,1.0,2,12,iOS,VirtualAccount,2.0,0
CUST-00713,2024-10-13,56.0,Male,Busan,Standard,71771.0,20.3,0.0,1,12,Android,VirtualAccount,2.0,0
CUST-00714,2025-01-01,31.0,Male,Incheon,Basic,75383.0,32.9,0.0,2,24,iOS,VirtualAccount,2.0,0
CUST-00715,2024-02-27,24.0,Male,Busan,Standard,62905.0,52.8,0.0,1,6,iOS,BankTransfer,5.0,0
CUST-00716,2025-12-02,22.0,Female,Incheon,Standard,53731.0,73.4,0.0,1,24,Android,BankTransfer,3.0,0
CUST-00717,2026-05-27,31.0,Male,Seoul,Standard,75536.0,24.7,0.0,1,24,Android,VirtualAccount,1.0,0
CUST-00718,2025-02-04,52.0,Male,Seoul,Basic,80078.0,28.5,2.0,0,1,Android,VirtualAccount,5.0,0
CUST-00719,2026-04-09,29.0,Female,Incheon,Premium,44288.0,30.9,2.0,1,12,iOS,VirtualAccount,3.0,0
CUST-00720,2024-10-02,58.0,Male,Incheon,Standard,67252.0,15.7,2.0,0,12,Android,Card,1.0,0
CUST-00721,2024-05-09,28.0,Female,Incheon,Premium,51366.0,48.3,0.0,2,12,Android,Mobile,4.0,0
CUST-00722,2025-07-07,49.0,Male,Seoul,Premium,63365.0,43.4,2.0,0,24,iOS,VirtualAccount,5.0,0
CUST-00723,2025-01-19,31.0,Female,Busan,Basic,84835.0,29.2,1.0,0,1,iOS,Card,4.0,0
CUST-00724,2026-02-12,34.0,Male,Incheon,Premium,55273.0,37.7,2.0,0,24,Web,Card,1.0,1
CUST-00725,2026-04-11,28.0,Female,Daejeon,Basic,62566.0,55.2,0.0,1,12,Web,VirtualAccount,5.0,0
CUST-00726,2025-11-18,49.0,Female,Busan,Standard,18000.0,62.5,1.0,1,12,Android,BankTransfer,2.0,0
CUST-00727,2023-11-29,18.0,Male,Seoul,Standard,66563.0,24.8,2.0,0,6,iOS,VirtualAccount,3.0,0
CUST-00728,2025-02-22,58.0,Female,Daegu,Basic,61336.0,34.5,0.0,1,3,Web,BankTransfer,1.0,0
CUST-00729,2023-06-17,18.0,Female,Daejeon,Standard,34812.0,62.5,3.0,0,24,iOS,Mobile,4.0,0
CUST-00730,2023-06-17,30.0,Male,Busan,Basic,71793.0,23.1,3.0,2,6,Android,VirtualAccount,1.0,0
CUST-00731,2025-06-17,45.0,Male,Daegu,Premium,38849.0,70.1,2.0,2,6,Android,BankTransfer,5.0,0
CUST-00732,2025-10-11,38.0,Male,Seoul,Premium,61167.0,24.5,2.0,0,6,Android,BankTransfer,1.0,0
CUST-00733,2023-08-13,52.0,Male,Daejeon,Basic,94935.0,74.9,3.0,0,3,Android,Card,4.0,0
CUST-00734,2023-10-18,43.0,Female,Seoul,Premium,68098.0,42.1,1.0,0,12,iOS,Mobile,3.0,0
CUST-00735,2025-01-02,43.0,Female,Daegu,Standard,83628.0,54.4,1.0,0,12,Android,Mobile,1.0,0
CUST-00736,2024-02-14,30.0,Male,Daegu,Premium,92804.0,16.1,1.0,2,6,Android,BankTransfer,2.0,0
CUST-00737,2024-12-19,46.0,Male,Seoul,Standard,80153.0,12.0,3.0,1,12,Android,Mobile,2.0,0
CUST-00738,2026-04-10,,Female,Seoul,Premium,93678.0,40.5,4.0,1,6,iOS,VirtualAccount,2.0,0
CUST-00739,2026-03-26,23.0,Female,Daegu,Premium,196196.0,33.1,2.0,0,6,iOS,VirtualAccount,4.0,0
CUST-00740,2025-05-29,44.0,Female,Incheon,Basic,92401.0,50.3,1.0,1,3,iOS,BankTransfer,2.0,0
CUST-00741,2023-10-07,63.0,Female,Seoul,Premium,45311.0,33.6,3.0,1,24,iOS,Card,4.0,0
CUST-00742,2024-08-25,53.0,Male,Incheon,Basic,60201.0,19.6,2.0,1,24,Web,BankTransfer,5.0,0
CUST-00743,2023-02-07,46.0,Male,Seoul,Basic,32177.0,17.4,1.0,1,12,iOS,Mobile,4.0,0
CUST-00744,2024-08-29,29.0,Male,Seoul,Basic,75558.0,7.6,2.0,1,6,iOS,Mobile,4.0,0
CUST-00745,2023-02-24,47.0,Male,Incheon,Premium,51215.0,67.4,,0,12,iOS,BankTransfer,3.0,0
CUST-00746,2026-03-10,55.0,Female,Busan,Basic,73047.0,11.5,0.0,1,3,Android,BankTransfer,2.0,0
CUST-00747,2024-08-31,30.0,Male,Busan,Standard,43879.0,35.8,4.0,2,1,Android,BankTransfer,5.0,0
CUST-00748,2024-08-17,27.0,Male,Seoul,Standard,54431.0,65.2,3.0,1,3,Android,BankTransfer,1.0,1
CUST-00749,2023-06-02,38.0,Male,Incheon,Premium,56082.0,48.1,2.0,1,12,Web,Card,3.0,0
CUST-00750,2023-08-03,51.0,Female,Daegu,Basic,55878.0,52.7,1.0,2,6,Android,Mobile,3.0,1
CUST-00751,2025-01-02,51.0,Female,Daegu,Standard,62665.0,55.9,1.0,2,6,iOS,Mobile,5.0,0
CUST-00752,2025-02-24,41.0,Male,Incheon,Basic,84596.0,51.9,2.0,1,1,iOS,VirtualAccount,1.0,0
CUST-00753,2024-02-18,34.0,Female,Busan,Standard,78552.0,22.7,1.0,0,24,Android,BankTransfer,2.0,0
CUST-00754,2024-04-21,21.0,Female,Daegu,Standard,31759.0,20.1,2.0,0,12,Web,Mobile,5.0,0
CUST-00755,2026-02-26,71.0,Female,Seoul,Basic,72446.0,18.8,3.0,0,24,Android,Mobile,5.0,0
CUST-00756,2023-10-24,21.0,Male,Daegu,Premium,50398.0,26.4,2.0,0,1,Android,BankTransfer,2.0,0
CUST-00757,2024-06-27,45.0,Female,Seoul,Basic,87807.0,61.8,4.0,0,6,iOS,Card,3.0,0
CUST-00758,2024-03-12,18.0,Female,Busan,Basic,80944.0,21.6,1.0,0,12,Android,BankTransfer,2.0,0
CUST-00759,2023-11-08,52.0,Female,Daejeon,Standard,61727.0,35.5,1.0,0,24,Android,Mobile,2.0,0
CUST-00760,2025-10-05,18.0,Male,Busan,Basic,193902.0,39.4,1.0,0,24,iOS,Mobile,1.0,0
CUST-00761,2023-03-14,42.0,Female,Busan,Standard,70468.0,14.6,2.0,1,24,Web,VirtualAccount,5.0,0
CUST-00762,2023-10-15,55.0,Male,Daejeon,Premium,71595.0,16.9,1.0,1,3,iOS,Card,5.0,0
CUST-00763,2025-11-12,32.0,Male,Daegu,Basic,71135.0,19.4,1.0,2,24,Android,VirtualAccount,1.0,0
CUST-00764,2024-03-21,33.0,Female,Daegu,Basic,22782.0,13.5,0.0,0,6,Web,BankTransfer,1.0,0
CUST-00765,2023-06-12,56.0,Male,Seoul,Standard,52968.0,25.1,3.0,1,24,Android,Mobile,5.0,0
CUST-00766,2023-06-24,31.0,Male,Seoul,Premium,49143.0,53.7,2.0,1,3,iOS,Card,4.0,0
CUST-00767,2023-09-18,58.0,Male,Daejeon,Standard,51835.0,46.7,1.0,1,3,iOS,VirtualAccount,3.0,0
CUST-00768,2023-09-30,50.0,Male,Daegu,Standard,79193.0,12.5,2.0,1,6,iOS,Card,4.0,0
CUST-00769,2023-07-30,51.0,Female,Seoul,Standard,62612.0,54.5,3.0,1,24,iOS,BankTransfer,2.0,0
CUST-00770,2025-04-12,32.0,Female,Daegu,Basic,66553.0,28.4,4.0,0,6,Android,VirtualAccount,4.0,0
CUST-00771,2023-09-29,30.0,Female,Daegu,Premium,18000.0,31.0,3.0,2,24,Android,Card,5.0,0
CUST-00772,2025-03-28,49.0,Male,Seoul,Standard,42860.0,32.2,0.0,0,3,Android,VirtualAccount,2.0,0
CUST-00773,2025-04-13,29.0,Female,Seoul,Basic,65344.0,56.5,1.0,0,24,Web,Mobile,2.0,0
CUST-00774,2024-07-10,48.0,Male,Seoul,Basic,45520.0,12.3,2.0,1,12,Android,BankTransfer,5.0,0
CUST-00775,2023-04-19,27.0,Female,Daejeon,Standard,25894.0,22.6,2.0,0,24,Android,Mobile,4.0,0
CUST-00776,2023-03-26,29.0,Female,Daejeon,Premium,66254.0,19.4,2.0,0,12,iOS,Card,2.0,1
CUST-00777,2025-10-11,22.0,Female,Daejeon,Basic,71392.0,26.0,2.0,2,12,Web,VirtualAccount,5.0,0
CUST-00778,2025-04-06,62.0,Male,Seoul,Standard,58412.0,63.5,0.0,0,12,Web,Card,3.0,0
CUST-00779,2025-12-27,60.0,Female,Busan,Premium,52143.0,19.8,3.0,1,6,iOS,Card,5.0,0
CUST-00780,2024-10-23,55.0,Female,Seoul,Standard,72498.0,28.3,3.0,0,6,Android,Card,4.0,0
CUST-00781,2025-07-27,57.0,Male,Busan,Premium,74412.0,45.9,1.0,1,24,iOS,Mobile,5.0,0
CUST-00782,2024-12-11,52.0,Male,Daegu,Basic,39474.0,23.8,1.0,0,6,Android,Mobile,5.0,0
CUST-00783,2024-05-30,39.0,Male,Busan,Standard,81902.0,79.6,2.0,1,6,Android,BankTransfer,3.0,0
CUST-00784,2025-03-10,50.0,Male,Daegu,Basic,55923.0,57.2,4.0,3,24,Web,BankTransfer,2.0,0
CUST-00785,2023-03-28,38.0,Female,Seoul,Basic,96028.0,18.1,2.0,3,24,iOS,VirtualAccount,1.0,1
CUST-00786,2024-10-13,37.0,Male,Seoul,Standard,64647.0,72.4,1.0,1,6,iOS,BankTransfer,3.0,1
CUST-00787,2025-02-23,50.0,Male,Busan,Premium,72959.0,17.6,3.0,1,24,Android,VirtualAccount,5.0,0
CUST-00788,2025-08-06,47.0,Male,Daejeon,Standard,73188.0,53.4,5.0,2,6,iOS,VirtualAccount,2.0,0
CUST-00789,2023-02-04,,Male,Incheon,Basic,63930.0,30.6,4.0,3,12,Android,BankTransfer,5.0,0
CUST-00790,2023-08-25,31.0,Male,Daejeon,Standard,33801.0,36.7,5.0,0,6,Android,Card,2.0,0
CUST-00791,2024-01-18,37.0,Male,Daejeon,Standard,57869.0,14.6,1.0,2,12,Android,BankTransfer,2.0,0
CUST-00792,2024-07-11,61.0,Male,Incheon,Standard,69532.0,67.6,1.0,0,1,Android,VirtualAccount,2.0,1
CUST-00793,2023-05-14,55.0,Male,Incheon,Standard,65162.0,42.6,1.0,1,3,Android,BankTransfer,3.0,0
CUST-00794,2025-05-09,34.0,Female,Seoul,Premium,100754.0,47.0,0.0,0,3,iOS,Mobile,2.0,0
CUST-00795,2025-07-05,52.0,Female,Daejeon,Basic,61517.0,52.3,0.0,1,12,Android,Card,1.0,0
CUST-00796,2025-05-02,49.0,Male,Incheon,Standard,86960.0,79.1,4.0,3,12,iOS,Mobile,4.0,0
CUST-00797,2024-04-09,33.0,Female,Incheon,Standard,27416.0,8.2,1.0,1,1,iOS,Card,1.0,0
CUST-00798,2025-04-10,20.0,Female,Seoul,Premium,102932.0,41.5,1.0,0,12,iOS,VirtualAccount,3.0,0
CUST-00799,2026-04-10,44.0,Female,Seoul,Basic,63023.0,44.8,1.0,1,3,Android,Mobile,4.0,0
CUST-00800,2023-07-19,45.0,Female,Daejeon,Premium,37887.0,44.5,1.0,0,6,iOS,VirtualAccount,4.0,0
CUST-00801,2023-10-31,37.0,Male,Seoul,Premium,88382.0,23.7,1.0,1,12,Web,Mobile,2.0,0
CUST-00802,2025-06-18,30.0,Female,Incheon,Standard,51219.0,25.7,2.0,3,12,Android,Mobile,3.0,0
CUST-00803,2023-05-05,50.0,Male,Busan,Basic,56270.0,26.3,0.0,1,1,iOS,Card,4.0,0
CUST-00804,2023-02-05,18.0,Male,Incheon,Standard,62239.0,59.5,1.0,1,3,iOS,Card,2.0,0
CUST-00805,2025-04-21,40.0,Male,Seoul,Premium,78973.0,8.6,1.0,2,12,Android,BankTransfer,1.0,0
CUST-00806,2026-02-20,43.0,Female,Seoul,Premium,78847.0,41.4,7.0,1,1,Android,Mobile,1.0,0
CUST-00807,2025-06-10,18.0,Female,Seoul,Standard,57307.0,16.5,6.0,1,12,iOS,Mobile,5.0,0
CUST-00808,2025-10-02,34.0,Male,Incheon,Basic,56737.0,29.0,2.0,2,6,iOS,Mobile,3.0,0
CUST-00809,2024-09-11,31.0,Male,Daejeon,Basic,57660.0,68.4,2.0,1,12,iOS,Card,5.0,0
CUST-00810,2025-05-11,21.0,Male,Seoul,Premium,21489.0,30.2,1.0,1,12,Android,,5.0,0
CUST-00811,2025-09-07,65.0,Male,Busan,Standard,77125.0,39.9,2.0,1,1,Android,VirtualAccount,3.0,0
CUST-00812,2023-12-11,30.0,Female,Seoul,Basic,51462.0,54.7,1.0,0,12,Android,BankTransfer,4.0,0
CUST-00813,2023-06-20,44.0,Male,Busan,Premium,78970.0,28.0,3.0,1,6,Android,Card,3.0,0
CUST-00814,2023-06-27,33.0,Male,Busan,Basic,55871.0,8.4,2.0,2,24,Web,VirtualAccount,5.0,0
CUST-00815,2023-07-02,58.0,Female,Incheon,Basic,91505.0,27.7,2.0,0,6,iOS,Mobile,5.0,1
CUST-00816,2025-08-28,58.0,Male,Busan,Standard,91057.0,46.7,1.0,0,12,iOS,VirtualAccount,4.0,0
CUST-00817,2024-08-23,,Female,Daegu,Basic,38646.0,71.2,1.0,1,24,Android,Card,2.0,0
CUST-00818,2023-03-29,20.0,Female,Daegu,Basic,46698.0,26.1,1.0,3,24,Android,Card,4.0,0
CUST-00819,2025-04-12,40.0,Male,Busan,Standard,69414.0,41.0,1.0,1,6,Android,BankTransfer,3.0,0
CUST-00820,2026-02-23,45.0,Male,Daejeon,Standard,97820.0,32.3,3.0,1,12,iOS,VirtualAccount,3.0,0
CUST-00821,2023-06-04,56.0,Female,Daejeon,Standard,80254.0,21.6,1.0,1,3,Android,Card,5.0,0
CUST-00822,2023-07-06,18.0,Female,Daegu,Standard,66652.0,48.3,1.0,0,24,Android,BankTransfer,3.0,0
CUST-00823,2025-12-28,39.0,Female,Incheon,Premium,54959.0,67.7,0.0,0,24,Android,Card,2.0,0
CUST-00824,2026-04-17,48.0,Male,Seoul,Basic,54665.0,57.0,1.0,2,24,Android,Card,,0
CUST-00825,2024-08-09,22.0,Female,Seoul,Premium,78419.0,21.0,3.0,2,24,Android,Mobile,2.0,0
CUST-00826,2026-04-28,51.0,Male,Incheon,Standard,56876.0,28.8,1.0,0,6,Android,BankTransfer,2.0,0
CUST-00827,2024-10-15,60.0,Female,Daejeon,Premium,58631.0,13.4,0.0,0,24,Android,VirtualAccount,4.0,0
CUST-00828,2025-07-09,44.0,Female,Incheon,Standard,62350.0,47.1,2.0,1,3,Android,,5.0,0
CUST-00829,2023-12-29,54.0,Female,Seoul,Basic,61785.0,368.0,0.0,1,6,Android,Card,1.0,0
CUST-00830,2024-03-30,25.0,Female,Seoul,Premium,42471.0,25.9,2.0,0,3,Android,BankTransfer,1.0,1
CUST-00831,2025-08-21,55.0,Male,Incheon,Premium,95316.0,30.8,2.0,1,12,Android,Card,2.0,0
CUST-00832,2023-03-25,49.0,Male,Daegu,Standard,54366.0,24.7,0.0,0,24,iOS,Card,5.0,0
CUST-00833,2025-01-16,47.0,Female,Seoul,Premium,75201.0,20.4,1.0,0,12,Android,Card,4.0,0
CUST-00834,2024-05-18,18.0,Female,Daejeon,Basic,75071.0,34.0,5.0,0,3,Android,Mobile,1.0,0
CUST-00835,2024-05-02,33.0,Female,Seoul,Basic,58966.0,11.5,2.0,1,12,Web,Card,,0
CUST-00836,2023-03-06,62.0,Male,Daegu,Basic,45125.0,30.0,1.0,0,12,iOS,BankTransfer,1.0,0
CUST-00837,2024-04-06,38.0,Male,Busan,Standard,62982.0,62.3,1.0,2,6,iOS,Card,1.0,0
CUST-00838,2024-05-06,52.0,Female,Seoul,Basic,52631.0,47.9,3.0,0,3,Android,VirtualAccount,2.0,0
CUST-00839,2025-06-20,44.0,Female,Seoul,Standard,40100.0,43.6,3.0,1,12,iOS,VirtualAccount,4.0,0
CUST-00840,2023-03-22,53.0,Female,Daejeon,Standard,44055.0,40.7,1.0,0,3,Android,Mobile,3.0,0
CUST-00841,2025-06-02,21.0,Female,Incheon,Standard,91622.0,30.6,2.0,0,12,iOS,Card,1.0,0
CUST-00842,2024-03-08,44.0,Male,Daejeon,Basic,33853.0,39.4,2.0,0,6,iOS,VirtualAccount,,0
CUST-00843,2024-11-01,23.0,Male,Seoul,Basic,70815.0,23.8,0.0,0,24,Android,Card,1.0,0
CUST-00844,2025-11-29,59.0,Female,Incheon,Standard,88274.0,42.4,3.0,0,12,iOS,Mobile,1.0,1
CUST-00845,2025-11-01,65.0,Female,Daejeon,Premium,39383.0,27.8,2.0,1,6,Android,BankTransfer,2.0,0
CUST-00846,2025-11-29,37.0,Male,Incheon,Standard,53910.0,36.8,1.0,0,12,iOS,Mobile,2.0,0
CUST-00847,2025-12-20,54.0,Male,Seoul,Basic,52775.0,72.6,1.0,1,6,iOS,Mobile,3.0,0
CUST-00848,2023-07-18,31.0,Female,Busan,Standard,68681.0,18.3,0.0,2,3,iOS,,3.0,0
CUST-00849,2024-01-05,42.0,Male,Busan,Premium,76895.0,28.9,1.0,1,3,Web,BankTransfer,2.0,0
CUST-00850,2024-04-20,48.0,Male,Daegu,Standard,71968.0,75.0,2.0,0,6,iOS,Mobile,4.0,0
CUST-00851,2024-10-23,31.0,Female,Daegu,Standard,82000.0,48.5,1.0,0,24,Android,VirtualAccount,4.0,0
CUST-00852,2025-11-16,57.0,Male,Seoul,Standard,38291.0,71.2,3.0,0,3,Android,Card,4.0,0
CUST-00853,2023-10-15,23.0,Female,Seoul,Basic,48105.0,54.1,1.0,0,24,iOS,BankTransfer,4.0,0
CUST-00854,2024-03-03,,Male,Seoul,Premium,105535.0,8.7,0.0,0,12,iOS,VirtualAccount,2.0,0
CUST-00855,2023-05-14,33.0,Male,Daejeon,Standard,67646.0,22.2,2.0,1,24,iOS,VirtualAccount,,0
CUST-00856,2024-05-26,18.0,Male,Daegu,Standard,73588.0,27.9,1.0,1,6,Android,VirtualAccount,5.0,0
CUST-00857,2026-01-26,,Female,Seoul,Basic,89210.0,60.3,,0,3,Android,Mobile,5.0,0
CUST-00858,2025-07-11,25.0,Female,Daegu,Basic,70305.0,51.5,2.0,0,12,iOS,VirtualAccount,5.0,0
CUST-00859,2023-06-28,37.0,Female,Incheon,Standard,94294.0,76.2,1.0,0,12,Android,BankTransfer,1.0,0
CUST-00860,2026-01-26,45.0,Male,Incheon,Standard,46017.0,225.0,2.0,1,24,Android,Mobile,2.0,0
CUST-00861,2023-01-24,40.0,Male,Busan,Standard,45531.0,19.7,1.0,3,1,iOS,BankTransfer,3.0,1
CUST-00862,2024-11-10,42.0,Female,Seoul,Basic,65578.0,13.1,1.0,1,6,Android,BankTransfer,4.0,0
CUST-00863,2023-05-20,50.0,Male,Seoul,Basic,60226.0,41.1,1.0,0,6,Android,Mobile,5.0,0
CUST-00864,2024-03-19,45.0,Female,Busan,Standard,64241.0,67.9,4.0,0,6,Android,BankTransfer,3.0,0
CUST-00865,2025-06-18,60.0,Male,Incheon,Standard,53683.0,34.6,4.0,0,12,Android,VirtualAccount,2.0,0
CUST-00866,2024-10-01,39.0,Female,Seoul,Basic,71757.0,30.0,3.0,1,3,Web,Card,2.0,0
CUST-00867,2024-07-16,52.0,Female,Daegu,Basic,90781.0,42.6,3.0,2,3,Android,Card,1.0,1
CUST-00868,2025-06-22,38.0,Male,Seoul,Standard,75493.0,24.7,1.0,0,1,Web,Mobile,3.0,0
CUST-00869,2024-02-26,43.0,Female,Busan,Basic,55340.0,47.9,2.0,2,6,iOS,Mobile,2.0,0
CUST-00870,2023-12-02,36.0,Female,Busan,Basic,70207.0,14.3,1.0,0,24,iOS,BankTransfer,4.0,0
CUST-00871,2026-01-25,48.0,Female,Seoul,Standard,70587.0,20.0,2.0,1,3,Web,BankTransfer,3.0,0
CUST-00872,2025-09-29,40.0,Female,Busan,Basic,51169.0,29.4,2.0,0,12,Android,BankTransfer,5.0,0
CUST-00873,2024-11-18,59.0,Female,Busan,Premium,60296.0,58.9,0.0,4,12,Web,VirtualAccount,5.0,0
CUST-00874,2023-09-24,21.0,Male,Busan,Standard,60286.0,35.0,2.0,0,12,iOS,Mobile,3.0,0
CUST-00875,2023-11-21,61.0,Male,Incheon,Standard,54672.0,65.5,1.0,1,12,iOS,VirtualAccount,2.0,0
CUST-00876,2025-10-15,46.0,Male,Seoul,Basic,63333.0,57.4,2.0,0,24,iOS,Mobile,3.0,0
CUST-00877,2023-02-07,39.0,Female,Incheon,Standard,52214.0,20.1,2.0,1,24,iOS,Card,5.0,0
CUST-00878,2026-03-12,38.0,Male,Seoul,Premium,47820.0,19.9,2.0,0,1,Android,VirtualAccount,4.0,0
CUST-00879,2024-05-15,46.0,Male,Daejeon,Basic,18000.0,58.4,3.0,0,12,Android,BankTransfer,5.0,0
CUST-00880,2024-02-17,53.0,Male,Incheon,Standard,44974.0,35.7,1.0,0,24,Web,BankTransfer,4.0,0
CUST-00881,2025-04-10,50.0,Male,Seoul,Basic,81293.0,40.7,1.0,2,1,iOS,Card,1.0,0
CUST-00882,2023-01-17,32.0,Male,Incheon,Standard,82240.0,30.3,4.0,1,3,iOS,BankTransfer,4.0,0
CUST-00883,2024-03-08,61.0,Female,Daegu,Basic,55385.0,62.2,,0,12,iOS,Card,4.0,0
CUST-00884,2026-05-22,46.0,Male,Daejeon,Standard,44637.0,61.8,3.0,1,3,iOS,Mobile,2.0,0
CUST-00885,2023-05-22,47.0,Male,Daejeon,Basic,48043.0,30.0,1.0,1,6,Android,BankTransfer,4.0,0
CUST-00886,2024-06-24,37.0,Male,Daejeon,Premium,65929.0,32.9,4.0,0,1,Android,Card,1.0,0
CUST-00887,2025-09-03,26.0,Female,Daejeon,Basic,38531.0,39.8,0.0,1,12,Android,Card,5.0,0
CUST-00888,2024-08-30,57.0,Female,Busan,Standard,80211.0,58.6,1.0,3,24,Android,Mobile,3.0,0
CUST-00889,2025-07-24,63.0,Male,Incheon,Premium,76965.0,28.0,0.0,1,24,Android,Mobile,4.0,0
CUST-00890,2025-12-08,54.0,Male,Daejeon,Standard,72569.0,28.9,1.0,1,1,Android,VirtualAccount,3.0,0
CUST-00891,2025-06-18,32.0,Male,Seoul,Basic,28807.0,22.9,1.0,0,1,Android,Mobile,5.0,0
CUST-00892,2024-11-25,24.0,Female,Busan,Basic,67505.0,99.0,0.0,0,12,iOS,Card,2.0,0
CUST-00893,2025-10-22,45.0,Male,Seoul,Standard,69664.0,61.7,2.0,1,12,iOS,Card,2.0,0
CUST-00894,2023-01-31,47.0,Male,Seoul,Standard,37096.0,25.6,1.0,3,3,Android,Mobile,4.0,0
CUST-00895,2023-01-29,36.0,Female,Seoul,Premium,55380.0,19.4,3.0,1,6,iOS,BankTransfer,3.0,0
CUST-00896,2024-09-18,25.0,Male,Daejeon,Standard,48120.0,17.9,1.0,0,12,Android,Mobile,2.0,0
CUST-00897,2025-01-18,48.0,Male,Incheon,Standard,82396.0,24.3,1.0,1,6,iOS,Mobile,5.0,0
CUST-00898,2023-12-14,20.0,Male,Incheon,Standard,82453.0,16.9,1.0,1,6,Android,Mobile,2.0,1
CUST-00899,2024-05-18,28.0,Female,Daejeon,Basic,26725.0,14.5,2.0,2,3,Android,VirtualAccount,1.0,1
CUST-00900,2026-01-25,37.0,Female,Daejeon,Basic,23907.0,377.0,2.0,3,12,iOS,BankTransfer,5.0,1
CUST-00901,2024-06-21,50.0,Male,Seoul,Basic,61366.0,45.7,1.0,1,24,Android,Mobile,5.0,0
CUST-00902,2026-02-03,54.0,Female,Daejeon,Standard,53988.0,61.7,4.0,1,3,Web,BankTransfer,3.0,0
CUST-00903,2023-07-08,18.0,Male,Seoul,Standard,75291.0,41.9,1.0,0,24,Android,,5.0,0
CUST-00904,2025-11-17,35.0,Male,Seoul,Standard,88069.0,18.6,2.0,2,24,iOS,Card,4.0,0
CUST-00905,2024-07-22,,Female,Seoul,Standard,48283.0,19.0,0.0,0,24,Android,VirtualAccount,5.0,0
CUST-00906,2023-07-13,52.0,Male,Seoul,Premium,55677.0,69.8,0.0,3,12,Android,VirtualAccount,4.0,0
CUST-00907,2024-09-05,42.0,Female,Incheon,Standard,62940.0,59.2,1.0,4,12,iOS,BankTransfer,1.0,0
CUST-00908,2024-06-14,34.0,Female,Busan,Standard,39684.0,55.9,1.0,0,6,iOS,Mobile,5.0,0
CUST-00909,2025-08-16,71.0,Female,Incheon,Standard,56618.0,46.4,2.0,0,3,iOS,Card,2.0,0
CUST-00910,2023-03-25,47.0,Female,Busan,Standard,82217.0,3.2,2.0,0,3,Android,VirtualAccount,3.0,0
CUST-00911,2024-11-11,27.0,Male,Seoul,Basic,57773.0,24.0,1.0,1,24,Android,VirtualAccount,2.0,0
CUST-00912,2024-01-10,33.0,Male,Seoul,Standard,49475.0,50.0,0.0,0,24,iOS,Card,5.0,0
CUST-00913,2025-06-15,54.0,Female,Daejeon,Premium,73214.0,36.3,4.0,0,24,Android,Mobile,5.0,0
CUST-00914,2025-04-01,50.0,Female,Busan,Standard,90881.0,12.3,1.0,2,6,Android,VirtualAccount,2.0,0
CUST-00915,2023-09-25,46.0,Male,Seoul,Premium,68739.0,22.2,1.0,0,24,iOS,BankTransfer,4.0,0
CUST-00916,2024-12-31,25.0,Male,Seoul,Premium,70473.0,49.8,2.0,2,12,Android,BankTransfer,2.0,1
CUST-00917,2023-02-21,36.0,Female,Incheon,Standard,84213.0,33.7,0.0,3,3,Web,BankTransfer,5.0,0
CUST-00918,2026-02-13,38.0,Male,Seoul,Standard,57886.0,27.7,1.0,2,24,iOS,BankTransfer,2.0,0
CUST-00919,2025-12-14,56.0,Male,Busan,Standard,42382.0,28.2,2.0,1,6,Web,VirtualAccount,2.0,0
CUST-00920,2023-10-03,66.0,Female,Seoul,Basic,88166.0,29.1,1.0,2,24,Android,Card,2.0,0
CUST-00921,2023-03-08,48.0,Female,Seoul,Premium,46128.0,25.2,1.0,1,6,iOS,Mobile,1.0,0
CUST-00922,2024-09-16,32.0,Male,Seoul,Basic,69428.0,44.0,4.0,0,12,Android,Card,5.0,0
CUST-00923,2025-04-15,29.0,Female,Incheon,Standard,41994.0,25.9,0.0,2,3,Web,Mobile,3.0,0
CUST-00924,2025-07-11,38.0,Female,Incheon,Standard,57997.0,38.1,2.0,0,3,Android,Card,3.0,0
CUST-00925,2023-02-12,37.0,Female,Incheon,Basic,67348.0,35.5,3.0,0,12,Web,Mobile,5.0,0
CUST-00926,2023-07-05,52.0,Male,Busan,Standard,73115.0,29.0,2.0,2,3,Android,Card,5.0,0
CUST-00927,2024-01-31,25.0,Female,Seoul,Standard,48998.0,35.0,4.0,1,6,Android,Card,3.0,1
CUST-00928,2024-03-12,41.0,Female,Daejeon,Premium,82470.0,22.6,1.0,1,24,Android,VirtualAccount,3.0,0
CUST-00929,2024-08-18,22.0,Male,Seoul,Standard,42982.0,56.1,1.0,2,24,Android,VirtualAccount,1.0,0
CUST-00930,2026-02-13,63.0,Male,Daegu,Basic,29691.0,31.6,2.0,0,1,Android,VirtualAccount,2.0,0
CUST-00931,2025-02-05,46.0,Male,Incheon,Basic,18000.0,51.3,3.0,0,24,Android,Mobile,2.0,0
CUST-00932,2024-07-12,58.0,Female,Busan,Basic,66761.0,61.1,0.0,0,6,iOS,Card,4.0,0
CUST-00933,2023-03-17,18.0,Male,Daejeon,Basic,48690.0,29.6,2.0,0,6,Android,VirtualAccount,1.0,0
CUST-00934,2023-02-13,56.0,Female,Busan,Premium,87676.0,40.2,4.0,1,12,iOS,Card,3.0,0
CUST-00935,2025-02-03,28.0,Male,Seoul,Standard,35943.0,40.9,0.0,1,12,Web,VirtualAccount,2.0,0
CUST-00936,2024-09-21,47.0,Female,Daejeon,Standard,44126.0,54.2,4.0,2,24,iOS,VirtualAccount,2.0,0
CUST-00937,2025-09-23,33.0,Female,Busan,Basic,87909.0,37.1,3.0,0,6,Android,BankTransfer,1.0,0
CUST-00938,2023-01-22,43.0,Female,Seoul,Basic,71243.0,22.8,2.0,1,6,Android,VirtualAccount,4.0,0
CUST-00939,2026-02-09,49.0,Female,Seoul,Basic,57851.0,18.4,2.0,1,1,iOS,VirtualAccount,4.0,0
CUST-00940,2024-09-08,40.0,Male,Seoul,Standard,64836.0,13.5,3.0,0,12,Android,Card,2.0,0
CUST-00941,2026-05-24,53.0,Male,Daegu,Basic,61905.0,8.3,4.0,0,3,iOS,BankTransfer,2.0,1
CUST-00942,2025-09-22,24.0,Male,Busan,Basic,69002.0,50.7,4.0,0,24,Android,Card,1.0,1
CUST-00943,2025-09-23,18.0,Female,Busan,Standard,69760.0,31.5,4.0,1,24,Android,VirtualAccount,1.0,0
CUST-00944,2025-09-14,22.0,Male,Incheon,Basic,47183.0,49.2,0.0,2,12,Web,VirtualAccount,3.0,0
CUST-00945,2023-05-29,33.0,Male,Seoul,Standard,85573.0,40.6,1.0,2,24,iOS,VirtualAccount,3.0,0
CUST-00946,2026-05-12,37.0,Male,Incheon,Basic,68370.0,66.5,0.0,1,12,Android,Card,3.0,0
CUST-00947,2023-03-07,35.0,Female,Seoul,Premium,68101.0,10.0,3.0,1,1,Android,Mobile,3.0,0
CUST-00948,2025-09-03,46.0,Female,Seoul,Standard,62384.0,17.9,1.0,0,12,iOS,BankTransfer,4.0,0
CUST-00949,2023-08-08,64.0,Male,Busan,Basic,82832.0,15.4,0.0,0,1,Web,VirtualAccount,5.0,1
CUST-00950,2025-11-08,18.0,Female,Daejeon,Premium,30554.0,30.1,3.0,0,24,Android,BankTransfer,5.0,1
CUST-00951,2023-02-09,39.0,Male,Incheon,Basic,34546.0,23.6,3.0,0,12,iOS,Mobile,3.0,0
CUST-00952,2025-06-27,49.0,Male,Daegu,Basic,52222.0,98.5,2.0,1,12,Android,VirtualAccount,1.0,0
CUST-00953,2024-03-14,40.0,Female,Daegu,Premium,56375.0,22.1,4.0,4,3,iOS,Card,2.0,0
CUST-00954,2023-12-13,33.0,Female,Busan,Basic,35386.0,6.9,1.0,1,12,Android,BankTransfer,5.0,0
CUST-00955,2023-12-16,49.0,Male,Daejeon,Standard,60838.0,38.6,2.0,1,6,Android,BankTransfer,4.0,0
CUST-00956,2026-03-23,43.0,Male,Daejeon,Premium,64162.0,29.2,3.0,1,12,Android,Card,3.0,0
CUST-00957,2024-07-19,43.0,Male,Daegu,Premium,81371.0,120.5,4.0,0,6,Web,Card,4.0,0
CUST-00958,2024-05-06,49.0,Male,Seoul,Basic,72035.0,18.8,0.0,2,12,Android,BankTransfer,5.0,0
CUST-00959,2024-03-26,42.0,Male,Daejeon,Basic,43859.0,17.3,1.0,0,3,Android,VirtualAccount,5.0,0
CUST-00960,2025-07-05,38.0,Female,Busan,Standard,72848.0,6.9,1.0,0,24,iOS,VirtualAccount,1.0,0
CUST-00961,2025-09-15,33.0,Female,Daejeon,Standard,55947.0,71.7,1.0,1,24,Android,VirtualAccount,5.0,0
CUST-00962,2023-07-28,37.0,Male,Incheon,Premium,48170.0,33.0,1.0,2,12,iOS,VirtualAccount,1.0,0
CUST-00963,2023-12-16,57.0,Female,Incheon,Basic,52153.0,47.6,2.0,1,3,iOS,VirtualAccount,2.0,0
CUST-00964,2025-04-11,39.0,Female,Daegu,Premium,67055.0,17.7,2.0,3,12,iOS,BankTransfer,4.0,0
CUST-00965,2023-09-02,67.0,Female,Incheon,Basic,59426.0,114.0,3.0,0,12,Android,Mobile,2.0,0
CUST-00966,2023-05-03,18.0,Male,Daegu,Standard,53516.0,36.5,0.0,1,3,iOS,BankTransfer,4.0,0
CUST-00967,2023-12-29,48.0,Male,Daegu,Basic,63644.0,16.1,0.0,2,3,Android,BankTransfer,4.0,0
CUST-00968,2023-09-13,38.0,Male,Seoul,Standard,59084.0,92.6,4.0,0,24,Android,BankTransfer,4.0,0
CUST-00969,2024-03-25,37.0,Male,Daejeon,Standard,49983.0,22.7,1.0,0,12,iOS,Mobile,1.0,0
CUST-00970,2025-07-03,29.0,Female,Seoul,Premium,77752.0,58.9,3.0,0,6,Android,VirtualAccount,1.0,0
CUST-00971,2023-03-07,20.0,Female,Seoul,Basic,73381.0,44.3,1.0,2,12,iOS,Card,5.0,0
CUST-00972,2026-05-15,49.0,Male,Busan,Standard,77805.0,27.6,2.0,2,6,iOS,Card,4.0,0
CUST-00973,2023-10-14,44.0,Female,Seoul,Premium,97845.0,41.4,3.0,0,24,iOS,VirtualAccount,3.0,0
CUST-00974,2025-02-17,61.0,Male,Seoul,Basic,63285.0,13.8,1.0,2,3,Web,VirtualAccount,3.0,0
CUST-00975,2025-12-04,18.0,Male,Seoul,Basic,56707.0,29.4,1.0,2,12,Web,Card,1.0,0
CUST-00976,2025-08-11,48.0,Female,Seoul,Basic,84957.0,17.6,,0,24,Web,Mobile,5.0,0
CUST-00977,2024-12-14,38.0,Male,Seoul,Premium,54837.0,32.2,1.0,1,12,Android,Mobile,1.0,0
CUST-00978,2025-11-06,54.0,Male,Incheon,Standard,62414.0,35.3,1.0,0,24,Android,Mobile,5.0,0
CUST-00979,2026-02-17,,Female,Busan,Standard,45825.0,23.3,3.0,0,6,iOS,VirtualAccount,1.0,0
CUST-00980,2024-05-07,27.0,Male,Busan,Premium,50825.0,40.9,1.0,0,6,iOS,VirtualAccount,,0
CUST-00981,2024-01-16,34.0,Male,Seoul,Standard,38706.0,34.4,1.0,0,1,Android,VirtualAccount,5.0,0
CUST-00982,2023-02-20,20.0,Male,Busan,Basic,69489.0,17.3,2.0,0,12,iOS,VirtualAccount,3.0,0
CUST-00983,2025-04-15,33.0,Male,Seoul,Basic,87018.0,41.5,3.0,1,6,iOS,Mobile,3.0,0
CUST-00984,2025-01-13,22.0,Female,Busan,Standard,70993.0,49.7,2.0,1,12,Android,BankTransfer,4.0,0
CUST-00985,2025-08-05,49.0,Female,Seoul,Premium,49310.0,15.5,2.0,2,6,Android,Card,4.0,0
CUST-00986,2025-07-24,53.0,Male,Busan,Standard,40095.0,48.9,2.0,0,24,Web,BankTransfer,3.0,0
CUST-00987,2023-08-28,59.0,Female,Incheon,Premium,60970.0,40.4,1.0,1,6,Android,Card,3.0,0
CUST-00988,2024-12-05,30.0,Female,Busan,Premium,73029.0,50.8,3.0,0,6,Android,BankTransfer,5.0,0
CUST-00989,2023-03-18,32.0,Female,Daejeon,Premium,86405.0,99.4,2.0,1,24,Android,Mobile,4.0,0
CUST-00990,2023-05-27,53.0,Female,Busan,Standard,35461.0,78.2,2.0,1,1,Android,BankTransfer,1.0,1
CUST-00991,2023-01-21,28.0,Male,Incheon,Basic,77261.0,88.7,1.0,0,1,Android,BankTransfer,4.0,0
CUST-00992,2026-01-03,21.0,Female,Daegu,Basic,88282.0,15.8,1.0,2,24,iOS,Mobile,1.0,0
CUST-00993,2023-08-21,41.0,Male,Incheon,Standard,49107.0,18.0,2.0,2,12,Web,VirtualAccount,1.0,1
CUST-00994,2025-12-05,49.0,Male,Seoul,Standard,50987.0,12.8,1.0,1,12,Android,Card,3.0,0
CUST-00995,2024-03-02,38.0,Male,Seoul,Basic,72071.0,53.6,2.0,1,6,Android,Mobile,2.0,0
CUST-00996,2024-02-11,31.0,Female,Incheon,Premium,76842.0,31.4,4.0,0,6,iOS,Card,3.0,0
CUST-00997,2025-10-11,28.0,Male,Seoul,Standard,56535.0,28.1,4.0,1,24,Android,BankTransfer,3.0,0
CUST-00998,2025-05-06,28.0,Female,Busan,Premium,96174.0,22.3,0.0,0,12,iOS,Card,3.0,0
CUST-00999,2025-05-27,45.0,Male,Daejeon,Basic,57131.0,23.1,1.0,0,24,iOS,Mobile,1.0,0
CUST-01000,2024-05-05,18.0,Female,Seoul,Standard,73778.0,30.6,1.0,2,1,iOS,VirtualAccount,3.0,0
CUST-01001,2024-03-02,56.0,Female,Busan,Basic,276603.0,53.6,2.0,2,12,iOS,Card,4.0,0
CUST-01002,2024-06-14,21.0,Male,Daegu,Standard,61895.0,50.5,4.0,0,1,iOS,VirtualAccount,3.0,0
CUST-01003,2024-05-28,34.0,Male,Incheon,Standard,58048.0,17.2,1.0,2,24,iOS,VirtualAccount,5.0,0
CUST-01004,2026-03-01,34.0,Male,Daegu,Premium,76449.0,39.3,4.0,0,24,iOS,Mobile,1.0,0
CUST-01005,2026-06-02,25.0,Male,Busan,Basic,67430.0,33.7,0.0,1,12,Android,Card,2.0,0
CUST-01006,2025-11-07,34.0,Female,Incheon,Standard,94796.0,38.8,1.0,1,3,iOS,VirtualAccount,2.0,1
CUST-01007,2025-04-17,46.0,Male,Seoul,Basic,91531.0,30.7,2.0,2,24,iOS,Card,5.0,0
CUST-01008,2024-06-01,18.0,Male,Seoul,Basic,58206.0,57.1,0.0,2,3,Android,Mobile,2.0,1
CUST-01009,2023-06-15,,Female,Seoul,Standard,73568.0,39.3,,0,3,iOS,VirtualAccount,5.0,0
CUST-01010,2025-09-01,52.0,Female,Busan,Standard,53691.0,92.5,2.0,0,12,iOS,VirtualAccount,2.0,0
CUST-01011,2025-11-24,61.0,Female,Daejeon,Standard,35970.0,19.9,3.0,0,1,iOS,Mobile,5.0,0
CUST-01012,2025-06-06,53.0,Female,Incheon,Basic,39954.0,32.0,1.0,1,12,Android,Card,5.0,0
CUST-01013,2025-01-18,28.0,Female,Busan,Premium,72854.0,31.2,4.0,0,6,iOS,BankTransfer,2.0,0
CUST-01014,2026-03-31,39.0,Male,Daegu,Standard,85323.0,34.1,2.0,1,24,Web,BankTransfer,2.0,0
CUST-01015,2023-02-13,45.0,Female,Seoul,Standard,18000.0,102.5,3.0,1,12,iOS,BankTransfer,5.0,0
CUST-01016,2024-03-20,30.0,Male,Seoul,Standard,72125.0,98.0,3.0,1,12,iOS,Card,2.0,0
CUST-01017,2023-01-18,24.0,Female,Seoul,Basic,52962.0,22.0,1.0,1,6,Web,VirtualAccount,5.0,0
CUST-01018,2023-07-22,29.0,Male,Daegu,Basic,81870.0,21.2,2.0,2,6,Android,VirtualAccount,2.0,0
CUST-01019,2024-08-29,49.0,Female,Seoul,Premium,57229.0,25.1,3.0,2,24,iOS,Card,3.0,0
CUST-01020,2025-02-06,21.0,Female,Seoul,Premium,46731.0,56.2,3.0,0,3,Android,Card,4.0,0
CUST-01021,2023-06-12,27.0,Male,Daegu,Standard,53161.0,82.8,1.0,1,24,Android,Mobile,4.0,0
CUST-01022,2023-05-27,47.0,Male,Daegu,Standard,83175.0,52.4,0.0,0,12,iOS,VirtualAccount,5.0,0
CUST-01023,2025-06-03,36.0,Female,Daegu,Premium,79182.0,45.2,4.0,1,3,iOS,Card,5.0,0
CUST-01024,2025-01-17,56.0,Female,Busan,Standard,87901.0,16.0,1.0,2,6,iOS,Mobile,5.0,0
CUST-01025,2025-09-20,35.0,Female,Seoul,Standard,18000.0,36.0,0.0,0,12,Android,Card,2.0,0
CUST-01026,2023-08-11,46.0,Female,Busan,Premium,23267.0,52.3,0.0,0,3,Android,Card,5.0,0
CUST-01027,2026-03-28,18.0,Female,Incheon,Basic,46419.0,10.2,1.0,0,1,Android,Card,5.0,0
CUST-01028,2023-02-03,34.0,Male,Daejeon,Standard,65816.0,49.2,4.0,1,12,iOS,Card,1.0,1
CUST-01029,2025-01-18,18.0,Female,Incheon,Standard,44650.0,41.7,1.0,2,24,iOS,BankTransfer,2.0,0
CUST-01030,2025-06-25,46.0,Female,Daejeon,Basic,42506.0,45.5,1.0,0,1,Android,VirtualAccount,5.0,0
CUST-01031,2025-12-04,52.0,Male,Seoul,Basic,64110.0,77.1,3.0,1,24,Android,Mobile,2.0,0
CUST-01032,2025-04-30,46.0,Female,Seoul,Standard,50525.0,69.5,0.0,2,24,iOS,BankTransfer,4.0,0
CUST-01033,2024-09-23,55.0,Female,Seoul,Standard,77859.0,34.9,3.0,0,12,Android,VirtualAccount,4.0,0
CUST-01034,2025-05-01,41.0,Female,Seoul,Premium,66016.0,29.2,1.0,0,1,Web,VirtualAccount,5.0,0
CUST-01035,2025-04-29,23.0,Female,Daegu,Standard,22066.0,73.5,0.0,1,3,iOS,BankTransfer,4.0,0
CUST-01036,2025-12-09,42.0,Female,Seoul,Standard,39362.0,26.1,2.0,1,12,Android,Mobile,3.0,0
CUST-01037,2024-05-26,47.0,Male,Seoul,Premium,61513.0,18.5,2.0,0,24,Android,BankTransfer,2.0,0
CUST-01038,2025-10-12,39.0,Male,Daegu,Premium,55802.0,16.5,2.0,1,1,Android,Card,3.0,0
CUST-01039,2024-06-03,29.0,Female,Daejeon,Standard,42638.0,49.7,0.0,0,6,Web,Mobile,3.0,0
CUST-01040,2024-02-26,58.0,Male,Busan,Basic,55010.0,26.1,1.0,0,12,Android,Card,4.0,0
CUST-01041,2024-12-08,48.0,Male,Daegu,Standard,104368.0,20.6,1.0,1,12,iOS,VirtualAccount,5.0,0
CUST-01042,2025-12-02,40.0,Male,Daejeon,Standard,53932.0,28.9,0.0,1,12,Android,BankTransfer,3.0,0
CUST-01043,2024-04-05,42.0,Female,Seoul,Premium,66048.0,7.2,1.0,1,6,Android,Mobile,2.0,0
CUST-01044,2023-01-04,51.0,Female,Seoul,Standard,56348.0,22.7,2.0,1,24,Android,Mobile,2.0,1
CUST-01045,2026-05-09,57.0,Female,Daegu,Premium,31922.0,16.1,1.0,1,12,Android,Card,2.0,0
CUST-01046,2025-10-19,42.0,Female,Daejeon,Basic,64463.0,50.1,4.0,2,12,Android,BankTransfer,1.0,0
CUST-01047,2023-03-22,39.0,Male,Seoul,Basic,85080.0,18.7,0.0,0,6,iOS,Mobile,5.0,0
CUST-01048,2025-07-27,51.0,Female,Busan,Standard,66855.0,36.2,2.0,1,6,Android,VirtualAccount,3.0,1
CUST-01049,2024-09-04,,Male,Busan,Standard,50733.0,32.2,1.0,0,24,Android,Mobile,1.0,0
CUST-01050,2023-02-27,36.0,Male,Incheon,Standard,97053.0,30.5,3.0,0,6,Android,BankTransfer,5.0,0
CUST-01051,2023-04-28,50.0,Female,Seoul,Basic,82454.0,12.3,1.0,0,3,iOS,VirtualAccount,1.0,0
CUST-01052,2024-10-09,42.0,Female,Daejeon,Basic,76689.0,37.8,3.0,0,1,Android,BankTransfer,4.0,0
CUST-01053,2026-01-24,28.0,Male,Seoul,Basic,51179.0,29.2,1.0,1,24,Web,BankTransfer,2.0,0
CUST-01054,2024-11-28,19.0,Male,Busan,Standard,52026.0,98.8,1.0,1,24,Android,Mobile,4.0,0
CUST-01055,2025-08-05,32.0,Male,Incheon,Basic,69098.0,49.1,1.0,1,12,Web,Mobile,4.0,0
CUST-01056,2024-07-10,30.0,Male,Incheon,Basic,64950.0,38.2,,0,1,Android,VirtualAccount,3.0,0
CUST-01057,2025-04-16,21.0,Female,Incheon,Premium,91768.0,54.8,1.0,1,12,Android,VirtualAccount,4.0,0
CUST-01058,2024-04-26,36.0,Male,Incheon,Standard,96271.0,50.7,0.0,1,3,iOS,Mobile,1.0,0
CUST-01059,2023-11-29,34.0,Male,Incheon,Premium,58489.0,39.1,2.0,0,12,iOS,Mobile,1.0,0
CUST-01060,2025-12-26,28.0,Male,Busan,Basic,44348.0,50.9,3.0,3,24,Android,Mobile,5.0,0
CUST-01061,2026-05-16,39.0,Female,Incheon,Standard,54638.0,115.8,3.0,1,24,iOS,BankTransfer,4.0,0
CUST-01062,2024-07-25,37.0,Female,Daejeon,Standard,75508.0,18.3,3.0,1,6,Android,,2.0,0
CUST-01063,2024-01-30,37.0,Male,Seoul,Standard,66017.0,8.1,1.0,1,12,iOS,Card,5.0,0
CUST-01064,2024-02-08,24.0,Female,Busan,Standard,41975.0,69.6,1.0,1,12,Android,VirtualAccount,1.0,0
CUST-01065,2025-12-19,42.0,Male,Seoul,Basic,48876.0,68.7,2.0,0,6,Android,BankTransfer,5.0,0
CUST-01066,2023-12-31,60.0,Male,Seoul,Standard,92454.0,6.3,3.0,1,24,iOS,Mobile,1.0,1
CUST-01067,2023-09-17,30.0,Female,Incheon,Premium,60698.0,40.6,5.0,0,12,iOS,BankTransfer,,0
CUST-01068,2026-04-21,36.0,Female,Seoul,Basic,73069.0,24.9,1.0,0,3,Android,VirtualAccount,3.0,0
CUST-01069,2024-03-08,53.0,Male,Incheon,Premium,55907.0,54.7,1.0,1,24,Web,VirtualAccount,4.0,0
CUST-01070,2023-05-19,48.0,Male,Incheon,Standard,34449.0,40.4,2.0,0,3,Android,VirtualAccount,5.0,0
CUST-01071,2024-03-29,34.0,Female,Daejeon,Premium,41600.0,20.4,2.0,3,12,Android,Card,2.0,1
CUST-01072,2025-01-25,38.0,Female,Daejeon,Standard,49072.0,52.4,1.0,1,12,Android,Card,2.0,0
CUST-01073,2023-11-01,54.0,Female,Seoul,Basic,72265.0,65.1,3.0,0,6,Android,BankTransfer,2.0,0
CUST-01074,2025-10-27,31.0,Female,Seoul,Standard,96075.0,31.2,3.0,0,24,iOS,Card,4.0,0
CUST-01075,2024-08-01,26.0,Female,Daegu,Premium,45243.0,46.9,0.0,0,12,iOS,VirtualAccount,4.0,0
CUST-01076,2026-01-29,26.0,Male,Incheon,Standard,83031.0,33.9,1.0,3,12,iOS,BankTransfer,5.0,0
CUST-01077,2023-03-28,37.0,Male,Incheon,Basic,69842.0,64.0,1.0,1,24,Web,Card,5.0,0
CUST-01078,2023-02-05,48.0,Female,Busan,Basic,62775.0,60.3,2.0,0,1,Android,Mobile,1.0,0
CUST-01079,2023-09-04,47.0,Male,Busan,Premium,79575.0,35.3,1.0,0,12,Web,Mobile,5.0,0
CUST-01080,2026-02-09,57.0,Female,Busan,Premium,85366.0,67.8,1.0,0,6,Android,Card,4.0,0
CUST-01081,2025-08-16,37.0,Female,Daejeon,Basic,44409.0,17.5,2.0,2,24,Android,Mobile,2.0,1
CUST-01082,2023-03-08,55.0,Male,Busan,Standard,62267.0,24.6,0.0,0,3,Android,BankTransfer,4.0,0
CUST-01083,2025-06-24,30.0,Male,Daejeon,Premium,55618.0,36.3,1.0,1,12,iOS,VirtualAccount,2.0,1
CUST-01084,2024-02-12,51.0,Female,Seoul,Standard,67784.0,26.9,0.0,1,12,Web,Card,3.0,0
CUST-01085,2023-09-25,49.0,Female,Daejeon,Premium,49264.0,26.0,1.0,0,3,Android,Mobile,3.0,0
CUST-01086,2023-04-09,43.0,Male,Seoul,Basic,46604.0,33.8,2.0,1,3,iOS,Mobile,5.0,0
CUST-01087,2024-11-01,35.0,Male,Daegu,Basic,49498.0,49.9,2.0,0,12,Android,Mobile,5.0,0
CUST-01088,2026-01-09,31.0,Male,Seoul,Standard,66964.0,23.1,1.0,2,3,Web,BankTransfer,1.0,0
CUST-01089,2024-11-21,56.0,Male,Daegu,Standard,67962.0,20.6,0.0,0,1,Android,VirtualAccount,2.0,0
CUST-01090,2023-07-23,44.0,Female,Incheon,Premium,67657.0,4.2,0.0,1,12,iOS,Card,3.0,0
CUST-01091,2026-03-20,56.0,Female,Incheon,Standard,73351.0,27.4,1.0,2,12,Web,BankTransfer,2.0,0
CUST-01092,2024-12-19,54.0,Female,Busan,Premium,40833.0,47.5,2.0,0,12,iOS,VirtualAccount,3.0,0
CUST-01093,2025-08-30,59.0,Female,Busan,Basic,64019.0,30.3,3.0,0,24,Android,VirtualAccount,3.0,0
CUST-01094,2023-07-16,35.0,Female,Seoul,Standard,57604.0,19.2,4.0,1,3,iOS,BankTransfer,5.0,0
CUST-01095,2023-04-30,40.0,Female,Daegu,Basic,50739.0,13.4,2.0,2,6,Android,Mobile,4.0,0
CUST-01096,2025-11-15,19.0,Female,Busan,Premium,93038.0,35.8,2.0,2,1,Android,VirtualAccount,4.0,0
CUST-01097,2023-09-26,28.0,Female,Seoul,Basic,92104.0,19.5,3.0,0,24,Web,VirtualAccount,3.0,0
CUST-01098,2025-10-29,45.0,Male,Seoul,Standard,77108.0,46.9,2.0,2,12,iOS,Card,4.0,0
CUST-01099,2023-11-28,36.0,Female,Busan,Basic,50969.0,60.6,3.0,1,6,iOS,BankTransfer,5.0,0
CUST-01100,2023-12-20,,Male,Seoul,Basic,55185.0,35.1,0.0,2,12,Android,BankTransfer,5.0,0
CUST-01101,2023-05-08,18.0,Male,Daegu,Basic,71986.0,14.4,2.0,1,6,iOS,VirtualAccount,3.0,0
CUST-01102,2023-07-17,47.0,Female,Daegu,Basic,99300.0,27.9,2.0,0,6,iOS,Card,4.0,0
CUST-01103,2024-04-20,52.0,Female,Busan,Standard,46537.0,12.0,4.0,0,12,Android,Mobile,1.0,0
CUST-01104,2026-01-21,34.0,Male,Daegu,Premium,85806.0,52.8,0.0,1,12,iOS,BankTransfer,4.0,0
CUST-01105,2026-04-14,31.0,Male,Seoul,Standard,92391.0,38.2,4.0,2,3,Web,VirtualAccount,3.0,1
CUST-01106,2024-07-03,43.0,Male,Busan,Premium,50899.0,23.7,1.0,0,12,Android,Mobile,4.0,0
CUST-01107,2023-02-17,26.0,Female,Incheon,Standard,82035.0,53.0,1.0,0,12,Android,BankTransfer,5.0,0
CUST-01108,2024-04-03,26.0,Male,Busan,Basic,74114.0,59.1,2.0,3,6,iOS,BankTransfer,2.0,0
CUST-01109,2023-09-18,25.0,Female,Busan,Basic,51006.0,97.4,,0,6,iOS,Mobile,3.0,0
CUST-01110,2023-09-03,21.0,Female,Daejeon,Basic,75869.0,18.7,1.0,1,1,iOS,Mobile,5.0,0
CUST-01111,2023-10-19,35.0,Male,Seoul,Standard,64955.0,53.3,2.0,2,24,iOS,BankTransfer,5.0,1
CUST-01112,2025-02-14,,Female,Incheon,Basic,55420.0,66.0,2.0,0,6,Android,VirtualAccount,4.0,0
CUST-01113,2024-10-12,47.0,Female,Seoul,Basic,73918.0,10.4,4.0,0,6,Android,Card,4.0,0
CUST-01114,2023-07-16,42.0,Female,Seoul,Premium,53986.0,39.7,1.0,0,24,Web,VirtualAccount,2.0,0
CUST-01115,2024-09-27,41.0,Male,Incheon,Basic,58113.0,68.2,4.0,2,24,iOS,VirtualAccount,4.0,0
CUST-01116,2025-02-10,44.0,Female,Busan,Standard,61733.0,52.3,,0,24,Android,BankTransfer,3.0,0
CUST-01117,2024-03-28,32.0,Female,Daejeon,Standard,52300.0,33.4,0.0,0,12,Android,Card,3.0,0
CUST-01118,2024-11-11,39.0,Female,Daejeon,Standard,86105.0,36.4,5.0,1,3,iOS,Card,,0
CUST-01119,2023-12-28,40.0,Male,Seoul,Basic,67971.0,24.6,1.0,1,6,iOS,VirtualAccount,5.0,0
CUST-01120,2025-09-14,38.0,Male,Seoul,Basic,59416.0,15.4,,1,6,iOS,Mobile,5.0,0
CUST-01121,2024-08-31,43.0,Male,Daegu,Standard,72556.0,7.7,1.0,0,12,iOS,,2.0,0
CUST-01122,2025-03-12,59.0,Male,Incheon,Basic,41497.0,13.8,1.0,2,12,Web,Mobile,5.0,0
CUST-01123,2023-12-28,74.0,Male,Daejeon,Standard,53663.0,33.4,0.0,1,12,iOS,Mobile,2.0,1
CUST-01124,2025-11-04,36.0,Female,Seoul,Basic,68941.0,47.7,2.0,1,12,Android,Card,5.0,0
CUST-01125,2025-10-17,44.0,Female,Incheon,Basic,45845.0,34.4,2.0,1,12,iOS,Mobile,5.0,0
CUST-01126,2023-07-02,40.0,Female,Seoul,Standard,61191.0,18.8,,1,12,iOS,VirtualAccount,5.0,0
CUST-01127,2025-05-21,35.0,Female,Incheon,Premium,37596.0,25.1,1.0,1,1,Android,Card,5.0,0
CUST-01128,2026-02-23,36.0,Male,Daegu,Premium,118085.0,23.3,0.0,2,12,iOS,VirtualAccount,3.0,1
CUST-01129,2026-04-22,32.0,Male,Seoul,Standard,63351.0,58.4,0.0,2,6,Android,BankTransfer,5.0,0
CUST-01130,2025-08-29,,Female,Seoul,Basic,75341.0,19.8,3.0,2,24,Android,BankTransfer,5.0,0
CUST-01131,2025-04-28,28.0,Female,Daegu,Premium,43020.0,20.8,0.0,2,6,Android,BankTransfer,1.0,1
CUST-01132,2023-06-29,45.0,Female,Busan,Premium,68332.0,44.2,0.0,0,12,iOS,VirtualAccount,2.0,1
CUST-01133,2024-04-23,37.0,Female,Busan,Basic,56045.0,76.0,1.0,0,3,Android,BankTransfer,3.0,0
CUST-01134,2025-04-06,48.0,Female,Seoul,Premium,37621.0,14.1,0.0,2,12,Android,VirtualAccount,4.0,0
CUST-01135,2024-10-21,50.0,Female,Daejeon,Standard,99272.0,16.3,0.0,3,12,Android,VirtualAccount,5.0,0
CUST-01136,2024-07-29,38.0,Male,Busan,Basic,73588.0,26.5,2.0,1,12,Android,Mobile,4.0,0
CUST-01137,2026-02-02,54.0,Female,Seoul,Basic,82691.0,60.9,4.0,0,12,iOS,VirtualAccount,4.0,0
CUST-01138,2023-08-11,32.0,Male,Seoul,Premium,58071.0,43.3,0.0,0,12,iOS,Card,5.0,0
CUST-01139,2025-09-16,55.0,Male,Seoul,Standard,49439.0,64.9,2.0,1,24,Android,BankTransfer,2.0,0
CUST-01140,2025-01-20,50.0,Female,Daegu,Basic,60239.0,36.7,1.0,0,12,iOS,Card,5.0,0
CUST-01141,2023-04-25,41.0,Male,Seoul,Basic,80443.0,41.1,1.0,0,12,Android,Card,4.0,1
CUST-01142,2024-02-15,64.0,Female,Daejeon,Basic,67282.0,146.0,1.0,2,12,iOS,Card,5.0,0
CUST-01143,2024-02-28,34.0,Female,Incheon,Basic,58201.0,53.7,1.0,2,24,iOS,Card,2.0,0
CUST-01144,2026-03-13,18.0,Female,Daejeon,Basic,50569.0,15.3,2.0,2,24,Web,VirtualAccount,5.0,0
CUST-01145,2024-05-12,20.0,Female,Seoul,Standard,74477.0,25.7,2.0,0,24,Android,VirtualAccount,2.0,0
CUST-01146,2024-10-12,44.0,Female,Seoul,Basic,64610.0,59.2,2.0,0,24,Android,VirtualAccount,5.0,0
CUST-01147,2024-12-26,35.0,Female,Seoul,Premium,67259.0,27.8,3.0,0,6,Android,Card,3.0,0
CUST-01148,2025-06-14,37.0,Male,Daejeon,Premium,68361.0,38.3,5.0,1,3,Android,Mobile,1.0,1
CUST-01149,2025-07-15,39.0,Female,Daejeon,Premium,63461.0,37.6,0.0,0,12,Web,Mobile,1.0,0
CUST-01150,2025-12-31,44.0,Female,Seoul,Standard,110567.0,67.3,1.0,0,12,Android,VirtualAccount,1.0,0
CUST-01151,2025-11-16,26.0,Female,Seoul,Standard,71912.0,66.5,2.0,0,24,iOS,Card,1.0,0
CUST-01152,2024-05-20,35.0,Female,Busan,Standard,64971.0,37.1,0.0,0,24,iOS,Card,1.0,0
CUST-01153,2025-09-18,50.0,Female,Busan,Standard,66582.0,36.1,5.0,0,12,iOS,BankTransfer,5.0,0
CUST-01154,2023-10-11,33.0,Female,Seoul,Basic,58588.0,21.1,0.0,0,12,iOS,BankTransfer,4.0,0
CUST-01155,2023-05-05,44.0,Female,Daegu,Premium,71603.0,117.4,2.0,0,12,Android,Mobile,3.0,0
CUST-01156,2026-05-10,36.0,Female,Daejeon,Premium,23310.0,30.7,4.0,0,24,Android,VirtualAccount,2.0,0
CUST-01157,2023-07-01,18.0,Female,Seoul,Basic,49356.0,41.6,3.0,0,12,Android,Card,1.0,0
CUST-01158,2023-07-21,24.0,Female,Busan,Basic,68588.0,16.0,3.0,1,12,Android,Mobile,4.0,0
CUST-01159,2023-08-27,43.0,Male,Incheon,Standard,73048.0,36.1,1.0,0,24,Android,BankTransfer,,0
CUST-01160,2023-10-07,57.0,Female,Busan,Standard,87581.0,32.1,3.0,1,24,iOS,Mobile,4.0,0
CUST-01161,2024-09-04,69.0,Female,Incheon,Premium,63409.0,72.9,2.0,0,6,iOS,Card,4.0,0
CUST-01162,2025-08-16,34.0,Male,Incheon,Standard,23987.0,25.0,4.0,1,3,Android,VirtualAccount,3.0,0
CUST-01163,2025-03-20,53.0,Female,Daejeon,Standard,82039.0,28.3,1.0,0,12,Android,Card,4.0,0
CUST-01164,2025-06-19,28.0,Male,Seoul,Premium,78081.0,7.8,1.0,0,6,Android,Card,5.0,0
CUST-01165,2023-02-09,46.0,Female,Seoul,Standard,37665.0,22.0,2.0,2,3,iOS,Mobile,5.0,0
CUST-01166,2024-06-01,46.0,Female,Seoul,Basic,65043.0,53.0,1.0,1,12,Android,VirtualAccount,3.0,0
CUST-01167,2024-02-02,28.0,Female,Busan,Basic,41460.0,22.6,1.0,1,6,iOS,Mobile,2.0,0
CUST-01168,2025-07-13,,Male,Seoul,Standard,54544.0,13.9,2.0,0,24,Android,Card,5.0,0
CUST-01169,2025-10-28,48.0,Male,Seoul,Basic,25054.0,18.7,0.0,1,12,iOS,Mobile,2.0,0
CUST-01170,2023-11-09,43.0,Male,Daegu,Standard,48118.0,53.7,3.0,1,3,iOS,BankTransfer,1.0,0
CUST-01171,2026-02-21,24.0,Male,Daegu,Basic,48449.0,17.1,0.0,1,1,Android,,4.0,0
CUST-01172,2025-05-21,36.0,Female,Seoul,Premium,49210.0,19.5,0.0,0,12,iOS,BankTransfer,1.0,0
CUST-01173,2026-01-20,63.0,Female,Seoul,Standard,81409.0,56.1,2.0,0,12,Android,Mobile,3.0,0
CUST-01174,2024-05-21,52.0,Male,Daejeon,Basic,87138.0,20.3,0.0,1,12,Android,Card,4.0,0
CUST-01175,2025-07-30,37.0,Female,Seoul,Premium,86130.0,23.4,0.0,0,12,iOS,Card,1.0,0
CUST-01176,2023-08-03,56.0,Female,Daegu,Basic,57230.0,50.6,3.0,0,12,Android,BankTransfer,1.0,0
CUST-01177,2025-10-10,44.0,Female,Busan,Standard,41869.0,20.3,0.0,2,6,Android,VirtualAccount,1.0,0
CUST-01178,2024-04-25,38.0,Female,Incheon,Basic,49961.0,15.2,4.0,2,6,iOS,Card,2.0,1
CUST-01179,2023-11-15,30.0,Male,Incheon,Premium,36478.0,21.9,2.0,2,12,Android,Mobile,5.0,0
CUST-01180,2023-07-01,43.0,Female,Busan,Standard,67261.0,18.1,1.0,0,1,Android,VirtualAccount,1.0,1
CUST-01181,2024-04-16,50.0,Male,Seoul,Standard,49191.0,24.4,4.0,2,6,iOS,Card,2.0,0
CUST-01182,2025-07-20,18.0,Female,Incheon,Standard,83627.0,27.3,2.0,3,6,Android,Mobile,3.0,1
CUST-01183,2024-01-25,39.0,Male,Busan,Premium,75393.0,21.1,5.0,0,12,Web,VirtualAccount,4.0,0
CUST-01184,2025-03-04,27.0,Male,Daegu,Basic,44319.0,49.4,1.0,1,3,Android,Card,3.0,0
CUST-01185,2025-04-04,47.0,Female,Busan,Premium,32371.0,16.1,1.0,1,12,iOS,Card,4.0,0
CUST-01186,2023-05-19,18.0,Male,Busan,Basic,81131.0,47.7,3.0,0,1,Android,Mobile,3.0,0
CUST-01187,2025-11-09,18.0,Female,Daegu,Premium,80724.0,57.5,2.0,0,12,Android,VirtualAccount,4.0,0
CUST-01188,2023-02-11,32.0,Female,Seoul,Premium,71096.0,18.8,3.0,0,24,Android,Mobile,3.0,0
CUST-01189,2026-01-07,44.0,Female,Seoul,Standard,63490.0,71.7,1.0,0,3,Android,Mobile,4.0,0
CUST-01190,2024-10-22,65.0,Female,Seoul,Basic,43601.0,16.3,2.0,0,12,Android,Card,3.0,0
CUST-01191,2024-05-18,54.0,Female,Incheon,Premium,67910.0,21.5,1.0,1,12,Android,Mobile,5.0,1
CUST-01192,2023-02-10,45.0,Female,Daejeon,Standard,67415.0,45.8,2.0,1,3,iOS,Card,2.0,1
CUST-01193,2023-08-25,32.0,Female,Daegu,Basic,49990.0,13.5,2.0,0,24,Web,BankTransfer,3.0,0
CUST-01194,2024-04-08,28.0,Male,Seoul,Standard,60971.0,38.1,4.0,0,12,Android,Mobile,3.0,0
CUST-01195,2023-03-09,40.0,Male,Seoul,Basic,51425.0,18.9,2.0,0,6,Android,VirtualAccount,1.0,0
CUST-01196,2023-03-29,38.0,Male,Busan,Standard,81962.0,27.5,2.0,0,12,Android,VirtualAccount,5.0,0
CUST-01197,2024-07-14,47.0,Male,Daejeon,Basic,59963.0,20.8,2.0,2,3,iOS,VirtualAccount,5.0,0
CUST-01198,2023-01-21,41.0,Male,Seoul,Premium,60719.0,6.8,4.0,3,24,Android,BankTransfer,3.0,0
CUST-01199,2024-05-14,38.0,Male,Daejeon,Basic,60939.0,39.0,2.0,1,12,Android,Mobile,4.0,0
CUST-01200,2024-12-11,41.0,Male,Daegu,Basic,78376.0,20.3,3.0,1,12,Web,BankTransfer,1.0,0
CUST-00387,2026-04-25,45.0,Male,Incheon,Premium,70641.0,44.8,2.0,1,3,Web,VirtualAccount,1.0,0
CUST-01138,2023-08-11,32.0,Male,Seoul,Premium,58071.0,43.3,0.0,0,12,iOS,Card,5.0,0
CUST-00631,2026-04-26,41.0,Female,Busan,Standard,46546.0,64.5,1.0,0,6,iOS,BankTransfer,1.0,0
CUST-01009,2023-06-15,,Female,Seoul,Standard,73568.0,39.3,,0,3,iOS,VirtualAccount,5.0,0
CUST-00981,2024-01-16,34.0,Male,Seoul,Standard,38706.0,34.4,1.0,0,1,Android,VirtualAccount,5.0,0
CUST-00942,2025-09-22,24.0,Male,Busan,Basic,69002.0,50.7,4.0,0,24,Android,Card,1.0,1
CUST-00599,2023-07-30,65.0,Male,Seoul,Basic,31486.0,27.7,1.0,1,24,iOS,BankTransfer,1.0,0
CUST-00988,2024-12-05,30.0,Female,Busan,Premium,73029.0,50.8,3.0,0,6,Android,BankTransfer,5.0,0
