ticket_id,created_at,customer_age,membership_tier,issue_type,contact_channel,region,monthly_spend,tenure_months,previous_tickets,avg_response_minutes,satisfaction_score,reopened_count,resolution_hours,priority
TK-260000,2025-10-02 12:00:00,21,Gold,Delivery,Email,Seoul,158405,51,0,74,2.8,1,4.5,High
TK-260001,2026-01-31 00:00:00,24,Silver,Payment,Chat,Busan,88777,8,7,62,3.3,0,4.6,Medium
TK-260002,2025-05-24 14:00:00,51,Silver,Payment,Chat,Busan,72751,45,1,14,4.4,0,14.4,Medium
TK-260003,2026-03-15 02:00:00,47,VIP,Payment,Chat,Incheon,223965,65,3,56,4.9,3,6.1,Medium
TK-260004,2025-08-06 11:00:00,32,Silver,Technical,Email,Seoul,96114,11,2,57,2.6,1,9.2,Medium
TK-260005,2025-02-10 09:00:00,24,Gold,Technical,Phone,Incheon,158378,79,5,75,4.2,0,4.0,Low
TK-260006,2025-01-25 00:00:00,67,Silver,Payment,Chat,Daegu,54514,17,7,71,4.0,2,6.3,Medium
TK-260007,2026-02-28 17:00:00,51,Silver,Payment,App,Daegu,88415,85,1,93,3.0,0,3.5,Medium
TK-260008,2026-02-10 09:00:00,43,Silver,Payment,Phone,Incheon,60435,58,1,95,,1,10.8,Medium
TK-260009,2025-10-22 00:00:00,47,Basic,Account,Phone,Seoul,51798,45,6,58,3.4,0,8.1,Medium
TK-260010,2025-12-23 12:00:00,24,Silver,Delivery,Email,Busan,99602,59,1,49,2.4,0,4.3,Low
TK-260011,2025-06-21 09:00:00,31,Silver,Account,Phone,Seoul,78238,9,1,40,4.6,2,12.7,Low
TK-260012,2026-04-28 14:00:00,48,Basic,Delivery,Chat,Busan,59419,36,1,65,5.0,0,5.2,Medium
TK-260013,2025-03-01 06:00:00,47,Basic,Technical,Phone,Seoul,58858,30,4,74,4.2,0,3.5,Medium
TK-260014,2026-07-20 15:00:00,20,Silver,Payment,Email,Seoul,97117,5,7,53,4.2,2,5.7,Low
TK-260015,2025-10-29 10:00:00,73,Silver,Delivery,Email,Daejeon,106799,3,3,44,2.8,2,7.6,Medium
TK-260016,2026-02-22 14:00:00,29,Silver,Delivery,Phone,Incheon,101848,94,4,68,5.0,0,5.1,Medium
TK-260017,2026-03-29 03:00:00,48,Gold,Account,Chat,Daejeon,136170,42,2,38,3.2,0,3.0,Low
TK-260018,2025-04-30 01:00:00,33,Silver,Payment,App,Daegu,105437,72,2,31,4.1,2,8.8,Low
TK-260019,2025-07-14 13:00:00,55,Basic,Technical,App,Busan,36374,89,1,104,2.4,0,4.3,Low
TK-260020,2025-09-25 17:00:00,47,Silver,Payment,Email,Busan,84217,69,6,109,3.3,1,6.0,Low
TK-260021,2026-06-12 03:00:00,41,Gold,Delivery,App,Daegu,139365,45,4,54,3.8,0,3.3,Medium
TK-260022,2026-06-26 18:00:00,61,Silver,Technical,Chat,Seoul,78558,59,0,115,3.0,0,8.0,Medium
TK-260023,2025-10-13 20:00:00,19,Basic,Delivery,Email,Daejeon,31549,75,0,56,3.2,0,4.3,Medium
TK-260024,2025-10-27 19:00:00,47,Gold,Cancellation,Email,Busan,159023,1,2,84,4.9,0,15.4,Low
TK-260025,2025-06-10 18:00:00,19,Basic,Technical,App,Busan,56633,20,3,67,3.1,2,7.5,High
TK-260026,2026-06-11 08:00:00,22,Silver,Payment,Email,Incheon,67833,10,5,58,1.9,0,6.8,Medium
TK-260027,2025-06-19 15:00:00,61,Basic,Account,Chat,Seoul,70833,37,3,90,3.5,0,9.5,Medium
TK-260028,2026-01-22 03:00:00,67,Gold,Cancellation,App,Daegu,154357,22,4,57,3.2,0,5.9,Medium
TK-260029,2025-04-23 11:00:00,51,Basic,Technical,App,Incheon,33069,12,5,48,3.9,0,1.8,Medium
TK-260030,2025-06-03 02:00:00,45,Gold,Payment,App,Busan,115805,44,7,42,4.5,1,2.2,Low
TK-260031,2025-05-10 09:00:00,38,Silver,Account,Email,Incheon,85096,69,5,6,2.7,0,5.1,Medium
TK-260032,2025-05-05 20:00:00,29,Gold,Technical,Phone,Busan,123434,50,4,67,3.7,0,2.1,High
TK-260033,2026-04-28 19:00:00,66,Silver,Account,Phone,Daegu,100070,95,2,53,3.8,0,6.0,Low
TK-260034,2025-06-27 09:00:00,33,Silver,Cancellation,Chat,Daegu,55580,29,4,99,2.8,0,6.0,Low
TK-260035,2025-01-24 19:00:00,46,Silver,Delivery,Email,Seoul,100868,62,2,27,2.3,3,3.4,Low
TK-260036,2025-07-25 18:00:00,21,Gold,Delivery,Chat,Seoul,159754,82,11,29,4.1,0,1.6,Low
TK-260037,2025-05-29 04:00:00,71,Gold,Technical,Phone,Seoul,124555,86,2,79,3.5,0,5.1,Low
TK-260038,2026-01-29 20:00:00,33,Basic,Technical,Email,Daegu,51317,92,3,78,3.8,1,2.0,Low
TK-260039,2025-08-06 07:00:00,49,Silver,Delivery,App,Busan,75421,56,8,2,3.3,0,8.9,Medium
TK-260040,2025-12-13 16:00:00,67,Basic,Technical,App,Seoul,44449,78,9,86,2.9,0,2.9,Medium
TK-260041,2025-07-07 14:00:00,71,VIP,Account,App,Daegu,219220,33,4,33,3.6,0,8.9,Medium
TK-260042,2025-08-11 13:00:00,61,Gold,Payment,Chat,Busan,109437,67,0,70,3.4,0,4.0,Medium
TK-260043,2025-10-29 06:00:00,57,Basic,Delivery,App,Busan,59278,54,0,60,4.3,1,4.3,Low
TK-260044,2025-05-25 06:00:00,23,Basic,Technical,Phone,Seoul,40519,95,3,146,4.1,0,5.6,Medium
TK-260045,2025-03-14 16:00:00,71,Basic,Payment,Phone,Seoul,49617,46,2,77,4.0,4,6.1,Medium
TK-260046,2025-04-01 08:00:00,35,Silver,Account,Phone,Busan,86787,16,9,51,3.6,1,6.8,Medium
TK-260047,2025-12-23 18:00:00,39,VIP,Technical,Email,Incheon,204008,77,2,19,5.0,0,10.7,Medium
TK-260048,2026-04-30 05:00:00,23,Gold,Technical,App,Daegu,156375,91,7,72,3.6,0,7.5,Medium
TK-260049,2026-04-22 10:00:00,41,Silver,Delivery,Email,Daejeon,95820,23,6,2,2.6,3,6.4,Medium
TK-260050,2025-09-07 08:00:00,29,Basic,Technical,Chat,Busan,49932,2,5,102,3.7,0,7.7,Medium
TK-260051,2025-10-23 05:00:00,44,Basic,Account,Chat,Seoul,55959,81,5,48,3.5,0,6.6,Medium
TK-260052,2025-05-12 22:00:00,23,Gold,Account,,Seoul,145658,2,2,740,3.9,0,7.2,Low
TK-260053,2025-03-12 16:00:00,50,Basic,Delivery,Email,Incheon,62167,7,2,32,3.9,0,1.8,Low
TK-260054,2025-04-28 21:00:00,71,Basic,Payment,Email,Daegu,27873,56,2,18,4.5,0,2.1,Low
TK-260055,2026-04-29 20:00:00,42,Basic,Technical,Phone,Incheon,31400,88,3,22,3.0,0,10.8,Medium
TK-260056,2026-03-22 10:00:00,47,Basic,Technical,Email,Busan,47561,86,6,51,4.6,1,5.9,Medium
TK-260057,2025-05-06 15:00:00,27,Silver,Technical,App,Daejeon,71973,31,7,72,3.5,0,17.4,Medium
TK-260058,2026-01-23 15:00:00,27,Silver,Delivery,App,Daegu,70953,2,3,16,3.6,1,5.7,Medium
TK-260059,2025-04-11 02:00:00,19,Gold,Payment,Phone,Incheon,156189,32,2,28,3.6,0,5.9,Medium
TK-260060,2026-01-02 12:00:00,70,VIP,Delivery,Chat,Daegu,,47,3,53,2.6,1,5.5,Low
TK-260061,2025-06-12 18:00:00,73,Basic,Delivery,Phone,Incheon,51010,84,3,82,4.9,0,2.4,Medium
TK-260062,2025-05-09 01:00:00,42,Basic,Delivery,Email,Seoul,22441,17,4,48,3.7,0,3.9,Medium
TK-260063,2025-01-04 08:00:00,51,Basic,Payment,Chat,Seoul,58656,96,9,96,3.4,4,26.2,High
TK-260064,2026-05-09 09:00:00,67,Basic,Technical,Chat,Daejeon,34724,59,1,76,3.9,2,3.1,Medium
TK-260065,2025-01-14 05:00:00,41,Basic,Technical,App,Daejeon,45326,14,5,110,3.5,0,10.8,Medium
TK-260066,2026-04-10 10:00:00,19,Basic,Technical,Chat,Seoul,36515,66,3,82,2.3,0,3.9,Low
TK-260067,2025-02-23 21:00:00,22,Silver,Technical,Phone,Busan,96786,44,2,105,,0,5.0,Low
TK-260068,2026-02-03 16:00:00,38,Gold,Cancellation,Email,Seoul,151123,53,4,120,4.4,1,6.1,Low
TK-260069,2025-07-03 11:00:00,33,Basic,Technical,Chat,Busan,34561,20,0,89,3.7,2,3.4,Medium
TK-260070,2025-10-30 19:00:00,34,Gold,Delivery,Chat,Seoul,124374,95,0,2,5.0,0,3.8,Medium
TK-260071,2025-04-16 18:00:00,76,Silver,Delivery,Phone,Busan,75357,55,3,35,3.3,0,3.0,Low
TK-260072,2025-09-21 17:00:00,67,Silver,Account,Chat,Daegu,54517,20,3,51,3.3,0,4.3,Low
TK-260073,2026-05-07 05:00:00,22,Basic,Account,Chat,Daegu,32492,65,0,104,3.3,1,9.4,Medium
TK-260074,2025-07-04 18:00:00,55,Gold,Cancellation,App,Seoul,146384,91,5,84,3.9,0,4.9,Low
TK-260075,2026-01-08 05:00:00,20,Silver,Account,Phone,Seoul,58089,79,4,54,4.0,3,6.1,Medium
TK-260076,2025-06-07 13:00:00,20,Basic,Account,Chat,Incheon,52416,11,1,78,3.6,3,2.6,High
TK-260077,2026-02-24 22:00:00,36,Basic,Payment,Chat,Seoul,56863,40,8,48,4.7,4,6.9,Medium
TK-260078,2025-09-11 13:00:00,51,Basic,Payment,Phone,Busan,72365,70,8,31,3.3,0,6.0,Medium
TK-260079,2026-07-06 01:00:00,50,Gold,Account,Email,Seoul,143423,80,8,76,2.7,0,5.5,Medium
TK-260080,2025-09-21 12:00:00,74,VIP,Payment,Email,Busan,218407,72,4,75,3.6,4,7.8,High
TK-260081,2025-01-14 03:00:00,65,Gold,Payment,App,Busan,109460,1,2,96,3.8,3,5.5,High
TK-260082,2025-03-16 19:00:00,24,Gold,Technical,App,Seoul,142329,49,0,111,4.8,0,9.0,Medium
TK-260083,2025-09-12 13:00:00,20,Gold,Payment,App,Seoul,122352,41,6,30,4.0,1,3.2,Low
TK-260084,2026-06-23 16:00:00,37,Silver,Delivery,Phone,Incheon,84561,65,6,19,4.7,2,8.5,Medium
TK-260085,2025-02-17 02:00:00,40,Gold,Delivery,Phone,Seoul,137133,34,2,51,3.3,0,2.3,Low
TK-260086,2026-05-25 11:00:00,34,Gold,Technical,Phone,Incheon,146280,50,4,111,3.0,0,6.6,Medium
TK-260087,2025-05-06 16:00:00,65,Basic,Cancellation,Email,Seoul,55781,57,8,95,4.5,1,10.9,Medium
TK-260088,2026-06-28 16:00:00,72,Basic,Technical,Chat,Daegu,44420,80,4,72,3.9,0,17.1,Medium
TK-260089,2025-12-11 17:00:00,31,VIP,Delivery,Email,Daejeon,226615,16,5,37,3.0,1,4.4,Low
TK-260090,2025-01-19 05:00:00,25,Silver,Account,Chat,Seoul,82676,56,7,29,3.1,0,9.7,Low
TK-260091,2025-08-29 11:00:00,65,Gold,Account,Chat,Seoul,152134,12,0,59,4.2,1,3.4,Low
TK-260092,2026-05-11 10:00:00,60,Silver,Technical,Email,Seoul,54890,17,6,90,4.0,1,9.9,Low
TK-260093,2026-05-22 11:00:00,41,Gold,Payment,Chat,Busan,121062,38,4,55,2.7,0,4.1,Medium
TK-260094,2025-05-30 19:00:00,71,Gold,Technical,Chat,Seoul,113562,42,6,85,3.9,0,4.0,Medium
TK-260095,2025-01-02 01:00:00,38,Gold,Delivery,Email,Busan,109179,83,3,44,2.7,1,6.7,Medium
TK-260096,2025-06-23 20:00:00,18,Gold,Technical,Email,Seoul,157114,78,5,29,4.3,3,5.6,Medium
TK-260097,2025-04-27 21:00:00,39,Silver,Technical,Chat,Daegu,56691,15,5,81,3.7,1,2.8,Medium
TK-260098,2025-06-16 13:00:00,74,Basic,Payment,Chat,Busan,50621,94,5,2,4.5,3,7.0,Medium
TK-260099,2026-02-23 15:00:00,49,Basic,Payment,Chat,Incheon,27213,54,6,97,3.2,0,3.2,Medium
TK-260100,2025-12-10 04:00:00,19,Silver,Cancellation,Phone,Seoul,93660,42,4,106,3.8,0,2.9,Low
TK-260101,2026-05-22 10:00:00,72,VIP,Payment,Chat,Seoul,194961,62,3,77,2.7,4,7.4,Low
TK-260102,2025-10-25 20:00:00,60,Basic,Cancellation,Phone,Seoul,23656,24,4,60,4.0,0,5.2,Low
TK-260103,2026-07-25 04:00:00,39,Gold,Payment,Phone,Daegu,143848,41,2,67,2.7,0,2.9,Low
TK-260104,2026-04-16 17:00:00,36,Basic,Account,Email,Busan,58879,88,3,23,3.9,4,3.8,High
TK-260105,2025-06-19 04:00:00,26,Basic,Technical,Chat,Daegu,24287,64,3,109,3.7,2,7.1,Medium
TK-260106,2025-03-05 17:00:00,41,Gold,Delivery,Phone,Seoul,149572,92,5,71,3.4,1,2.3,Medium
TK-260107,2026-03-29 21:00:00,45,Basic,Delivery,Chat,Daegu,31900,27,3,46,3.6,0,8.8,Medium
TK-260108,2025-04-25 00:00:00,27,Basic,Cancellation,Phone,Seoul,,14,4,84,2.9,0,13.8,Medium
TK-260109,2026-03-17 03:00:00,18,Basic,Account,Phone,Daegu,34067,59,6,9,3.4,1,2.3,Medium
TK-260110,2026-04-18 13:00:00,40,Basic,Delivery,Phone,Daegu,36121,55,0,110,2.4,0,6.6,Low
TK-260111,2026-05-30 10:00:00,26,VIP,Technical,Email,Daejeon,244020,71,5,60,3.0,0,4.3,Medium
TK-260112,2026-01-31 04:00:00,69,Gold,Technical,Phone,Seoul,138147,28,2,29,3.4,0,3.4,Medium
TK-260113,2025-10-03 15:00:00,20,Silver,Delivery,Chat,Seoul,58820,66,7,51,4.1,4,3.7,Medium
TK-260114,2026-05-14 13:00:00,63,Gold,Cancellation,Email,Daejeon,139034,22,7,97,2.5,0,7.4,Low
TK-260115,2025-09-16 07:00:00,34,Basic,Account,Phone,Busan,48328,36,3,2,3.4,2,0.4,Medium
TK-260116,2026-02-15 15:00:00,23,Silver,Delivery,Chat,Busan,80024,41,6,96,3.3,1,11.9,Low
TK-260117,2026-04-29 19:00:00,61,Gold,Delivery,App,Seoul,125637,18,0,30,4.9,0,2.3,Low
TK-260118,2025-03-21 22:00:00,73,Basic,Account,Phone,Daegu,61635,51,0,73,4.1,0,2.1,Low
TK-260119,2025-03-29 08:00:00,21,Silver,Account,Chat,Seoul,104187,93,0,60,3.0,0,6.5,Low
TK-260120,2026-04-21 08:00:00,73,Silver,Cancellation,App,Incheon,78281,12,0,37,2.9,2,12.5,High
TK-260121,2025-12-23 06:00:00,51,Silver,Technical,Chat,Busan,71604,37,1,67,3.1,0,7.5,Medium
TK-260122,2025-04-05 11:00:00,40,Basic,Delivery,Chat,Incheon,62269,78,2,2,3.4,0,5.9,Low
TK-260123,2025-09-05 19:00:00,56,Basic,Technical,Chat,Seoul,38069,82,3,53,,2,9.0,Medium
TK-260124,2025-11-22 09:00:00,40,Silver,Account,Phone,Daejeon,80198,83,2,44,2.9,0,9.4,Medium
TK-260125,2026-05-25 17:00:00,52,Basic,Technical,Chat,Seoul,57667,48,2,60,4.0,1,5.8,High
TK-260126,2026-06-08 15:00:00,53,Basic,Payment,Email,Seoul,59088,52,0,75,3.0,2,2.1,Medium
TK-260127,2025-03-23 23:00:00,58,Basic,Cancellation,Email,Seoul,68366,30,6,51,3.4,0,1.7,Medium
TK-260128,2025-04-14 08:00:00,59,Basic,Technical,Email,Seoul,58094,31,3,109,4.0,0,4.6,Low
TK-260129,2025-08-24 14:00:00,22,Basic,Delivery,Chat,Incheon,33752,90,0,69,2.5,1,4.3,Medium
TK-260130,2025-01-16 00:00:00,54,Basic,Technical,Phone,Busan,28195,59,1,85,3.9,1,4.6,Medium
TK-260131,2025-07-18 07:00:00,52,Silver,Delivery,Chat,Incheon,106968,89,5,28,2.9,0,1.8,Low
TK-260132,2025-06-26 18:00:00,24,Silver,Payment,Email,Seoul,69799,92,0,22,2.2,0,2.1,Low
TK-260133,2025-07-17 10:00:00,20,Silver,Delivery,Email,Busan,85172,87,0,105,2.7,1,6.0,High
TK-260134,2025-01-14 14:00:00,66,Gold,Delivery,Chat,Seoul,146521,75,5,24,3.1,0,10.3,Low
TK-260135,2025-04-27 04:00:00,63,Silver,Delivery,Phone,Seoul,89109,9,4,9,3.4,0,13.0,Medium
TK-260136,2025-08-16 07:00:00,42,Silver,Delivery,Chat,Incheon,64741,75,0,2,3.7,0,2.9,Medium
TK-260137,2025-09-21 21:00:00,19,Gold,Account,Phone,Seoul,139298,32,0,59,5.0,2,4.3,Medium
TK-260138,2025-04-26 19:00:00,55,Basic,Technical,Chat,Busan,70114,69,4,64,4.5,1,23.9,Low
TK-260139,2025-04-17 17:00:00,34,Gold,Technical,Email,Daegu,150884,13,0,86,1.6,3,2.5,High
TK-260140,2026-06-16 15:00:00,75,Basic,Account,App,Seoul,34427,55,0,42,2.7,0,1.4,Low
TK-260141,2026-06-05 08:00:00,62,Silver,Technical,Chat,Seoul,102408,14,3,107,3.7,1,6.0,Medium
TK-260142,2025-01-04 03:00:00,67,Silver,Payment,Email,Seoul,97666,96,11,24,3.9,2,1.9,High
TK-260143,2025-01-22 22:00:00,38,Silver,Delivery,Chat,Seoul,75445,62,1,98,3.0,2,6.2,Medium
TK-260144,2026-02-11 04:00:00,58,Silver,Delivery,Chat,Busan,91213,96,7,66,2.1,0,5.7,Low
TK-260145,2025-08-16 00:00:00,57,Basic,Delivery,Phone,Busan,71564,44,0,95,3.5,2,7.5,High
TK-260146,2025-11-28 17:00:00,28,Basic,Technical,Email,Daejeon,59202,80,0,41,4.9,0,5.2,Low
TK-260147,2025-07-30 09:00:00,20,Silver,Technical,App,Busan,57160,74,7,48,4.1,1,5.8,Medium
TK-260148,2025-12-14 07:00:00,56,Silver,Payment,Chat,Incheon,71679,22,4,81,5.0,0,10.7,Medium
TK-260149,2025-07-29 05:00:00,23,Silver,Cancellation,App,Seoul,96588,55,0,44,3.5,0,1.5,Low
TK-260150,2025-09-02 21:00:00,68,Silver,Technical,Email,Incheon,75895,7,2,117,2.8,0,5.1,Medium
TK-260151,2025-06-22 14:00:00,45,Gold,Delivery,Email,Daejeon,134650,33,10,14,3.7,1,3.1,Medium
TK-260152,2026-01-15 19:00:00,45,Basic,Payment,Phone,Daegu,39011,15,2,33,3.9,1,1.9,Medium
TK-260153,2025-01-29 03:00:00,23,Silver,Technical,Phone,Busan,72857,30,6,86,4.0,0,6.0,Medium
TK-260154,2026-01-10 02:00:00,23,Gold,Payment,Chat,Seoul,130896,36,1,22,3.5,2,3.2,High
TK-260155,2026-06-13 08:00:00,62,VIP,Account,Chat,Daejeon,228188,2,2,83,2.9,1,11.3,Medium
TK-260156,2025-09-20 08:00:00,35,Silver,Technical,Chat,Busan,79483,89,13,139,4.2,0,2.9,Low
TK-260157,2025-08-28 01:00:00,72,Basic,Delivery,Chat,Seoul,43558,9,2,87,3.4,1,7.4,Low
TK-260158,2025-11-25 00:00:00,41,VIP,Delivery,Email,Seoul,208409,11,6,15,5.0,0,1.1,Low
TK-260159,2025-03-14 17:00:00,71,Basic,Delivery,Email,Seoul,30884,75,5,66,2.8,0,7.5,Medium
TK-260160,2025-01-09 22:00:00,55,Basic,Account,Chat,Incheon,26686,90,0,2,2.5,0,1.3,Medium
TK-260161,2025-03-06 00:00:00,68,Gold,Delivery,App,Seoul,116261,67,3,68,3.3,1,3.6,Medium
TK-260162,2025-04-05 14:00:00,61,Basic,Cancellation,Email,Seoul,39171,10,3,135,3.1,0,8.7,High
TK-260163,2025-10-01 20:00:00,44,Basic,Payment,Phone,Busan,61493,75,4,2,4.4,2,4.1,Low
TK-260164,2026-02-27 08:00:00,47,Gold,Payment,Chat,Daejeon,146325,26,5,26,2.7,2,1.9,Medium
TK-260165,2025-03-15 02:00:00,33,Basic,Delivery,Chat,Busan,64320,36,4,26,5.0,0,5.8,Medium
TK-260166,2026-05-06 07:00:00,52,Basic,Account,Chat,Seoul,39705,93,4,40,3.0,0,2.5,Low
TK-260167,2026-04-26 14:00:00,43,Gold,Cancellation,Phone,Seoul,152008,23,7,128,4.0,1,3.7,Medium
TK-260168,2025-01-11 10:00:00,20,Silver,Delivery,Email,Seoul,67659,45,6,108,3.1,0,13.3,High
TK-260169,2025-11-16 15:00:00,52,Gold,Delivery,Email,Daejeon,147170,35,0,75,2.8,0,8.3,Medium
TK-260170,2026-02-27 10:00:00,35,VIP,Account,Phone,Seoul,220333,21,2,81,1.7,0,17.9,Low
TK-260171,2025-06-21 12:00:00,72,Basic,Cancellation,Phone,Seoul,38076,28,7,46,3.9,0,2.4,Medium
TK-260172,2025-04-06 10:00:00,47,Gold,Technical,App,Seoul,149359,38,0,58,3.2,0,4.7,Low
TK-260173,2025-01-03 22:00:00,33,VIP,Technical,Phone,Daejeon,199089,72,9,30,3.2,0,5.3,Medium
TK-260174,2025-12-12 17:00:00,30,Silver,Delivery,Email,Busan,,45,4,57,2.9,1,4.0,Medium
TK-260175,2025-12-22 17:00:00,58,Silver,Cancellation,Chat,Daegu,58920,92,2,81,4.0,1,3.3,Low
TK-260176,2025-09-15 14:00:00,72,Gold,Payment,Phone,Incheon,121837,1,0,37,4.4,2,1.6,Medium
TK-260177,2025-04-04 03:00:00,44,Basic,Account,,Seoul,33082,68,3,20,4.4,1,9.2,Low
TK-260178,2026-03-24 13:00:00,56,Gold,Delivery,Phone,Seoul,125472,45,6,56,3.2,3,3.0,Medium
TK-260179,2026-03-15 08:00:00,36,Gold,Account,App,Incheon,158014,19,4,87,5.0,1,10.8,Medium
TK-260180,2026-03-23 20:00:00,38,Basic,Delivery,App,Busan,47753,87,4,73,4.0,0,3.7,Low
TK-260181,2025-04-04 19:00:00,51,Silver,Payment,Phone,Daegu,55508,59,0,2,5.0,0,2.0,Medium
TK-260182,2026-04-13 05:00:00,76,Basic,Technical,Phone,Seoul,38421,53,5,113,5.0,0,15.8,Medium
TK-260183,2026-04-15 09:00:00,37,VIP,Technical,Email,Seoul,196361,28,2,70,2.5,0,2.4,Medium
TK-260184,2025-11-07 22:00:00,48,Gold,Account,App,Seoul,137883,15,1,69,4.4,0,5.3,Medium
TK-260185,2026-05-21 11:00:00,70,Silver,Payment,Chat,Seoul,99450,16,3,81,3.6,0,5.8,Low
TK-260186,2026-01-23 14:00:00,47,Basic,Delivery,Email,Incheon,41361,33,1,93,2.6,0,11.4,High
TK-260187,2026-04-28 03:00:00,64,Gold,Account,,Busan,115444,19,4,2,3.4,4,2.9,Low
TK-260188,2025-05-16 14:00:00,19,Gold,Payment,Phone,Incheon,144491,69,3,95,3.1,0,4.6,Medium
TK-260189,2025-05-27 22:00:00,66,Gold,Delivery,App,Incheon,107950,52,0,46,2.6,1,5.6,High
TK-260190,2026-04-15 17:00:00,45,Gold,Technical,Chat,Seoul,157744,45,0,90,2.0,0,3.3,Low
TK-260191,2025-11-02 22:00:00,52,Gold,Technical,Chat,Seoul,152586,40,4,45,2.7,1,1.5,Low
TK-260192,2026-03-25 00:00:00,29,VIP,Delivery,Chat,Daegu,218902,55,0,70,2.2,0,5.0,Low
TK-260193,2025-10-01 14:00:00,41,Basic,Payment,Phone,Incheon,68710,58,10,80,2.1,0,2.2,High
TK-260194,2026-04-25 19:00:00,45,Silver,Cancellation,Phone,Busan,74483,33,2,75,3.8,0,3.5,Low
TK-260195,2026-04-05 15:00:00,70,Basic,Technical,App,Daegu,48993,69,11,51,4.5,1,8.9,Medium
TK-260196,2025-08-14 17:00:00,45,Gold,Cancellation,App,Incheon,120003,39,3,177,4.6,1,16.6,Medium
TK-260197,2025-11-18 04:00:00,40,Gold,Delivery,Phone,Daegu,112555,2,0,80,1.5,0,2.4,High
TK-260198,2025-11-14 04:00:00,66,Basic,Technical,Phone,Busan,46209,13,0,97,1.9,0,3.5,Low
TK-260199,2025-12-01 06:00:00,75,Gold,Technical,App,Incheon,141367,74,0,127,5.0,2,6.7,High
TK-260200,2026-05-31 16:00:00,68,Silver,Cancellation,Phone,Incheon,59086,95,3,43,3.0,0,4.7,Low
TK-260201,2025-10-29 08:00:00,38,Gold,Account,App,Daegu,122487,2,1,65,4.3,3,2.2,Medium
TK-260202,2025-01-21 23:00:00,69,Gold,Technical,Chat,Busan,117886,9,8,111,3.8,3,4.1,Medium
TK-260203,2025-07-28 16:00:00,35,Basic,Technical,Phone,Daegu,,43,3,21,3.2,0,8.6,Medium
TK-260204,2026-01-14 13:00:00,23,Gold,Delivery,Phone,Seoul,141718,16,4,52,5.0,0,7.8,Medium
TK-260205,2026-07-04 18:00:00,41,Silver,Cancellation,App,Seoul,85630,88,2,70,2.8,1,3.3,Medium
TK-260206,2025-08-20 12:00:00,25,Gold,Cancellation,App,Daegu,107345,90,0,80,3.5,2,8.4,Medium
TK-260207,2025-11-29 04:00:00,23,Basic,Account,App,Seoul,60833,21,6,2,4.0,0,8.1,Medium
TK-260208,2025-11-16 21:00:00,52,Silver,Delivery,Chat,Seoul,59974,93,4,95,4.8,1,8.1,Medium
TK-260209,2025-06-09 09:00:00,55,Silver,Account,Phone,Busan,,63,1,73,3.6,0,8.2,Medium
TK-260210,2025-03-14 05:00:00,58,Basic,Payment,Chat,Incheon,71498,27,7,76,2.2,0,2.5,Low
TK-260211,2025-07-05 20:00:00,34,Basic,Payment,Phone,Busan,52633,24,3,19,3.7,1,4.8,Medium
TK-260212,2026-05-24 15:00:00,38,Gold,Payment,App,Daegu,131925,31,6,8,4.1,0,6.6,Medium
TK-260213,2025-06-23 23:00:00,24,Basic,Technical,App,Daegu,65909,90,5,80,3.2,4,9.4,Medium
TK-260214,2025-03-23 11:00:00,74,Silver,Account,Email,Daegu,90177,11,1,32,4.3,1,7.1,Low
TK-260215,2025-10-31 23:00:00,39,Gold,Technical,Email,Incheon,140452,18,7,86,2.6,0,4.9,Medium
TK-260216,2025-11-15 11:00:00,59,Basic,Account,Chat,Busan,47550,5,5,29,4.9,0,7.7,Low
TK-260217,2025-01-06 06:00:00,28,Basic,Payment,Chat,Incheon,43372,76,0,59,3.1,0,7.7,Medium
TK-260218,2025-05-06 17:00:00,49,Basic,Account,App,Busan,67310,89,8,19,3.3,1,5.7,Medium
TK-260219,2025-04-09 16:00:00,71,Basic,Delivery,Chat,Daegu,49442,22,2,48,2.9,1,6.6,Low
TK-260220,2025-02-25 14:00:00,24,Gold,Technical,Phone,Daejeon,131319,92,3,79,3.1,0,2.0,Medium
TK-260221,2025-01-27 15:00:00,25,Silver,Payment,Chat,Busan,100091,75,0,114,4.0,0,3.5,Low
TK-260222,2025-12-02 00:00:00,26,Gold,Technical,Chat,Incheon,139202,37,1,79,5.0,0,8.7,High
TK-260223,2025-09-24 10:00:00,70,Basic,Cancellation,Chat,Daegu,22153,79,6,57,3.2,0,4.8,Medium
TK-260224,2025-04-29 04:00:00,42,Basic,Cancellation,Phone,Busan,69640,71,3,66,2.8,0,5.0,Medium
TK-260225,2025-03-17 10:00:00,38,Basic,Delivery,Phone,Seoul,58798,55,5,64,4.0,1,7.4,High
TK-260226,2026-02-01 02:00:00,27,Basic,Technical,Phone,Incheon,23484,46,4,44,3.9,0,8.3,High
TK-260227,2025-12-07 19:00:00,58,Silver,Account,Chat,Incheon,74334,66,3,74,3.8,2,5.1,Medium
TK-260228,2026-06-07 18:00:00,23,Gold,Delivery,Phone,Busan,,49,1,33,4.2,1,2.0,Low
TK-260229,2025-12-17 19:00:00,72,Gold,Payment,Chat,Seoul,131382,13,4,9,3.5,0,1.3,Low
TK-260230,2026-03-18 09:00:00,48,Silver,Cancellation,Chat,Incheon,102595,1,3,59,3.4,1,4.8,Medium
TK-260231,2026-02-23 23:00:00,25,Gold,Cancellation,Phone,Busan,107552,60,0,121,3.2,0,11.0,High
TK-260232,2025-01-22 14:00:00,76,Silver,Delivery,Email,Seoul,71482,76,0,85,4.3,1,1.9,High
TK-260233,2025-05-23 13:00:00,63,Gold,Cancellation,Phone,Seoul,156293,80,0,98,4.3,1,4.4,Low
TK-260234,2025-04-23 07:00:00,68,Silver,Delivery,Email,Daejeon,92727,60,7,31,4.0,0,9.1,Low
TK-260235,2025-05-21 03:00:00,30,Gold,Delivery,Chat,Seoul,113663,37,5,40,4.0,0,6.2,Medium
TK-260236,2025-08-06 00:00:00,54,Silver,Delivery,Phone,Seoul,84311,12,3,102,4.6,0,5.5,Low
TK-260237,2026-05-20 23:00:00,23,Silver,Account,Chat,Daejeon,,92,5,54,5.0,0,4.1,Low
TK-260238,2026-05-24 21:00:00,64,Basic,Account,Phone,Busan,24130,36,3,28,3.2,0,6.1,Low
TK-260239,2025-11-11 23:00:00,43,Basic,Payment,App,Busan,64064,92,4,3,2.3,1,7.2,Medium
TK-260240,2025-01-03 04:00:00,39,Silver,Payment,Chat,Busan,75960,55,4,82,3.1,1,5.4,Low
TK-260241,2025-06-13 02:00:00,45,Silver,Cancellation,Chat,Daegu,56583,12,0,99,3.0,0,3.7,High
TK-260242,2025-06-22 01:00:00,60,Basic,Account,Chat,Daegu,27954,83,0,56,4.8,3,9.8,Low
TK-260243,2025-02-08 17:00:00,45,Basic,Technical,Chat,Busan,23339,30,2,57,4.4,0,3.3,Medium
TK-260244,2026-01-08 13:00:00,67,Basic,Technical,Phone,Daegu,43035,92,2,156,,0,3.5,Low
TK-260245,2025-01-13 21:00:00,40,Silver,Technical,App,Daejeon,97638,71,3,101,3.8,2,2.8,Low
TK-260246,2026-07-23 22:00:00,42,Basic,Delivery,App,Busan,60133,50,7,6,3.4,1,8.8,Medium
TK-260247,2026-06-25 03:00:00,33,Silver,Technical,Chat,Incheon,61257,2,3,82,4.0,4,7.6,Medium
TK-260248,2025-05-24 05:00:00,37,Silver,Delivery,Chat,Busan,99700,26,9,40,3.4,0,7.3,Medium
TK-260249,2025-09-15 09:00:00,54,Basic,Cancellation,Chat,Incheon,57146,66,0,32,2.2,0,14.3,Low
TK-260250,2025-05-22 01:00:00,36,Gold,Payment,Chat,Busan,108732,89,2,78,3.8,0,3.5,Medium
TK-260251,2026-04-01 23:00:00,64,Silver,Payment,Chat,Busan,74603,94,3,62,2.7,1,3.0,Medium
TK-260252,2026-01-06 08:00:00,54,Basic,Cancellation,Phone,Daegu,52248,2,5,108,4.9,1,6.8,Medium
TK-260253,2026-01-24 16:00:00,75,Basic,Delivery,Phone,Seoul,56027,44,1,98,4.0,2,6.7,Medium
TK-260254,2025-03-20 21:00:00,26,Gold,Technical,App,Incheon,122178,31,0,163,4.8,1,4.0,Medium
TK-260255,2025-07-06 05:00:00,36,Basic,Account,Chat,Seoul,42883,33,1,69,3.3,1,4.1,Medium
TK-260256,2026-06-15 14:00:00,71,Basic,Payment,Chat,Daegu,55414,54,7,40,4.6,1,11.4,Medium
TK-260257,2026-06-03 17:00:00,26,Basic,Technical,Email,Daejeon,52686,55,5,80,2.3,3,4.3,Low
TK-260258,2025-03-16 16:00:00,47,Silver,Payment,Phone,Incheon,84140,28,6,29,3.1,1,2.2,Medium
TK-260259,2025-06-27 08:00:00,18,Silver,Technical,Chat,Busan,99954,46,5,154,4.5,0,4.0,Low
TK-260260,2026-06-16 13:00:00,69,Silver,Account,Chat,Busan,59448,63,1,59,2.5,3,10.0,Low
TK-260261,2025-01-25 03:00:00,38,Gold,Technical,Chat,Daejeon,145724,67,7,103,5.0,0,9.4,Medium
TK-260262,2025-08-01 18:00:00,71,Gold,Delivery,Chat,Seoul,140362,46,2,51,4.0,0,9.9,Medium
TK-260263,2025-01-24 08:00:00,44,Basic,Delivery,Email,Busan,66817,27,4,22,4.2,2,8.1,Medium
TK-260264,2025-07-04 20:00:00,69,Basic,Technical,Email,Seoul,27154,25,4,30,3.3,0,4.1,Low
TK-260265,2025-03-04 19:00:00,37,Basic,Account,Chat,Seoul,40217,42,6,35,4.6,0,4.3,Medium
TK-260266,2026-03-18 00:00:00,68,Basic,Delivery,Email,Seoul,36898,82,6,35,4.3,1,7.6,Medium
TK-260267,2026-05-20 13:00:00,37,Basic,Account,Chat,Busan,38105,85,2,2,3.9,0,1.8,Medium
TK-260268,2025-04-18 17:00:00,37,Silver,Account,Email,Daejeon,56587,96,3,51,2.9,0,3.9,Medium
TK-260269,2026-06-25 03:00:00,67,Basic,Payment,Phone,Daejeon,30236,58,5,8,4.2,1,0.7,Medium
TK-260270,2025-05-02 15:00:00,44,Basic,Cancellation,Phone,Seoul,66609,25,1,58,4.4,0,11.7,Low
TK-260271,2026-03-08 20:00:00,28,Gold,Account,App,Busan,109538,92,0,2,4.6,0,4.7,Low
TK-260272,2025-11-25 02:00:00,29,Gold,Payment,Chat,Daegu,148435,4,4,9,2.8,0,4.4,Medium
TK-260273,2025-01-17 16:00:00,42,Basic,Delivery,Chat,Seoul,72600,81,0,115,2.7,0,7.2,Medium
TK-260274,2025-11-14 05:00:00,56,Basic,Payment,App,Daejeon,56039,72,0,79,3.0,0,9.1,Low
TK-260275,2026-05-11 09:00:00,24,Basic,Delivery,Chat,Incheon,30960,59,7,71,4.4,0,4.0,Medium
TK-260276,2025-10-09 19:00:00,73,Basic,Account,Phone,Busan,46293,62,0,84,3.4,3,4.0,Medium
TK-260277,2026-04-17 10:00:00,43,Basic,Account,Chat,Incheon,46341,22,2,21,5.0,0,9.6,Medium
TK-260278,2025-08-17 22:00:00,24,Basic,Delivery,Chat,Seoul,21525,95,9,97,4.6,1,5.6,Medium
TK-260279,2026-01-27 22:00:00,28,Gold,Technical,App,Seoul,126168,90,4,93,4.5,2,5.1,Medium
TK-260280,2025-11-23 10:00:00,69,Basic,Technical,Chat,Incheon,66504,58,2,60,4.4,0,3.8,High
TK-260281,2026-05-01 09:00:00,74,Silver,Technical,Phone,Seoul,68767,61,2,88,4.5,1,6.7,Medium
TK-260282,2025-07-11 08:00:00,75,Basic,Account,Phone,Busan,46777,61,2,32,4.2,0,4.8,Medium
TK-260283,2025-11-26 02:00:00,55,VIP,Technical,Chat,Daejeon,238168,18,2,101,2.9,0,5.0,Medium
TK-260284,2025-03-27 06:00:00,38,Gold,Technical,App,Incheon,126278,86,0,32,3.9,0,12.4,Low
TK-260285,2025-04-09 16:00:00,58,Gold,Cancellation,Chat,Seoul,122045,21,1,142,4.1,0,4.0,Low
TK-260286,2025-02-12 04:00:00,53,Gold,Account,Chat,Daegu,114759,31,4,89,3.4,0,2.1,Low
TK-260287,2026-05-15 00:00:00,47,Basic,Delivery,Phone,Daegu,32970,83,0,47,3.3,0,2.2,Medium
TK-260288,2025-04-08 22:00:00,48,Gold,Technical,Chat,Daegu,110353,33,2,103,3.1,1,7.3,Medium
TK-260289,2025-04-08 00:00:00,61,Gold,Account,Chat,Seoul,158753,48,2,62,3.8,0,5.7,Low
TK-260290,2025-04-10 03:00:00,25,Silver,Delivery,Chat,Daejeon,97109,20,6,80,4.0,0,2.7,Low
TK-260291,2025-09-10 18:00:00,43,Silver,Account,App,Busan,81331,56,5,112,4.9,1,3.4,Medium
TK-260292,2025-01-13 20:00:00,69,VIP,Payment,App,Seoul,216325,25,4,49,2.8,0,4.4,Medium
TK-260293,2025-08-09 22:00:00,34,Basic,Account,App,Busan,60490,6,0,35,2.4,1,1.1,Low
TK-260294,2026-01-10 16:00:00,72,Basic,Payment,Chat,Busan,22211,7,4,2,4.0,2,3.4,Medium
TK-260295,2026-05-15 22:00:00,54,Silver,Technical,Email,Incheon,103490,64,0,48,3.9,2,6.8,Medium
TK-260296,2025-09-03 13:00:00,38,Silver,Technical,Phone,Incheon,98352,12,8,114,4.6,0,4.6,Low
TK-260297,2025-05-05 05:00:00,24,Basic,Delivery,App,Daegu,53036,33,0,63,3.8,1,7.2,Medium
TK-260298,2026-01-02 08:00:00,36,Silver,Cancellation,Phone,Seoul,97716,8,6,102,5.0,2,4.3,High
TK-260299,2025-02-11 07:00:00,25,Silver,Payment,App,Seoul,81768,46,5,65,5.0,0,9.4,Low
TK-260300,2026-03-22 18:00:00,74,Silver,Account,App,Seoul,55451,29,2,75,4.5,0,11.6,Medium
TK-260301,2026-02-23 18:00:00,54,VIP,Cancellation,Email,Daegu,232818,12,5,162,4.2,0,13.9,High
TK-260302,2025-06-24 07:00:00,53,Basic,Delivery,Email,Seoul,20513,22,6,47,3.9,0,4.4,High
TK-260303,2025-05-14 03:00:00,59,Silver,Technical,Phone,Seoul,,37,4,71,3.7,1,11.6,Low
TK-260304,2026-01-01 10:00:00,44,Basic,Cancellation,Chat,Seoul,34618,79,1,64,2.8,0,5.9,Medium
TK-260305,2026-03-17 11:00:00,48,Basic,Cancellation,Phone,Seoul,55570,76,8,67,2.7,0,1.9,Medium
TK-260306,2025-08-22 16:00:00,46,Gold,Technical,Chat,Incheon,114433,27,4,48,4.0,0,2.2,Medium
TK-260307,2026-02-17 16:00:00,65,Silver,Delivery,Chat,Seoul,87201,7,5,88,,1,22.0,Medium
TK-260308,2025-02-07 08:00:00,33,Silver,Technical,Email,Daegu,78652,75,6,84,4.3,0,4.1,Medium
TK-260309,2025-07-14 07:00:00,49,Gold,Payment,Email,Seoul,147962,15,1,8,4.4,0,8.4,Low
TK-260310,2026-05-18 10:00:00,52,Basic,Account,Phone,Seoul,48176,3,6,71,4.0,1,3.7,Medium
TK-260311,2026-07-13 23:00:00,32,VIP,Account,Chat,Seoul,228018,15,2,12,1.2,0,1.2,Low
TK-260312,2025-03-21 04:00:00,31,Silver,Cancellation,Email,Busan,75669,93,6,55,3.9,0,2.7,Low
TK-260313,2025-04-22 03:00:00,64,Basic,Cancellation,Chat,Daegu,60791,92,1,69,3.6,0,8.0,Medium
TK-260314,2025-05-24 18:00:00,28,Basic,Account,Chat,Seoul,44708,26,5,42,3.7,1,6.5,Medium
TK-260315,2025-04-17 08:00:00,19,Basic,Technical,App,Busan,57237,26,7,43,4.4,0,3.5,High
TK-260316,2025-03-11 23:00:00,33,Gold,Delivery,Chat,Seoul,119059,54,3,11,2.1,1,2.1,Medium
TK-260317,2026-06-08 22:00:00,41,Gold,Payment,Email,Seoul,113093,29,0,43,3.2,0,9.2,High
TK-260318,2025-05-17 04:00:00,45,Silver,Payment,Phone,Busan,104325,5,4,52,3.9,4,7.3,High
TK-260319,2026-02-01 20:00:00,57,Basic,Payment,Phone,Daegu,68145,16,5,46,2.4,0,3.8,Medium
TK-260320,2026-03-05 21:00:00,66,Silver,Technical,Email,Seoul,71967,60,6,119,3.2,0,10.1,Medium
TK-260321,2025-01-21 14:00:00,33,Silver,Technical,Chat,Seoul,90503,63,4,35,4.6,0,3.7,High
TK-260322,2025-08-07 07:00:00,40,Basic,Account,Email,Busan,37979,71,1,79,4.2,0,12.5,Medium
TK-260323,2025-04-10 06:00:00,53,Gold,Technical,Phone,Daejeon,157714,40,7,35,2.2,1,7.2,Low
TK-260324,2025-08-31 22:00:00,69,Basic,Technical,Chat,Daejeon,48744,58,4,66,2.5,1,12.4,Low
TK-260325,2025-07-23 07:00:00,20,Silver,Delivery,Email,Daejeon,58424,85,0,48,3.7,2,8.1,Medium
TK-260326,2026-04-24 05:00:00,75,VIP,Payment,App,Seoul,241401,88,0,66,3.7,0,2.6,Medium
TK-260327,2026-01-02 09:00:00,76,Basic,Technical,Chat,Busan,48299,22,0,71,3.6,4,11.7,Medium
TK-260328,2026-05-10 13:00:00,30,Basic,Payment,App,Seoul,54000,22,0,54,4.4,0,7.7,Medium
TK-260329,2026-04-24 14:00:00,44,Silver,Cancellation,App,Seoul,71007,67,0,160,3.8,0,6.8,Low
TK-260330,2025-05-18 13:00:00,39,Basic,Technical,Phone,Busan,,73,3,117,3.6,0,7.2,Medium
TK-260331,2026-01-21 16:00:00,58,Basic,Payment,Chat,Daegu,64708,77,3,73,3.4,0,4.7,Low
TK-260332,2025-03-10 02:00:00,51,Basic,Delivery,Phone,Daegu,69595,57,3,46,3.0,0,12.4,Medium
TK-260333,2026-02-03 13:00:00,42,Basic,Account,Phone,Seoul,34073,75,7,2,3.7,0,4.0,Low
TK-260334,2026-02-03 16:00:00,60,Silver,Account,App,Busan,67078,28,0,27,3.1,0,4.8,Low
TK-260335,2025-05-28 22:00:00,59,Silver,Technical,Phone,Seoul,57794,36,4,93,4.1,0,7.7,Medium
TK-260336,2026-04-17 05:00:00,23,Silver,Delivery,Email,Seoul,92970,58,4,56,3.5,3,7.9,Medium
TK-260337,2025-04-01 07:00:00,54,Gold,Payment,App,Busan,132482,29,0,88,3.9,1,10.5,Medium
TK-260338,2026-02-27 09:00:00,18,Silver,Payment,Phone,Seoul,77918,76,2,62,4.8,0,4.2,Low
TK-260339,2025-04-17 18:00:00,56,Silver,Payment,Phone,Incheon,83497,7,6,10,3.9,2,10.9,Medium
TK-260340,2025-12-31 22:00:00,19,Basic,Delivery,Email,Seoul,63770,27,4,41,4.6,0,10.8,Medium
TK-260341,2025-11-22 12:00:00,28,Silver,Technical,Chat,Incheon,67416,28,4,50,3.7,0,8.7,Low
TK-260342,2025-05-17 16:00:00,53,Gold,Payment,Chat,Incheon,107633,9,4,71,3.4,1,3.0,Medium
TK-260343,2026-07-23 14:00:00,68,Gold,Account,App,Seoul,146118,22,0,68,4.0,0,7.0,Low
TK-260344,2025-10-24 08:00:00,28,Gold,Delivery,Phone,Daegu,133138,37,9,33,3.4,0,4.7,High
TK-260345,2025-02-03 13:00:00,22,Basic,Payment,Email,Busan,39105,26,3,36,3.5,3,6.4,High
TK-260346,2026-02-20 00:00:00,57,VIP,Technical,Chat,Incheon,203592,43,5,100,1.7,0,7.3,High
TK-260347,2025-07-20 01:00:00,26,VIP,Payment,Chat,Busan,232411,23,1,41,4.2,2,8.9,Low
TK-260348,2025-12-25 18:00:00,62,Silver,Account,Email,Busan,106525,37,2,50,4.4,0,5.5,Low
TK-260349,2025-07-26 15:00:00,51,Basic,Account,Chat,Seoul,41582,94,1,30,4.3,1,1.8,Medium
TK-260350,2025-12-29 02:00:00,74,Gold,Payment,Chat,Seoul,158577,72,7,40,5.0,0,6.1,Medium
TK-260351,2025-12-07 21:00:00,31,Silver,Technical,Phone,Seoul,104753,65,6,123,2.7,0,5.9,Low
TK-260352,2026-01-27 20:00:00,70,Basic,Cancellation,Chat,Incheon,62248,34,3,91,4.0,3,9.0,High
TK-260353,2025-09-25 03:00:00,52,Gold,Account,Chat,Seoul,140011,37,12,22,4.4,0,6.0,Medium
TK-260354,2025-04-17 09:00:00,38,Basic,Technical,Chat,Seoul,60354,45,0,97,2.8,0,2.5,Low
TK-260355,2025-05-31 21:00:00,53,Gold,Delivery,Chat,Seoul,123322,14,2,2,4.6,1,2.7,Medium
TK-260356,2025-10-29 20:00:00,72,Silver,Account,Phone,Incheon,73484,13,3,54,3.6,0,2.4,Medium
TK-260357,2025-09-27 09:00:00,39,Silver,Payment,Email,Daejeon,56499,56,0,63,3.1,0,12.0,Medium
TK-260358,2025-12-05 00:00:00,58,Basic,Delivery,,Seoul,46937,3,3,13,4.2,0,3.3,Low
TK-260359,2026-07-12 00:00:00,75,VIP,Technical,App,Seoul,216826,73,2,65,1.5,0,12.8,Medium
TK-260360,2026-06-06 15:00:00,74,Silver,Technical,App,Busan,73111,91,5,88,2.8,0,14.9,Low
TK-260361,2025-08-29 20:00:00,42,Silver,Delivery,Phone,Busan,60857,25,2,16,2.6,0,6.1,High
TK-260362,2026-06-06 08:00:00,54,Basic,Technical,Phone,Busan,59787,78,4,67,3.1,1,5.1,Medium
TK-260363,2026-02-26 06:00:00,43,Gold,Cancellation,Phone,Seoul,153545,39,5,85,3.7,0,4.5,Medium
TK-260364,2025-06-16 01:00:00,52,Gold,Cancellation,Chat,Incheon,130798,63,5,100,4.3,1,3.2,Low
TK-260365,2026-02-17 13:00:00,26,Basic,Account,Email,Seoul,28597,7,3,57,2.9,0,5.2,Medium
TK-260366,2025-05-16 12:00:00,64,Silver,Technical,Chat,Seoul,83295,31,5,132,2.8,0,8.7,Low
TK-260367,2026-04-15 05:00:00,26,Basic,Technical,Chat,Daejeon,69457,36,6,66,4.4,1,3.4,Medium
TK-260368,2025-02-23 21:00:00,73,Basic,Cancellation,Email,Daejeon,,48,0,174,3.1,0,8.1,High
TK-260369,2025-01-05 11:00:00,18,Silver,Account,Phone,Daegu,83509,46,7,32,4.7,0,5.1,Low
TK-260370,2025-06-22 07:00:00,39,Gold,Delivery,App,Incheon,121850,77,6,60,3.7,0,1.8,Medium
TK-260371,2026-06-08 08:00:00,22,Silver,Cancellation,Email,Daegu,59246,24,4,94,3.5,0,7.6,Medium
TK-260372,2025-08-02 18:00:00,63,Gold,Cancellation,Phone,Busan,146681,82,3,63,3.5,0,7.7,Medium
TK-260373,2025-05-22 17:00:00,37,Basic,Payment,Email,Seoul,22084,23,6,57,4.3,3,4.9,Medium
TK-260374,2026-06-19 11:00:00,38,Gold,Technical,App,Incheon,122194,54,0,143,3.8,0,10.5,Low
TK-260375,2025-04-10 21:00:00,37,Basic,Technical,Email,Busan,51464,24,6,93,4.1,0,7.4,Low
TK-260376,2025-09-22 06:00:00,28,Silver,Account,Chat,Daejeon,57755,75,5,62,3.4,1,4.5,Low
TK-260377,2025-07-23 23:00:00,63,Basic,Delivery,Email,Seoul,23109,85,2,77,3.2,0,7.4,Low
TK-260378,2026-04-15 12:00:00,44,Basic,Technical,Phone,Seoul,48004,64,5,64,5.0,0,4.0,Medium
TK-260379,2025-01-18 11:00:00,23,Silver,Technical,Phone,Busan,,68,3,129,4.4,0,4.9,Medium
TK-260380,2025-02-08 16:00:00,38,Silver,Technical,Email,Busan,89823,18,5,133,2.2,0,5.3,Low
TK-260381,2025-09-01 16:00:00,41,Basic,Account,App,Incheon,28707,94,2,11,4.4,1,5.2,Medium
TK-260382,2026-06-28 09:00:00,66,Gold,Cancellation,Email,Incheon,118033,76,1,86,4.4,0,7.6,Low
TK-260383,2026-03-24 03:00:00,67,VIP,Delivery,Phone,Seoul,214590,65,3,99,2.0,0,11.7,Medium
TK-260384,2026-03-21 20:00:00,27,Silver,Technical,Chat,Seoul,74572,92,8,86,3.3,0,5.1,Medium
TK-260385,2025-08-23 09:00:00,64,Silver,Delivery,Chat,Busan,55929,70,7,63,2.7,2,2.9,Medium
TK-260386,2026-01-13 01:00:00,72,Basic,Technical,Chat,Daegu,36367,33,2,122,3.8,2,6.7,Medium
TK-260387,2025-06-19 03:00:00,46,Basic,Account,Chat,Daegu,72287,60,0,106,3.4,0,6.7,Low
TK-260388,2025-07-15 04:00:00,54,Gold,Delivery,Phone,Busan,147479,63,0,1050,2.9,2,3.6,Medium
TK-260389,2025-06-13 01:00:00,29,Basic,Payment,Phone,Daegu,69951,85,1,68,3.1,3,2.8,Low
TK-260390,2025-09-28 17:00:00,19,Silver,Account,Chat,Daegu,74363,71,0,76,4.0,0,3.6,Low
TK-260391,2025-12-05 01:00:00,42,Gold,Technical,Email,Daejeon,118054,84,5,123,3.3,0,3.7,Low
TK-260392,2025-12-08 22:00:00,65,Gold,Technical,Phone,Daegu,146208,94,4,110,2.8,1,11.6,Medium
TK-260393,2025-06-16 12:00:00,39,Basic,Payment,Phone,Daegu,24582,60,2,2,3.4,0,6.2,Low
TK-260394,2026-02-08 05:00:00,22,Silver,Payment,Chat,Seoul,59779,24,9,49,3.5,0,10.1,Medium
TK-260395,2025-05-12 06:00:00,62,VIP,Technical,Phone,Incheon,235627,48,2,94,3.9,1,6.8,Medium
TK-260396,2025-10-17 09:00:00,19,Silver,Technical,Email,Seoul,90790,76,6,132,3.6,0,7.2,Low
TK-260397,2025-10-08 19:00:00,48,Basic,Delivery,Email,Incheon,65475,86,7,49,3.6,0,3.6,Medium
TK-260398,2025-12-06 07:00:00,31,Silver,Account,Chat,Seoul,83236,79,0,99,4.1,2,8.3,Low
TK-260399,2025-08-30 15:00:00,20,Basic,Delivery,Chat,Daegu,35334,1,2,27,3.8,1,12.8,Medium
TK-260400,2025-02-19 08:00:00,66,Basic,Delivery,Phone,Seoul,42145,79,6,105,4.1,1,4.8,Medium
TK-260401,2026-07-08 13:00:00,62,Gold,Delivery,App,Seoul,129004,29,3,112,3.0,0,6.1,Medium
TK-260402,2026-04-18 12:00:00,75,Gold,Payment,Chat,Incheon,117375,63,2,59,2.0,1,11.4,Low
TK-260403,2025-09-03 04:00:00,54,Silver,Account,Phone,Busan,76704,76,3,91,3.4,0,3.0,Low
TK-260404,2026-03-16 04:00:00,19,Basic,Payment,Phone,Daegu,64441,50,1,45,3.3,1,3.5,Low
TK-260405,2025-04-01 01:00:00,54,Silver,Delivery,Chat,Seoul,65892,13,2,56,3.6,0,7.3,Low
TK-260406,2025-05-15 21:00:00,29,Gold,Payment,Email,Busan,118956,92,7,48,4.4,1,4.9,Medium
TK-260407,2026-01-13 18:00:00,72,Silver,Technical,Chat,Daegu,71325,39,6,95,4.1,1,9.4,Medium
TK-260408,2025-06-04 18:00:00,45,Gold,Payment,Phone,Daegu,134609,38,6,47,4.1,0,11.5,Medium
TK-260409,2025-11-06 16:00:00,22,Gold,Cancellation,Chat,Seoul,142047,21,6,111,3.8,0,6.3,Low
TK-260410,2025-06-17 13:00:00,46,Basic,Account,Chat,Incheon,42752,93,0,96,3.2,0,3.1,Medium
TK-260411,2025-12-17 18:00:00,19,Silver,Technical,Chat,Seoul,105553,54,2,40,3.7,1,6.1,Low
TK-260412,2026-01-01 06:00:00,41,Basic,Account,Email,Incheon,21136,54,1,73,3.8,0,1.5,High
TK-260413,2025-10-21 06:00:00,56,Gold,Technical,Email,Seoul,126532,84,0,81,4.4,1,7.7,High
TK-260414,2026-06-27 20:00:00,47,Gold,Delivery,Phone,Seoul,112259,44,2,5,3.8,1,5.7,Medium
TK-260415,2025-05-13 08:00:00,66,Basic,Delivery,App,Seoul,40690,33,2,87,3.1,0,3.0,Medium
TK-260416,2025-05-18 20:00:00,36,Silver,Technical,Email,Incheon,62108,11,1,81,1.7,0,6.9,Medium
TK-260417,2026-06-25 04:00:00,51,Gold,Account,App,Busan,154066,43,4,31,3.0,0,2.8,Medium
TK-260418,2025-08-10 03:00:00,51,Silver,Delivery,Phone,Seoul,92400,25,1,46,4.2,0,4.5,Medium
TK-260419,2025-10-29 11:00:00,23,Basic,Technical,Chat,Daegu,36766,94,5,108,4.3,2,8.2,Low
TK-260420,2026-07-12 18:00:00,28,Gold,Technical,App,Seoul,,81,3,43,3.6,1,8.3,Medium
TK-260421,2025-04-26 11:00:00,57,Basic,Payment,Phone,Seoul,34880,14,1,39,4.4,0,16.8,Medium
TK-260422,2026-01-14 21:00:00,56,Silver,Delivery,App,Daegu,88505,86,3,83,3.6,0,6.4,Low
TK-260423,2025-12-31 13:00:00,53,Gold,Delivery,App,Daegu,143602,12,3,80,3.3,0,2.8,Medium
TK-260424,2026-03-01 23:00:00,23,VIP,Technical,Email,Seoul,214351,70,0,78,2.9,3,6.7,High
TK-260425,2026-07-13 09:00:00,25,Silver,Account,,Daejeon,80155,10,7,71,3.0,2,1.3,Medium
TK-260426,2025-08-23 18:00:00,74,Silver,Technical,Phone,Seoul,79514,51,3,66,2.9,0,5.7,Medium
TK-260427,2025-10-22 15:00:00,44,Gold,Account,Email,Daejeon,111755,16,5,61,4.4,2,11.2,Medium
TK-260428,2025-05-21 02:00:00,46,Silver,Technical,Email,Seoul,74906,69,5,172,3.0,1,5.3,Medium
TK-260429,2026-03-06 12:00:00,74,Silver,Payment,Chat,Daejeon,72990,12,4,34,2.7,0,6.7,Medium
TK-260430,2025-05-27 03:00:00,61,Silver,Cancellation,Chat,Incheon,77191,59,5,87,3.0,0,7.2,Medium
TK-260431,2025-10-27 07:00:00,64,Gold,Payment,App,Incheon,115230,4,4,69,,0,4.3,Low
TK-260432,2025-03-10 15:00:00,55,Basic,Technical,Phone,Busan,31920,77,3,90,3.4,0,9.0,Medium
TK-260433,2025-03-09 17:00:00,54,Basic,Payment,,Daegu,43912,24,3,70,3.7,0,4.5,Medium
TK-260434,2026-03-01 03:00:00,46,Silver,Technical,Chat,Seoul,74541,10,2,108,4.4,2,8.5,Medium
TK-260435,2026-04-14 10:00:00,56,VIP,Technical,Chat,Daegu,221712,54,9,71,3.4,0,5.5,Medium
TK-260436,2025-10-19 20:00:00,62,Basic,Technical,,Seoul,31046,30,0,78,2.2,0,6.6,High
TK-260437,2025-08-07 01:00:00,66,Silver,Payment,Chat,Incheon,101298,22,2,52,3.2,0,8.2,Medium
TK-260438,2025-09-15 18:00:00,67,Basic,Technical,Phone,Busan,23202,21,1,99,4.2,1,6.0,Medium
TK-260439,2025-12-21 14:00:00,50,Basic,Payment,Email,Seoul,53360,77,5,47,2.7,0,9.0,Medium
TK-260440,2025-12-16 16:00:00,52,Basic,Delivery,Chat,Busan,65298,14,4,61,3.4,0,12.5,Medium
TK-260441,2025-03-22 17:00:00,33,Gold,Delivery,Chat,Busan,158289,10,0,55,3.3,2,6.9,Medium
TK-260442,2026-02-07 18:00:00,20,Basic,Payment,Email,Busan,23859,8,2,99,5.0,1,14.4,Low
TK-260443,2025-09-14 16:00:00,74,Basic,Technical,Email,Daegu,60622,52,1,49,3.4,1,1.7,Medium
TK-260444,2026-07-03 19:00:00,73,Silver,Cancellation,Phone,Incheon,76618,35,8,58,4.9,0,3.4,Low
TK-260445,2025-05-28 05:00:00,73,Gold,Payment,Email,Seoul,134756,61,4,91,3.7,2,4.9,High
TK-260446,2025-03-27 12:00:00,61,Gold,Cancellation,Phone,Daejeon,134598,61,2,95,3.4,0,3.4,High
TK-260447,2026-05-04 22:00:00,24,Basic,Account,Phone,Seoul,47169,1,6,93,2.7,2,4.7,Medium
TK-260448,2026-05-06 17:00:00,36,Basic,Technical,Email,Busan,54345,29,7,57,3.2,0,4.3,Medium
TK-260449,2025-06-04 17:00:00,29,Silver,Payment,Chat,Seoul,77575,81,4,71,4.1,2,11.6,Medium
TK-260450,2026-06-05 07:00:00,58,Gold,Delivery,App,Seoul,141434,78,5,38,3.4,2,1.3,Medium
TK-260451,2026-03-17 05:00:00,57,Basic,Technical,Chat,Seoul,64011,78,1,98,2.4,0,3.1,Medium
TK-260452,2025-08-15 01:00:00,46,Basic,Account,App,Daejeon,57810,73,1,103,4.0,0,5.9,Medium
TK-260453,2025-01-19 00:00:00,65,Gold,Account,Phone,Seoul,154685,69,1,114,3.6,2,4.0,Medium
TK-260454,2025-05-01 21:00:00,51,Basic,Technical,Email,Busan,55025,9,2,77,4.3,0,2.6,Medium
TK-260455,2025-07-18 17:00:00,63,Gold,Payment,Phone,Daejeon,114591,9,4,80,3.3,1,4.0,Low
TK-260456,2025-01-23 10:00:00,47,Basic,Cancellation,Chat,Daejeon,53125,17,5,78,2.6,0,10.4,Medium
TK-260457,2025-04-04 11:00:00,41,Gold,Payment,App,Seoul,150828,19,7,32,3.7,0,2.0,Medium
TK-260458,2026-04-06 13:00:00,27,Basic,Account,Email,Daejeon,59594,23,0,65,3.0,2,6.0,Medium
TK-260459,2025-12-20 02:00:00,38,Basic,Account,Email,Seoul,55667,73,1,80,4.0,0,8.6,Medium
TK-260460,2025-08-13 13:00:00,50,Silver,Payment,Phone,Seoul,63068,18,6,86,3.4,0,7.2,Medium
TK-260461,2025-04-03 14:00:00,39,Basic,Technical,Phone,Seoul,53190,42,2,60,3.9,0,16.3,Medium
TK-260462,2025-10-20 14:00:00,39,Basic,Delivery,Email,Incheon,67210,68,1,92,4.1,2,5.5,Medium
TK-260463,2025-09-28 00:00:00,65,Silver,Payment,Email,Incheon,76130,66,4,50,3.1,1,4.5,Medium
TK-260464,2026-05-29 00:00:00,44,Silver,Technical,Phone,Busan,91781,44,3,52,3.5,1,6.3,Low
TK-260465,2025-03-19 05:00:00,29,Basic,Delivery,Phone,Busan,58773,82,2,51,3.4,2,1.6,Medium
TK-260466,2026-06-24 08:00:00,49,VIP,Technical,Chat,Daegu,237868,52,6,13,2.9,0,2.0,Low
TK-260467,2026-04-28 08:00:00,22,Silver,Payment,Chat,Daejeon,97829,40,4,67,4.0,0,3.2,Low
TK-260468,2026-07-22 07:00:00,74,Basic,Delivery,Email,Daegu,35179,50,5,97,4.9,2,2.4,Medium
TK-260469,2025-03-10 17:00:00,66,VIP,Delivery,Phone,Busan,223481,87,3,58,2.9,1,9.1,Medium
TK-260470,2025-05-19 14:00:00,47,Silver,Technical,Phone,Busan,72313,38,3,43,3.8,3,4.9,Low
TK-260471,2026-07-18 00:00:00,39,Silver,Delivery,Email,Daegu,65014,42,6,98,3.3,0,15.3,Medium
TK-260472,2025-09-24 12:00:00,72,Basic,Cancellation,Phone,Incheon,61887,51,4,73,3.3,0,1.6,Medium
TK-260473,2025-07-12 08:00:00,28,Basic,Delivery,Chat,Daegu,41812,95,1,16,4.5,0,5.1,Low
TK-260474,2025-11-30 20:00:00,41,Gold,Account,Phone,Busan,139046,12,6,66,4.2,1,4.6,Low
TK-260475,2026-03-16 08:00:00,57,Silver,Delivery,Chat,Seoul,57884,58,4,73,3.7,1,8.6,Medium
TK-260476,2026-03-11 20:00:00,69,Silver,Technical,Email,Daegu,83968,87,6,690,4.1,0,11.6,Medium
TK-260477,2026-04-02 01:00:00,63,Gold,Delivery,Email,Daejeon,108929,73,5,87,2.8,0,3.4,Medium
TK-260478,2025-06-29 22:00:00,28,Basic,Account,App,Busan,59856,43,4,63,3.6,0,5.5,Medium
TK-260479,2025-12-29 12:00:00,24,Basic,Delivery,Phone,Busan,26371,29,0,96,2.5,1,6.0,Medium
TK-260480,2025-01-24 07:00:00,70,Basic,Delivery,App,Seoul,50859,49,7,37,2.9,0,3.2,Low
TK-260481,2025-11-13 04:00:00,67,Basic,Payment,App,Daejeon,72965,48,2,46,4.2,2,5.3,Low
TK-260482,2026-03-24 03:00:00,54,Silver,Payment,Phone,Busan,73412,40,3,77,4.1,0,6.0,Medium
TK-260483,2025-06-03 18:00:00,47,Gold,Delivery,Email,Daegu,123074,92,3,21,3.9,0,5.0,High
TK-260484,2025-11-24 13:00:00,54,VIP,Account,Chat,Busan,230448,16,4,76,2.2,0,9.3,High
TK-260485,2026-07-20 07:00:00,43,Gold,Technical,Phone,Seoul,114395,15,4,90,4.3,0,7.7,Medium
TK-260486,2025-03-30 11:00:00,45,VIP,Cancellation,Email,Daegu,243669,82,5,111,2.6,1,3.5,High
TK-260487,2025-08-23 12:00:00,68,Silver,Technical,Chat,Incheon,99516,53,4,112,3.5,0,7.0,Medium
TK-260488,2026-03-18 04:00:00,18,Basic,Cancellation,Chat,Daegu,39039,15,2,28,5.0,0,10.0,Low
TK-260489,2025-12-10 12:00:00,24,Basic,Payment,Chat,Seoul,31952,32,3,83,3.1,0,2.8,Low
TK-260490,2025-06-27 04:00:00,22,Silver,Technical,Chat,Daejeon,61355,77,5,92,3.5,0,7.7,Medium
TK-260491,2026-07-23 02:00:00,46,Basic,Technical,Chat,Seoul,39233,40,0,89,2.9,0,4.2,Medium
TK-260492,2026-06-07 07:00:00,21,Basic,Technical,Email,Seoul,20895,13,0,81,2.6,0,3.5,Low
TK-260493,2026-06-16 05:00:00,62,Basic,Payment,Phone,Busan,26674,12,2,25,3.2,0,10.2,Low
TK-260494,2025-10-15 08:00:00,20,Basic,Delivery,Chat,Daegu,41742,65,3,65,3.7,0,5.7,Medium
TK-260495,2025-08-10 17:00:00,60,Basic,Payment,Phone,Busan,60533,44,0,72,3.5,0,5.5,Low
TK-260496,2025-11-11 00:00:00,36,Basic,Cancellation,Chat,Seoul,45990,59,0,130,3.6,0,4.3,Low
TK-260497,2026-06-19 11:00:00,22,Silver,Account,App,Seoul,57062,4,3,51,4.2,2,2.3,Medium
TK-260498,2025-12-12 12:00:00,32,Basic,Technical,Chat,Seoul,53942,41,0,97,3.9,0,5.6,Medium
TK-260499,2025-07-30 12:00:00,59,Silver,Technical,Chat,Incheon,103038,11,3,103,4.4,1,6.2,Medium
TK-260500,2026-06-30 06:00:00,33,Silver,Payment,Chat,Busan,98814,68,2,32,3.0,0,5.0,Medium
TK-260501,2025-07-19 10:00:00,69,Basic,Payment,Chat,Busan,50626,44,0,67,2.6,1,5.4,Low
TK-260502,2026-03-03 16:00:00,44,Silver,Delivery,Chat,Daegu,88409,13,0,44,3.2,0,16.6,Medium
TK-260503,2025-11-11 05:00:00,75,Basic,Technical,Chat,Incheon,52688,16,2,64,4.2,1,7.9,Low
TK-260504,2025-12-17 17:00:00,42,Gold,Payment,Chat,Daegu,154354,82,0,60,,1,11.3,Medium
TK-260505,2026-07-19 05:00:00,60,Silver,Cancellation,Phone,Seoul,92157,29,4,42,3.5,1,13.8,Low
TK-260506,2026-02-28 20:00:00,64,Gold,Payment,App,Seoul,141064,64,3,75,3.4,2,5.8,High
TK-260507,2025-12-01 10:00:00,76,VIP,Payment,Email,Daejeon,244944,41,1,39,4.3,0,8.0,Low
TK-260508,2025-11-04 15:00:00,75,Basic,Technical,Phone,Seoul,24196,23,4,51,2.5,0,9.1,Medium
TK-260509,2025-12-10 03:00:00,29,Gold,Cancellation,App,Busan,136899,46,3,116,2.9,0,5.2,Medium
TK-260510,2026-06-09 21:00:00,19,Silver,Account,Phone,Daejeon,85186,93,2,96,3.6,0,4.4,Low
TK-260511,2025-04-04 05:00:00,37,Gold,Account,Phone,Busan,133966,26,4,68,2.9,1,1.5,Medium
TK-260512,2025-02-01 04:00:00,21,Basic,Delivery,Chat,Incheon,38583,23,0,121,4.9,0,6.5,Medium
TK-260513,2026-03-31 10:00:00,38,Silver,Cancellation,Email,Incheon,59283,19,5,102,,0,15.8,High
TK-260514,2026-05-27 15:00:00,35,Basic,Cancellation,App,Incheon,55244,66,3,46,4.7,1,3.1,Medium
TK-260515,2026-03-25 15:00:00,39,Basic,Account,Email,Incheon,64738,73,3,146,4.2,1,6.6,High
TK-260516,2026-01-31 19:00:00,31,VIP,Technical,Email,Seoul,236033,74,7,122,3.4,0,9.9,Medium
TK-260517,2025-08-19 14:00:00,57,Basic,Technical,Chat,Daegu,22628,56,6,90,4.8,3,9.9,High
TK-260518,2025-09-23 04:00:00,44,Silver,Delivery,Phone,Daejeon,95391,5,0,59,3.9,1,7.2,Low
TK-260519,2026-01-09 19:00:00,45,Basic,Delivery,Chat,Busan,56799,53,7,77,2.9,0,2.3,Medium
TK-260520,2026-05-08 13:00:00,34,Basic,Cancellation,Email,Busan,41686,7,4,85,4.3,1,7.0,Low
TK-260521,2025-11-06 03:00:00,51,Gold,Technical,Chat,Busan,152982,22,1,108,2.3,0,4.9,Medium
TK-260522,2025-05-28 01:00:00,69,Basic,Cancellation,Chat,Seoul,37001,54,0,96,3.4,0,9.3,High
TK-260523,2025-01-27 22:00:00,28,Basic,Payment,Chat,Daejeon,36236,28,0,93,4.3,1,2.9,Medium
TK-260524,2025-01-21 05:00:00,64,Silver,Payment,Chat,Daegu,86533,74,3,82,4.9,0,4.7,Low
TK-260525,2025-06-17 12:00:00,32,Silver,Cancellation,App,Incheon,95598,93,5,48,4.6,0,6.3,High
TK-260526,2025-07-08 20:00:00,43,Silver,Delivery,Email,Seoul,99369,75,0,75,3.8,0,4.4,High
TK-260527,2025-09-04 16:00:00,68,Silver,Account,Chat,Incheon,68043,62,4,80,3.6,0,10.0,Medium
TK-260528,2025-11-11 02:00:00,56,Silver,Delivery,Email,Daegu,98046,28,3,65,4.3,0,3.0,Medium
TK-260529,2025-01-12 04:00:00,39,Silver,Payment,Chat,Busan,57103,90,4,15,3.0,0,2.0,Medium
TK-260530,2025-04-29 19:00:00,28,Silver,Delivery,Email,Busan,89338,37,9,2,5.0,0,8.2,Medium
TK-260531,2026-02-21 09:00:00,41,Silver,Technical,App,Busan,77133,26,4,71,4.4,0,12.1,Medium
TK-260532,2026-03-30 03:00:00,58,Silver,Account,App,Daegu,77926,19,0,111,3.2,1,4.0,Low
TK-260533,2026-04-18 03:00:00,63,Basic,Payment,Phone,Daegu,55264,71,3,29,2.5,0,5.3,Low
TK-260534,2025-01-17 07:00:00,48,VIP,Cancellation,Email,Busan,213453,13,4,76,5.0,0,2.9,Medium
TK-260535,2025-07-05 00:00:00,24,Basic,Account,Email,Seoul,39199,84,5,115,3.8,0,13.0,Medium
TK-260536,2025-10-24 21:00:00,61,Basic,Cancellation,Chat,Incheon,50085,74,4,86,3.3,0,8.4,Medium
TK-260537,2025-11-28 07:00:00,67,Silver,Payment,Email,Busan,77234,31,4,50,3.1,4,5.1,Low
TK-260538,2025-02-18 07:00:00,35,Silver,Cancellation,Phone,Seoul,88937,35,3,169,5.0,0,9.5,High
TK-260539,2025-05-17 22:00:00,39,Silver,Technical,Email,Daegu,96225,34,2,67,3.8,1,6.9,Low
TK-260540,2025-06-14 01:00:00,28,Silver,Technical,Phone,Incheon,83386,32,2,86,3.2,2,13.7,Medium
TK-260541,2026-01-09 17:00:00,39,Silver,Cancellation,Email,Daejeon,104357,46,1,112,4.9,1,11.5,Low
TK-260542,2025-02-24 21:00:00,35,Silver,Cancellation,Chat,Seoul,98477,60,4,162,2.8,1,6.6,High
TK-260543,2026-06-20 21:00:00,22,Silver,Cancellation,App,Seoul,102805,95,4,39,3.6,0,2.7,Medium
TK-260544,2025-11-01 01:00:00,26,Basic,Payment,App,Seoul,48325,79,1,75,4.1,0,5.0,Low
TK-260545,2025-06-28 14:00:00,60,Basic,Delivery,App,Daejeon,59931,16,1,53,5.0,0,3.6,Low
TK-260546,2025-12-16 17:00:00,76,Gold,Cancellation,Chat,Seoul,153290,22,4,100,4.3,0,7.8,Medium
TK-260547,2025-07-15 12:00:00,74,Gold,Technical,Phone,Busan,140636,76,6,56,3.7,1,4.5,High
TK-260548,2025-03-25 13:00:00,43,Basic,Payment,Email,Busan,,86,3,59,4.5,2,10.6,High
TK-260549,2025-03-21 14:00:00,60,Basic,Cancellation,Email,Busan,66272,85,3,58,4.4,0,10.2,Medium
TK-260550,2026-03-20 22:00:00,69,Silver,Cancellation,Email,Busan,66162,26,1,109,2.7,0,5.1,Low
TK-260551,2025-11-04 21:00:00,18,Basic,Technical,Chat,Seoul,41256,74,1,75,4.5,1,13.7,Medium
TK-260552,2025-11-02 04:00:00,41,VIP,Technical,Chat,Seoul,203703,28,10,52,2.3,0,5.9,Medium
TK-260553,2025-06-29 09:00:00,41,Silver,Technical,Email,Seoul,57100,24,0,69,3.5,1,3.9,Medium
TK-260554,2025-08-06 05:00:00,46,Basic,Account,Chat,Seoul,36350,1,4,60,3.9,0,5.2,Medium
TK-260555,2025-08-17 19:00:00,34,Gold,Account,App,Seoul,117385,96,0,100,3.8,1,2.8,Medium
TK-260556,2025-04-25 21:00:00,18,Basic,Delivery,Chat,Seoul,45985,71,3,26,1.8,1,2.8,Medium
TK-260557,2026-07-01 14:00:00,66,Silver,Cancellation,Chat,Daejeon,72601,70,13,73,3.6,0,6.0,High
TK-260558,2025-06-03 02:00:00,57,Basic,Payment,Chat,Seoul,52248,10,3,22,4.3,0,6.0,Medium
TK-260559,2025-05-15 14:00:00,44,Gold,Payment,Email,Daegu,142652,45,6,60,3.0,1,2.2,Medium
TK-260560,2025-08-17 15:00:00,21,Basic,Delivery,Phone,Busan,37190,23,4,42,4.9,1,12.5,Medium
TK-260561,2025-11-21 20:00:00,29,Gold,Payment,Phone,Seoul,111430,19,2,30,3.2,0,7.3,Medium
TK-260562,2025-01-12 00:00:00,65,Basic,Technical,Phone,Seoul,61407,59,3,113,2.6,3,3.5,High
TK-260563,2026-05-27 05:00:00,56,Silver,Delivery,App,Busan,98904,92,5,69,2.3,0,2.4,Medium
TK-260564,2025-12-26 09:00:00,42,Basic,Technical,Phone,Incheon,30672,19,0,102,4.0,0,14.7,Medium
TK-260565,2025-01-14 03:00:00,63,Silver,Payment,Phone,Seoul,85193,67,8,44,3.1,1,7.4,High
TK-260566,2025-04-01 01:00:00,60,Basic,Technical,Email,Busan,59329,25,0,60,5.0,1,2.1,Medium
TK-260567,2026-07-16 07:00:00,58,Silver,Technical,App,Incheon,57417,34,6,100,2.7,1,3.8,High
TK-260568,2026-06-19 20:00:00,26,Basic,Technical,Phone,Seoul,,2,4,164,4.1,2,5.1,High
TK-260569,2025-06-17 14:00:00,45,Basic,Payment,Chat,Daegu,53947,39,5,49,3.8,0,4.0,Low
TK-260570,2025-03-29 13:00:00,33,Basic,Cancellation,Chat,Seoul,20102,23,1,128,3.7,0,9.7,High
TK-260571,2025-03-03 11:00:00,65,Basic,Account,App,Incheon,63368,64,2,59,3.6,0,3.2,Low
TK-260572,2025-02-08 02:00:00,55,Basic,Cancellation,Chat,Seoul,72734,79,10,55,4.7,0,12.2,Low
TK-260573,2025-02-18 10:00:00,25,Basic,Payment,Chat,Daejeon,57586,9,4,80,3.3,0,8.7,Medium
TK-260574,2025-02-04 09:00:00,38,Basic,Cancellation,Email,Incheon,53183,51,1,52,4.6,0,4.8,Low
TK-260575,2026-02-13 15:00:00,64,Silver,Delivery,Email,Seoul,102445,69,0,46,2.7,1,6.3,Medium
TK-260576,2026-02-25 14:00:00,67,Silver,Technical,Phone,Seoul,,61,5,102,4.6,0,7.0,Medium
TK-260577,2025-01-24 22:00:00,20,Silver,Technical,Phone,Daegu,71145,86,2,66,5.0,0,5.3,Medium
TK-260578,2026-06-28 09:00:00,22,Basic,Technical,Chat,Incheon,46142,36,0,103,4.7,1,6.3,Medium
TK-260579,2025-07-16 23:00:00,42,Silver,Delivery,Phone,Daegu,56507,32,0,2,3.0,0,2.3,Low
TK-260580,2025-04-12 07:00:00,46,Basic,Payment,Chat,Incheon,38968,3,3,35,3.8,0,17.5,Medium
TK-260581,2025-05-08 06:00:00,44,Basic,Payment,App,Seoul,23156,31,3,52,4.6,0,8.6,Medium
TK-260582,2025-08-22 06:00:00,38,VIP,Payment,Phone,Incheon,223954,50,2,55,4.9,0,3.9,Medium
TK-260583,2026-03-31 20:00:00,57,Gold,Technical,Chat,Daegu,140832,76,2,64,3.0,0,4.4,Low
TK-260584,2026-06-04 21:00:00,47,VIP,Technical,Email,Busan,196757,56,4,96,3.3,1,5.1,Medium
TK-260585,2026-02-18 21:00:00,59,Basic,Technical,Phone,Seoul,51788,42,5,40,3.8,0,6.8,Medium
TK-260586,2025-12-22 14:00:00,59,Basic,Delivery,Chat,Busan,49461,49,1,24,4.8,2,2.3,Medium
TK-260587,2026-05-02 00:00:00,49,Basic,Technical,Phone,Busan,58258,34,6,117,4.9,0,10.5,Medium
TK-260588,2026-05-25 01:00:00,45,Basic,Delivery,Chat,Seoul,40368,22,0,93,2.4,0,6.3,Medium
TK-260589,2025-05-02 02:00:00,26,Basic,Delivery,Phone,Busan,68513,30,2,68,3.3,0,13.0,Medium
TK-260590,2025-05-08 09:00:00,44,Silver,Delivery,Phone,Busan,78516,24,5,51,3.2,0,8.5,Medium
TK-260591,2025-05-27 03:00:00,64,VIP,Account,Chat,Busan,208185,2,7,33,5.0,3,9.6,High
TK-260592,2025-01-15 03:00:00,42,Silver,Payment,Phone,Daegu,58812,7,3,73,4.6,0,14.0,Low
TK-260593,2025-02-22 23:00:00,18,VIP,Account,Email,Daejeon,242218,89,2,86,3.8,0,3.6,Low
TK-260594,2025-05-25 14:00:00,22,Gold,Account,Chat,Incheon,108730,24,8,19,2.8,0,6.6,Medium
TK-260595,2025-07-02 10:00:00,61,Basic,Account,Chat,Seoul,32247,39,1,98,3.6,0,11.7,High
TK-260596,2025-05-27 06:00:00,59,Basic,Cancellation,Email,Busan,30171,82,5,47,3.6,0,3.4,Low
TK-260597,2026-05-09 22:00:00,28,Silver,Account,Chat,Incheon,71934,64,3,73,3.0,0,3.5,Medium
TK-260598,2025-03-18 03:00:00,43,Silver,Cancellation,Email,Daegu,74859,71,2,74,4.0,0,2.9,Low
TK-260599,2025-06-11 15:00:00,73,Silver,Delivery,Email,Incheon,89027,74,5,2,3.5,3,3.4,Low
TK-260600,2025-06-11 11:00:00,24,Silver,Delivery,App,Seoul,90922,51,5,36,2.8,1,2.2,Medium
TK-260601,2026-05-10 18:00:00,36,Gold,Technical,Chat,Daegu,135940,89,6,69,5.0,0,3.2,Low
TK-260602,2025-08-17 23:00:00,68,Basic,Account,Chat,Busan,72400,69,6,71,2.4,0,3.0,Medium
TK-260603,2025-08-30 10:00:00,56,Basic,Technical,Chat,Daegu,49231,47,2,96,2.1,0,5.6,Medium
TK-260604,2026-06-18 16:00:00,44,Silver,Payment,Phone,Busan,95694,56,0,45,3.7,2,11.8,Medium
TK-260605,2025-09-07 22:00:00,57,Gold,Delivery,Chat,Seoul,123988,44,5,74,1.8,3,3.7,Medium
TK-260606,2025-03-16 04:00:00,50,Silver,Technical,Email,Seoul,70328,20,0,86,3.2,0,22.3,Low
TK-260607,2026-06-22 06:00:00,25,Gold,Payment,App,Busan,117342,79,0,64,3.9,0,2.0,Low
TK-260608,2025-12-20 02:00:00,38,Gold,Delivery,Chat,Busan,148096,55,0,49,3.1,0,7.8,Low
TK-260609,2025-10-21 15:00:00,65,Silver,Technical,Chat,Busan,63630,16,0,67,2.5,1,2.6,High
TK-260610,2025-07-19 01:00:00,41,Silver,Technical,Chat,Busan,99093,51,6,141,4.2,0,9.1,Medium
TK-260611,2026-01-12 12:00:00,71,Basic,Account,Phone,Busan,50563,49,0,46,4.9,0,2.1,Medium
TK-260612,2026-05-30 19:00:00,35,Silver,Delivery,Email,Busan,84718,58,4,52,3.2,0,2.6,Low
TK-260613,2026-01-04 04:00:00,57,Silver,Technical,Email,Busan,59613,74,2,55,3.5,2,3.9,Medium
TK-260614,2026-01-17 05:00:00,31,Silver,Cancellation,Phone,Daegu,77458,59,4,72,3.7,2,5.2,Medium
TK-260615,2026-01-22 04:00:00,66,Basic,Payment,Email,Daegu,40761,14,5,65,3.6,0,5.3,Medium
TK-260616,2025-09-13 15:00:00,73,Basic,Cancellation,App,Daegu,43155,69,6,50,3.7,0,10.6,Medium
TK-260617,2025-08-07 15:00:00,70,Silver,Technical,App,Seoul,79670,88,8,75,3.5,0,3.9,High
TK-260618,2025-10-19 17:00:00,29,Silver,Delivery,Email,Incheon,78499,34,0,84,2.7,1,6.8,Low
TK-260619,2025-12-15 17:00:00,45,Basic,Account,App,Incheon,72252,82,2,46,2.9,1,8.5,Medium
TK-260620,2026-05-26 17:00:00,32,Gold,Technical,App,Seoul,134822,4,1,70,3.5,0,13.8,Medium
TK-260621,2026-06-05 20:00:00,34,VIP,Payment,Email,Daegu,201659,80,7,24,4.6,0,1.5,Medium
TK-260622,2026-05-25 11:00:00,61,Gold,Technical,Email,Seoul,157247,6,2,87,3.3,1,7.9,Medium
TK-260623,2025-12-24 09:00:00,53,VIP,Payment,Chat,Incheon,213913,45,5,100,4.3,0,7.3,Medium
TK-260624,2025-08-22 06:00:00,55,Basic,Payment,App,Busan,21804,89,3,28,3.5,0,2.9,Medium
TK-260625,2026-01-19 03:00:00,28,Basic,Account,Phone,Incheon,38262,95,2,55,4.2,0,8.8,Medium
TK-260626,2025-10-14 08:00:00,49,Basic,Delivery,Chat,Seoul,28256,57,3,89,4.4,0,3.3,Medium
TK-260627,2025-01-31 20:00:00,65,Gold,Delivery,Phone,Seoul,142384,27,3,95,3.1,1,5.2,Medium
TK-260628,2026-05-05 04:00:00,18,Gold,Delivery,Phone,Daegu,137026,75,8,81,2.9,1,5.5,Low
TK-260629,2025-11-28 04:00:00,74,VIP,Account,App,Seoul,221602,87,0,52,3.1,4,1.8,Medium
TK-260630,2026-07-22 09:00:00,36,Silver,Payment,Email,Seoul,65825,83,6,36,3.8,0,3.2,Medium
TK-260631,2025-07-10 15:00:00,37,VIP,Technical,App,Busan,225767,58,3,94,3.1,0,6.9,Medium
TK-260632,2026-06-20 01:00:00,46,Silver,Technical,Chat,Busan,98526,81,4,90,3.4,4,8.0,High
TK-260633,2026-03-19 07:00:00,31,Silver,Cancellation,Phone,Incheon,69493,35,0,66,1.0,1,9.9,Medium
TK-260634,2025-04-18 22:00:00,20,Basic,Payment,App,Seoul,32760,3,1,46,4.9,0,10.9,Medium
TK-260635,2025-09-04 07:00:00,24,Basic,Technical,App,Busan,42637,85,7,122,2.4,0,2.8,Low
TK-260636,2025-04-10 15:00:00,63,VIP,Delivery,Phone,Busan,198370,77,0,14,3.3,1,1.7,Low
TK-260637,2025-02-23 11:00:00,55,VIP,Payment,Phone,Seoul,210773,63,4,39,4.7,0,4.1,Low
TK-260638,2025-12-28 09:00:00,72,Silver,Technical,Email,Busan,64410,6,1,55,4.1,0,3.1,Low
TK-260639,2026-05-30 12:00:00,50,Basic,Technical,Chat,Seoul,21713,58,1,103,3.9,0,6.7,Medium
TK-260640,2026-05-14 16:00:00,63,Silver,Payment,Email,Daegu,96314,72,6,55,3.4,1,6.0,Medium
TK-260641,2025-07-21 22:00:00,26,Gold,Technical,,Busan,147936,48,5,86,,0,6.6,Low
TK-260642,2025-07-07 15:00:00,30,Gold,Account,App,Seoul,118719,16,3,50,3.5,1,5.5,Medium
TK-260643,2025-12-06 22:00:00,39,VIP,Technical,Chat,Incheon,217369,61,5,117,3.7,0,5.6,High
TK-260644,2026-07-12 01:00:00,42,Basic,Cancellation,Email,Seoul,50286,37,5,99,3.2,0,9.2,Low
TK-260645,2025-07-31 19:00:00,35,Silver,Technical,Chat,Seoul,64104,91,4,124,4.4,2,7.8,Medium
TK-260646,2025-07-20 08:00:00,68,Basic,Payment,Chat,Busan,24610,11,2,65,3.1,1,1.3,Medium
TK-260647,2026-01-12 19:00:00,46,Silver,Technical,Email,Seoul,86749,75,1,79,3.8,1,12.3,High
TK-260648,2026-01-09 02:00:00,25,Gold,Payment,Chat,Busan,124350,45,2,96,2.9,1,7.0,Medium
TK-260649,2025-09-11 20:00:00,49,Silver,Technical,Email,Busan,76802,78,0,123,5.0,0,7.1,Medium
TK-260650,2025-01-03 01:00:00,72,VIP,Technical,Email,Busan,195154,65,5,90,5.0,2,3.3,Medium
TK-260651,2025-05-14 20:00:00,34,Silver,Delivery,Email,Seoul,76312,93,4,76,2.8,3,2.5,Medium
TK-260652,2026-01-20 12:00:00,25,Silver,Delivery,App,Busan,97133,83,1,18,5.0,1,7.7,Medium
TK-260653,2026-04-12 15:00:00,60,Gold,Payment,Chat,Daejeon,148352,46,3,2,5.0,0,7.8,Medium
TK-260654,2025-08-03 12:00:00,41,Basic,Delivery,Chat,Busan,35006,75,1,38,3.8,0,9.1,Low
TK-260655,2025-10-25 14:00:00,41,Silver,Technical,Email,Busan,58604,11,4,88,2.8,2,11.1,Medium
TK-260656,2025-09-20 11:00:00,50,Silver,Technical,Chat,Daejeon,105510,51,3,105,3.0,1,4.2,Low
TK-260657,2025-03-13 03:00:00,68,Silver,Payment,Chat,Incheon,98438,37,0,81,2.9,1,2.8,Medium
TK-260658,2026-04-23 20:00:00,69,Basic,Account,Chat,Daegu,31418,26,0,36,3.0,0,6.2,High
TK-260659,2025-09-28 08:00:00,38,Gold,Payment,Chat,Seoul,128732,74,3,81,3.4,0,3.0,Medium
TK-260660,2025-01-19 15:00:00,19,Gold,Account,Phone,Seoul,143232,38,6,6,2.7,2,7.4,Low
TK-260661,2025-09-12 07:00:00,73,Basic,Cancellation,App,Seoul,49035,11,0,34,2.0,0,9.5,Medium
TK-260662,2025-11-23 00:00:00,36,Silver,Account,App,Daegu,82015,93,1,67,3.4,2,5.6,Medium
TK-260663,2025-12-30 06:00:00,51,Gold,Account,Phone,Daejeon,147436,33,0,55,3.0,0,5.0,Medium
TK-260664,2026-05-25 08:00:00,38,Basic,Technical,Phone,Busan,60291,95,2,117,4.4,3,9.4,High
TK-260665,2026-02-19 13:00:00,25,Basic,Delivery,Email,Daejeon,65962,47,1,82,4.3,2,12.0,Medium
TK-260666,2026-04-27 18:00:00,27,Silver,Account,Chat,Daegu,103500,89,0,123,3.6,0,8.1,Low
TK-260667,2025-09-05 05:00:00,54,Basic,Delivery,App,Busan,57499,22,0,31,3.4,0,4.4,Low
TK-260668,2026-04-21 04:00:00,55,Basic,Delivery,Email,Seoul,66631,88,6,76,4.0,0,3.3,Medium
TK-260669,2025-09-28 18:00:00,34,VIP,Cancellation,App,Daejeon,193650,82,0,140,5.0,2,12.5,High
TK-260670,2026-04-15 04:00:00,59,Gold,Payment,Chat,Seoul,109989,71,5,50,3.5,1,3.0,Medium
TK-260671,2025-12-11 09:00:00,53,Silver,Payment,Chat,Incheon,99757,55,3,52,4.2,0,1.9,Medium
TK-260672,2025-10-23 03:00:00,30,Basic,Account,Phone,Seoul,45020,94,3,4,5.0,0,0.4,Low
TK-260673,2026-06-12 10:00:00,26,Basic,Delivery,Phone,Incheon,70423,63,0,41,2.7,1,13.5,Low
TK-260674,2026-01-24 13:00:00,24,Gold,Cancellation,Email,Daejeon,116230,83,4,85,3.5,0,6.5,High
TK-260675,2026-02-21 03:00:00,47,Basic,Cancellation,Phone,Seoul,35684,66,3,62,4.0,0,10.3,Low
TK-260676,2026-06-28 19:00:00,69,Silver,Technical,Phone,Daegu,102204,33,1,42,3.6,2,7.9,Medium
TK-260677,2025-07-24 12:00:00,25,Silver,Cancellation,App,Seoul,54226,82,2,75,4.4,0,10.0,Medium
TK-260678,2026-04-25 22:00:00,65,Silver,Cancellation,Chat,Daejeon,61401,55,3,12,2.4,0,1.7,High
TK-260679,2025-03-15 07:00:00,49,Basic,Payment,Chat,Seoul,34226,18,1,17,2.9,0,5.2,Medium
TK-260680,2026-02-24 20:00:00,26,VIP,Cancellation,Chat,Daegu,221904,36,6,88,4.2,4,7.7,High
TK-260681,2026-05-15 09:00:00,24,Basic,Payment,Phone,Busan,40830,24,0,46,4.0,0,6.2,Low
TK-260682,2026-04-24 09:00:00,76,Gold,Technical,Chat,Seoul,116584,89,5,87,3.2,0,2.8,Medium
TK-260683,2026-07-14 14:00:00,66,Basic,Technical,Chat,Seoul,62379,14,2,55,2.5,4,10.7,High
TK-260684,2026-05-12 23:00:00,43,Basic,Delivery,Chat,Daejeon,66812,5,6,43,3.5,3,14.3,Medium
TK-260685,2025-02-22 15:00:00,39,Silver,Technical,Chat,Busan,99537,18,0,49,2.7,1,8.9,Medium
TK-260686,2026-05-07 13:00:00,28,Gold,Delivery,Email,Daegu,141675,87,1,77,4.3,2,2.9,Medium
TK-260687,2025-04-18 12:00:00,67,Silver,Delivery,Email,Daejeon,94094,39,4,23,5.0,0,10.4,Low
TK-260688,2025-02-25 11:00:00,37,Silver,Technical,App,Daejeon,81295,2,6,52,4.4,2,4.9,Medium
TK-260689,2025-06-04 15:00:00,40,Basic,Delivery,Chat,Seoul,45167,61,7,52,4.3,0,6.9,Medium
TK-260690,2025-04-18 13:00:00,59,Gold,Delivery,Chat,Seoul,134153,70,3,63,3.9,1,4.7,Low
TK-260691,2025-02-17 17:00:00,28,Basic,Technical,App,Busan,54949,93,3,138,4.3,0,10.4,Medium
TK-260692,2025-04-22 10:00:00,54,Basic,Account,Chat,Seoul,69596,82,5,13,1.9,0,3.5,Low
TK-260693,2025-09-21 16:00:00,67,VIP,Payment,Email,Incheon,210898,28,4,91,1.8,3,4.3,High
TK-260694,2026-02-28 06:00:00,45,Gold,Delivery,Email,Incheon,142602,86,1,56,4.2,0,8.1,Medium
TK-260695,2025-11-04 22:00:00,27,Basic,Payment,Chat,Daejeon,32165,73,3,20,2.9,0,3.4,Medium
TK-260696,2025-12-19 05:00:00,71,Silver,Account,Phone,Seoul,67775,81,4,17,4.8,0,6.0,Low
TK-260697,2025-10-31 22:00:00,35,Silver,Payment,Phone,Daegu,71302,66,2,47,3.3,0,7.5,Low
TK-260698,2026-06-24 20:00:00,20,Basic,Delivery,Phone,Busan,44901,20,3,85,3.0,1,2.6,Medium
TK-260699,2025-09-06 05:00:00,69,Basic,Delivery,Chat,Seoul,30925,13,1,50,2.7,0,7.5,Medium
TK-260700,2026-01-26 13:00:00,35,Silver,Account,App,Seoul,82326,69,1,77,3.6,1,6.0,Low
TK-260701,2025-01-06 15:00:00,67,Basic,Technical,Chat,Daejeon,58363,81,3,113,3.3,2,5.3,Medium
TK-260702,2025-12-12 04:00:00,18,Basic,Technical,App,Busan,29337,3,1,89,4.5,0,4.2,Medium
TK-260703,2025-04-21 13:00:00,69,Gold,Technical,Chat,Seoul,138554,6,4,76,2.2,0,1.5,Medium
TK-260704,2025-03-11 15:00:00,68,Basic,Cancellation,Phone,Busan,72367,33,2,178,4.4,0,10.8,Medium
TK-260705,2025-07-28 18:00:00,66,Silver,Cancellation,Phone,Incheon,67031,25,1,93,4.0,0,2.6,Medium
TK-260706,2026-03-22 19:00:00,19,Gold,Payment,Email,Seoul,123527,66,0,38,2.2,0,5.6,Medium
TK-260707,2025-06-30 08:00:00,61,Silver,Payment,Phone,Daegu,87367,93,4,61,1.5,1,5.1,Medium
TK-260708,2026-02-03 20:00:00,73,Silver,Technical,App,Seoul,96139,63,2,69,3.0,0,6.4,Low
TK-260709,2025-09-14 13:00:00,59,Silver,Delivery,Chat,Daegu,58201,32,0,58,3.6,0,6.2,Low
TK-260710,2025-08-06 19:00:00,70,Silver,Technical,Phone,Seoul,54660,4,5,45,5.0,0,3.2,Low
TK-260711,2025-10-19 19:00:00,65,Basic,Payment,Email,Daegu,54836,27,2,76,3.6,0,7.7,Medium
TK-260712,2025-09-26 08:00:00,19,Basic,Technical,Phone,Seoul,23145,22,8,65,5.0,1,8.5,Medium
TK-260713,2025-07-04 22:00:00,19,Basic,Payment,Chat,Daegu,64096,34,0,87,4.3,0,5.1,Medium
TK-260714,2026-05-29 11:00:00,44,Silver,Cancellation,Chat,Daegu,55571,91,3,129,4.2,0,17.2,Medium
TK-260715,2025-03-12 20:00:00,39,Gold,Technical,Email,Daegu,149319,87,4,113,2.9,0,10.8,Medium
TK-260716,2025-07-29 08:00:00,53,Basic,Technical,App,Incheon,60456,74,6,54,4.4,2,5.3,Medium
TK-260717,2025-02-11 20:00:00,42,VIP,Technical,Chat,Seoul,242639,32,5,105,2.9,1,11.4,Medium
TK-260718,2025-03-12 12:00:00,25,Silver,Cancellation,Chat,Daejeon,59585,70,5,110,1.9,0,5.5,High
TK-260719,2026-07-03 18:00:00,56,Gold,Payment,Email,Seoul,108623,87,0,59,2.7,1,4.4,Medium
TK-260720,2025-02-19 13:00:00,49,VIP,Technical,Phone,Seoul,243615,8,3,61,2.7,0,2.6,Medium
TK-260721,2025-07-11 00:00:00,43,Gold,Payment,App,Seoul,124992,78,3,43,4.3,1,2.7,Medium
TK-260722,2025-02-03 16:00:00,43,Silver,Technical,Phone,Daejeon,63897,26,5,113,2.4,0,8.9,Low
TK-260723,2025-11-20 23:00:00,70,Basic,Delivery,Phone,Seoul,46173,74,4,33,4.2,0,9.4,Low
TK-260724,2026-04-18 10:00:00,70,Gold,Cancellation,Email,Busan,153595,89,5,86,3.4,0,2.6,Medium
TK-260725,2025-08-29 05:00:00,66,Basic,Delivery,Chat,Daegu,66220,89,3,2,3.9,0,5.3,Low
TK-260726,2026-04-30 20:00:00,41,Basic,Account,Chat,Incheon,44674,63,4,33,4.7,0,3.7,Low
TK-260727,2025-06-27 00:00:00,73,Basic,Technical,Email,Seoul,48221,41,3,77,3.6,0,4.1,High
TK-260728,2025-10-18 01:00:00,47,Silver,Cancellation,Phone,Busan,102580,72,0,113,2.8,1,9.0,High
TK-260729,2025-02-20 02:00:00,41,Basic,Account,Chat,Daegu,30719,87,0,2,3.3,2,5.1,Low
TK-260730,2026-03-15 11:00:00,27,VIP,Payment,Chat,Daegu,199359,54,4,16,2.4,1,5.3,Medium
TK-260731,2026-05-16 00:00:00,38,VIP,Technical,Email,Daegu,206686,79,6,59,4.3,0,3.0,Low
TK-260732,2026-05-03 14:00:00,55,Silver,Technical,Email,Seoul,99503,45,4,105,4.4,1,6.6,Medium
TK-260733,2025-03-24 14:00:00,57,Gold,Payment,Phone,Seoul,131265,24,0,97,3.3,0,3.8,Medium
TK-260734,2025-05-24 23:00:00,55,Silver,Delivery,Email,Busan,83891,86,3,16,3.0,0,3.0,Low
TK-260735,2026-02-19 07:00:00,48,Gold,Account,Chat,Incheon,146382,35,6,81,3.7,0,8.7,Low
TK-260736,2025-10-28 09:00:00,53,Silver,Technical,App,Seoul,82811,35,6,39,4.1,0,8.9,Medium
TK-260737,2026-05-12 19:00:00,18,Basic,Technical,Chat,Incheon,45123,62,9,138,4.8,0,5.9,Low
TK-260738,2025-02-21 09:00:00,58,Silver,Technical,Chat,Seoul,66597,82,3,46,2.7,2,1.9,Medium
TK-260739,2026-06-13 02:00:00,55,Gold,Delivery,Chat,Seoul,117629,1,0,84,4.2,1,3.0,Low
TK-260740,2025-08-19 02:00:00,19,VIP,Cancellation,Email,Seoul,236448,11,0,100,3.1,1,3.9,High
TK-260741,2025-06-14 16:00:00,69,Basic,Account,App,Busan,25002,4,4,68,4.1,0,7.4,Medium
TK-260742,2025-11-08 01:00:00,71,Gold,Technical,App,Busan,143956,94,5,99,5.0,2,7.7,Medium
TK-260743,2025-04-12 02:00:00,72,Silver,Delivery,App,Incheon,95599,16,3,55,3.3,0,4.2,Medium
TK-260744,2026-05-12 17:00:00,43,Gold,Delivery,App,Incheon,134996,84,2,73,4.4,1,10.2,Medium
TK-260745,2026-05-25 11:00:00,42,Basic,Payment,App,Daejeon,45334,78,1,19,4.3,0,7.5,Low
TK-260746,2025-08-17 03:00:00,59,Silver,Payment,Chat,Busan,100425,1,4,49,3.6,0,5.5,High
TK-260747,2025-08-01 08:00:00,29,Basic,Technical,Email,Incheon,72147,88,6,98,3.5,0,4.9,Medium
TK-260748,2025-10-08 01:00:00,31,Silver,Account,Email,Seoul,87800,48,2,33,3.1,0,2.8,Medium
TK-260749,2025-08-19 12:00:00,47,Basic,Account,Email,Seoul,,92,3,44,3.4,0,3.9,Medium
TK-260750,2026-01-05 11:00:00,38,VIP,Payment,App,Seoul,195537,61,9,71,3.3,0,4.6,Medium
TK-260751,2026-05-10 20:00:00,24,Basic,Delivery,Email,Busan,22940,26,5,11,3.2,0,7.0,Medium
TK-260752,2025-03-23 12:00:00,50,Basic,Delivery,Chat,Seoul,53400,6,0,61,2.6,4,3.5,Medium
TK-260753,2025-03-28 07:00:00,31,Basic,Payment,Chat,Busan,28863,54,0,49,4.2,0,5.5,Medium
TK-260754,2026-06-04 13:00:00,57,Silver,Account,Email,Seoul,106040,81,1,65,4.3,0,4.9,Medium
TK-260755,2025-11-23 16:00:00,27,Silver,Delivery,App,Daegu,66280,2,6,56,2.1,2,3.0,High
TK-260756,2025-09-12 06:00:00,38,Basic,Technical,Chat,Seoul,54003,19,1,49,2.2,0,9.0,Medium
TK-260757,2025-01-23 23:00:00,38,Silver,Technical,Email,Incheon,65617,28,4,54,2.9,1,10.0,Medium
TK-260758,2026-06-13 09:00:00,20,Silver,Cancellation,,Seoul,85241,66,6,89,3.5,0,8.6,Medium
TK-260759,2025-08-18 11:00:00,65,Basic,Cancellation,Chat,Daegu,42024,75,2,113,4.9,1,9.8,Low
TK-260760,2026-01-15 06:00:00,32,Basic,Payment,Email,Seoul,50553,56,0,71,5.0,0,5.6,Medium
TK-260761,2025-12-28 12:00:00,60,Basic,Account,Chat,Incheon,54225,30,1,33,3.3,0,11.8,High
TK-260762,2025-12-07 00:00:00,61,Basic,Delivery,Chat,Busan,51044,75,4,67,3.7,0,3.0,Medium
TK-260763,2026-03-01 00:00:00,23,Gold,Payment,Chat,Seoul,157034,42,4,41,1.2,1,3.6,Medium
TK-260764,2025-08-14 20:00:00,42,VIP,Technical,App,Daegu,193153,80,6,160,3.1,0,3.9,Medium
TK-260765,2025-10-27 00:00:00,69,Basic,Payment,Email,Incheon,52026,47,1,25,3.7,0,5.9,Medium
TK-260766,2025-08-27 16:00:00,73,Gold,Technical,Phone,Seoul,146928,12,4,46,4.9,1,8.5,Medium
TK-260767,2025-11-26 04:00:00,62,Basic,Technical,App,Busan,55853,45,4,119,3.3,2,10.4,High
TK-260768,2026-07-15 13:00:00,19,Silver,Technical,Chat,Daegu,54166,14,9,40,4.6,1,4.1,Low
TK-260769,2025-08-03 00:00:00,40,Silver,Delivery,Phone,Incheon,78904,62,2,45,1.9,1,14.2,High
TK-260770,2025-08-17 06:00:00,43,Gold,Cancellation,Phone,Seoul,140195,25,1,127,3.1,0,7.7,Low
TK-260771,2025-10-03 22:00:00,66,Basic,Technical,Phone,Daegu,43076,19,5,99,3.4,0,7.7,Low
TK-260772,2025-03-16 02:00:00,35,VIP,Payment,Phone,Busan,234443,52,0,13,,0,11.0,High
TK-260773,2025-08-04 06:00:00,36,VIP,Technical,Chat,Busan,204697,75,4,89,3.0,0,5.9,Low
TK-260774,2025-01-02 10:00:00,32,Basic,Cancellation,Phone,Incheon,48991,24,4,16,5.0,0,5.0,High
TK-260775,2025-03-12 06:00:00,21,Silver,Cancellation,Chat,Seoul,104639,70,3,12,2.4,1,1.5,Medium
TK-260776,2025-12-10 09:00:00,56,Basic,Account,Chat,Busan,67919,29,6,2,3.2,2,12.1,Medium
TK-260777,2025-03-02 18:00:00,57,Basic,Cancellation,Phone,Incheon,49224,80,3,37,4.1,0,3.6,Low
TK-260778,2025-01-29 19:00:00,75,Basic,Technical,App,Seoul,60662,36,9,62,4.0,0,5.9,Low
TK-260779,2026-05-20 19:00:00,21,Gold,Delivery,Chat,Daejeon,147055,58,8,80,2.8,1,7.0,Medium
TK-260780,2025-10-31 17:00:00,52,Basic,Delivery,Email,Daejeon,45906,21,0,32,3.3,1,6.0,Medium
TK-260781,2025-09-27 22:00:00,65,Basic,Account,Phone,Seoul,54203,15,0,40,4.4,0,1.9,Low
TK-260782,2025-08-08 13:00:00,76,Silver,Delivery,Phone,Incheon,63900,51,1,23,3.0,0,5.1,Medium
TK-260783,2025-01-27 21:00:00,36,Basic,Account,Chat,Seoul,48154,40,3,53,5.0,2,6.7,Low
TK-260784,2025-09-12 21:00:00,65,Gold,Account,Chat,Incheon,124016,23,0,72,3.3,1,8.4,Medium
TK-260785,2025-11-30 03:00:00,75,Basic,Payment,Phone,Busan,34390,57,3,69,3.7,0,2.6,Low
TK-260786,2026-05-23 03:00:00,63,Gold,Delivery,Chat,Incheon,154690,85,6,18,2.2,0,11.0,Low
TK-260787,2026-02-04 22:00:00,76,Gold,Payment,Chat,Incheon,136707,81,5,15,4.4,0,8.0,Low
TK-260788,2025-10-24 17:00:00,38,Basic,Payment,Phone,Seoul,68235,95,0,99,3.8,0,5.3,Low
TK-260789,2025-06-04 04:00:00,76,VIP,Account,Chat,Incheon,243780,4,2,87,1.6,1,4.1,High
TK-260790,2025-02-05 18:00:00,33,Silver,Delivery,Chat,Incheon,82797,62,0,44,4.0,0,3.9,Medium
TK-260791,2025-10-24 21:00:00,74,Basic,Technical,App,Incheon,23411,58,4,28,3.2,0,4.8,Medium
TK-260792,2025-11-23 18:00:00,25,Silver,Technical,App,Seoul,99019,70,3,76,4.4,0,9.9,Low
TK-260793,2026-06-11 06:00:00,47,Silver,Account,App,Seoul,86963,46,3,75,2.7,1,3.1,Medium
TK-260794,2026-06-19 01:00:00,71,Silver,Cancellation,Chat,Incheon,96420,63,5,58,4.4,0,6.5,Medium
TK-260795,2025-08-09 19:00:00,73,Silver,Technical,Phone,Incheon,98687,21,0,82,4.5,1,4.6,Medium
TK-260796,2025-08-22 17:00:00,72,Silver,Cancellation,Email,Incheon,64846,77,5,130,4.6,3,14.1,High
TK-260797,2025-02-28 16:00:00,18,Gold,Technical,App,Incheon,140612,24,5,100,,0,8.7,Low
TK-260798,2026-03-24 14:00:00,45,Silver,Cancellation,Chat,Busan,100825,36,5,132,2.5,2,7.1,Low
TK-260799,2025-08-31 19:00:00,32,Basic,Account,Chat,Incheon,68265,76,5,39,3.2,1,3.9,Low
TK-260800,2026-03-02 15:00:00,56,Gold,Payment,Chat,Busan,121929,77,6,77,2.2,1,3.6,Medium
TK-260801,2025-11-14 04:00:00,22,Basic,Payment,Email,Seoul,46133,8,8,20,3.6,0,1.6,Medium
TK-260802,2025-03-16 09:00:00,46,Basic,Delivery,Chat,Seoul,27518,29,8,21,2.6,1,1.5,Medium
TK-260803,2025-12-27 10:00:00,33,Silver,Delivery,Email,Busan,101589,72,4,31,3.1,0,3.3,Low
TK-260804,2025-06-21 09:00:00,68,Gold,Cancellation,Phone,Busan,114756,57,0,110,4.6,0,4.3,Medium
TK-260805,2026-04-17 03:00:00,54,VIP,Technical,Chat,Busan,209789,83,4,98,2.6,0,12.3,Low
TK-260806,2025-10-22 19:00:00,46,Gold,Delivery,Phone,Busan,110019,96,5,39,5.0,0,3.0,Medium
TK-260807,2026-05-23 06:00:00,48,Basic,Technical,Phone,Daejeon,32293,29,7,90,3.8,0,14.0,Low
TK-260808,2025-08-19 22:00:00,53,Silver,Technical,App,Incheon,58885,75,5,86,2.8,0,9.8,Medium
TK-260809,2025-06-30 18:00:00,41,Silver,Delivery,Email,Seoul,,8,4,105,2.4,0,13.6,Medium
TK-260810,2025-05-08 03:00:00,70,Gold,Payment,Phone,Busan,147291,29,1,66,3.6,0,5.8,Medium
TK-260811,2026-07-18 20:00:00,57,Basic,Account,Phone,Daejeon,43265,56,4,33,4.0,0,3.3,Low
TK-260812,2026-02-13 15:00:00,71,Basic,Account,Chat,Seoul,27574,43,4,46,4.7,0,8.7,High
TK-260813,2026-07-14 22:00:00,68,Gold,Cancellation,Email,Seoul,125923,33,8,101,4.0,0,6.0,High
TK-260814,2025-05-29 18:00:00,50,Gold,Cancellation,Chat,Incheon,145768,94,5,120,2.3,0,8.2,High
TK-260815,2026-06-07 07:00:00,55,VIP,Technical,Phone,Busan,216564,24,3,84,4.4,0,5.6,Medium
TK-260816,2026-02-04 12:00:00,22,Silver,Payment,Chat,Seoul,92889,51,3,22,4.2,0,1.8,Medium
TK-260817,2025-06-07 17:00:00,54,VIP,Technical,App,Daegu,227617,45,0,49,3.5,0,5.1,Low
TK-260818,2025-07-23 23:00:00,42,Gold,Technical,Chat,Seoul,107412,15,3,107,2.3,0,5.7,High
TK-260819,2026-04-28 19:00:00,58,Basic,Technical,Phone,Seoul,44263,26,4,77,3.9,3,10.8,Medium
TK-260820,2025-07-06 06:00:00,41,Silver,Payment,App,Seoul,100318,46,3,8,3.6,1,8.0,Low
TK-260821,2026-07-18 00:00:00,22,Silver,Payment,Chat,Daegu,90865,63,0,77,3.3,2,6.5,Medium
TK-260822,2025-09-21 20:00:00,76,Silver,Account,App,Seoul,86443,47,4,51,,1,2.9,High
TK-260823,2025-02-19 22:00:00,21,VIP,Technical,Chat,Seoul,235379,69,0,68,2.0,1,8.6,Medium
TK-260824,2025-10-13 14:00:00,41,Silver,Payment,Email,Seoul,82819,94,5,54,,0,1.7,Medium
TK-260825,2025-05-22 00:00:00,29,Silver,Delivery,Phone,Seoul,100517,44,2,67,1.7,3,5.8,High
TK-260826,2026-05-07 02:00:00,66,Gold,Cancellation,Chat,Daejeon,109883,13,8,111,3.4,0,4.5,Low
TK-260827,2026-01-08 12:00:00,45,Basic,Account,App,Daegu,53172,32,5,24,3.4,1,6.3,High
TK-260828,2026-07-19 08:00:00,37,Basic,Account,Chat,Busan,63973,28,4,57,3.4,0,2.9,Medium
TK-260829,2026-04-13 15:00:00,60,Gold,Delivery,Phone,Seoul,149720,47,0,15,5.0,0,9.9,Low
TK-260830,2026-04-11 20:00:00,32,Silver,Technical,Chat,Busan,67206,61,2,135,3.6,0,5.0,High
TK-260831,2025-05-24 09:00:00,21,Silver,Delivery,Email,Busan,68621,13,3,31,3.1,0,4.7,Medium
TK-260832,2026-06-08 01:00:00,31,Silver,Account,Chat,Seoul,83307,35,3,68,4.2,2,7.7,Medium
TK-260833,2026-07-25 16:00:00,46,Basic,Technical,Email,Daegu,32619,93,0,104,4.3,2,3.9,Medium
TK-260834,2025-09-14 10:00:00,70,Basic,Delivery,App,Seoul,57921,87,8,44,3.7,0,3.7,Medium
TK-260835,2025-11-30 06:00:00,48,Basic,Technical,Phone,Seoul,71178,42,8,126,3.4,4,6.0,High
TK-260836,2026-01-17 21:00:00,34,Basic,Technical,Email,Busan,52853,67,3,115,3.2,0,4.5,High
TK-260837,2026-05-10 23:00:00,67,Silver,Account,Chat,Busan,91683,46,2,16,2.3,3,4.7,High
TK-260838,2025-02-21 03:00:00,35,Silver,Delivery,App,Incheon,95790,77,2,43,2.6,2,16.8,Medium
TK-260839,2025-09-01 15:00:00,59,Silver,Account,Phone,Seoul,84918,85,0,69,4.7,1,12.4,Medium
TK-260840,2026-01-27 20:00:00,35,Basic,Cancellation,Phone,Daegu,41782,90,2,104,3.7,0,11.0,Medium
TK-260841,2025-08-15 23:00:00,27,Silver,Cancellation,Email,Incheon,71210,39,0,110,3.7,1,33.9,High
TK-260842,2026-07-07 01:00:00,67,Basic,Account,Chat,Seoul,48298,60,1,20,3.0,0,3.3,Medium
TK-260843,2025-11-17 12:00:00,76,Basic,Delivery,Chat,Daejeon,44219,76,0,620,3.7,0,7.7,Medium
TK-260844,2025-11-12 11:00:00,36,Basic,Account,Chat,Busan,54219,65,6,73,5.0,0,4.5,Medium
TK-260845,2025-07-10 19:00:00,36,Basic,Account,Email,Seoul,30150,73,8,76,3.1,0,2.1,Medium
TK-260846,2026-06-15 07:00:00,69,VIP,Account,Email,Busan,211829,41,3,94,3.5,1,2.6,Low
TK-260847,2025-08-02 16:00:00,67,Silver,Delivery,Chat,Seoul,81896,94,3,12,3.5,2,3.8,Medium
TK-260848,2025-03-31 20:00:00,25,Silver,Cancellation,App,Daegu,88062,54,9,56,4.5,0,3.2,Medium
TK-260849,2025-01-04 08:00:00,69,Basic,Cancellation,Chat,Busan,46646,29,3,77,4.2,0,7.3,Medium
TK-260850,2025-11-19 19:00:00,34,Basic,Account,Email,Incheon,71649,37,0,68,3.2,4,8.8,Medium
TK-260851,2025-11-16 00:00:00,70,Gold,Technical,App,Daejeon,153866,15,4,88,4.0,0,3.9,Medium
TK-260852,2025-10-26 03:00:00,62,Basic,Technical,Chat,Incheon,70926,72,7,100,3.4,0,3.7,Medium
TK-260853,2025-02-28 07:00:00,52,Gold,Technical,Chat,Seoul,113468,1,8,89,3.0,2,10.1,Medium
TK-260854,2026-05-19 03:00:00,42,Silver,Technical,Chat,Seoul,104116,28,2,62,3.6,0,5.5,Low
TK-260855,2025-09-09 21:00:00,61,Silver,Technical,Chat,Busan,91054,96,4,93,3.8,4,6.0,Medium
TK-260856,2026-01-01 19:00:00,73,Silver,Delivery,Chat,Daejeon,99324,49,2,51,2.9,0,11.4,Medium
TK-260857,2026-06-04 01:00:00,72,Silver,Technical,Chat,Incheon,91884,48,3,43,3.8,0,8.7,Medium
TK-260858,2026-02-03 18:00:00,52,Silver,Payment,Phone,Daejeon,84219,81,4,20,4.2,0,6.5,Medium
TK-260859,2025-07-02 19:00:00,36,Basic,Delivery,Email,Daegu,36558,33,4,14,3.0,0,1.0,Medium
TK-260860,2026-01-07 12:00:00,69,Silver,Technical,Email,Daegu,56250,14,4,148,4.0,2,10.2,Medium
TK-260861,2025-05-12 02:00:00,19,Gold,Technical,Email,Seoul,113978,46,6,54,5.0,0,9.7,Low
TK-260862,2025-07-04 17:00:00,19,Basic,Technical,Chat,Seoul,53386,25,5,52,4.2,0,2.0,Medium
TK-260863,2025-07-08 16:00:00,44,Gold,Delivery,Email,Seoul,114154,60,0,21,3.6,4,3.8,Low
TK-260864,2026-03-18 23:00:00,19,Gold,Delivery,App,Seoul,141145,85,2,74,4.5,0,10.7,Medium
TK-260865,2025-05-27 09:00:00,40,Basic,Delivery,App,Busan,66701,12,7,21,2.5,2,10.6,Medium
TK-260866,2025-02-07 22:00:00,57,Basic,Delivery,Phone,Seoul,54129,57,2,34,4.2,0,12.5,Low
TK-260867,2025-04-03 20:00:00,59,Silver,Cancellation,App,Seoul,100401,67,6,113,3.2,0,5.6,High
TK-260868,2026-07-07 13:00:00,29,Gold,Technical,Email,Seoul,126684,46,6,163,3.2,1,9.9,Medium
TK-260869,2025-12-01 01:00:00,63,Basic,Technical,Email,Busan,61484,4,4,81,3.4,0,6.5,Medium
TK-260870,2025-08-10 22:00:00,48,Silver,Delivery,Chat,Busan,72529,51,6,35,4.6,1,3.1,Medium
TK-260871,2026-06-18 00:00:00,30,Gold,Technical,App,Daegu,125381,64,0,75,2.2,0,3.8,Low
TK-260872,2025-02-18 12:00:00,64,Basic,Technical,Email,Incheon,71919,77,0,109,4.3,3,3.2,Low
TK-260873,2025-11-28 15:00:00,24,Gold,Payment,Phone,Busan,128755,73,9,26,4.9,0,5.9,Medium
TK-260874,2025-12-06 03:00:00,71,VIP,Delivery,Email,Busan,221723,45,2,62,3.8,1,8.5,Medium
TK-260875,2026-06-06 10:00:00,65,Basic,Account,Phone,Busan,65602,60,3,60,3.0,1,4.9,Low
TK-260876,2026-07-17 01:00:00,25,Basic,Cancellation,Chat,Daejeon,65866,18,8,67,3.9,1,4.6,Low
TK-260877,2025-04-30 09:00:00,75,Silver,Delivery,Phone,Seoul,86806,67,4,67,2.1,0,8.4,Medium
TK-260878,2026-02-07 20:00:00,53,Basic,Cancellation,Email,Daegu,58673,74,4,73,3.5,1,5.6,High
TK-260879,2025-06-25 06:00:00,61,Gold,Delivery,Chat,Seoul,133760,4,3,42,2.2,1,3.1,High
TK-260880,2025-11-23 17:00:00,62,Gold,Technical,Chat,Seoul,126377,58,4,78,4.2,0,7.2,Medium
TK-260881,2025-12-30 13:00:00,27,Basic,Payment,Phone,Incheon,56181,53,7,60,4.3,0,1.4,Medium
TK-260882,2026-07-10 23:00:00,54,Gold,Cancellation,Email,Incheon,153093,85,7,77,3.7,1,6.1,Medium
TK-260883,2026-07-04 11:00:00,18,Silver,Technical,Email,Incheon,87042,17,3,80,4.1,0,3.5,Medium
TK-260884,2025-11-01 19:00:00,49,Silver,Payment,Chat,Incheon,102074,52,4,59,3.9,0,3.4,Medium
TK-260885,2025-06-22 15:00:00,66,Silver,Payment,Email,Daegu,65649,3,8,5,3.6,0,4.3,High
TK-260886,2025-07-22 16:00:00,33,Gold,Payment,Email,Seoul,120104,95,8,50,4.5,0,4.4,Medium
TK-260887,2026-06-04 12:00:00,38,Basic,Account,Phone,Incheon,43290,90,3,39,1.4,2,13.5,Low
TK-260888,2025-07-04 04:00:00,37,Basic,Cancellation,Email,Daegu,25178,83,0,117,5.0,0,9.1,Low
TK-260889,2025-01-17 20:00:00,75,Silver,Cancellation,Email,Seoul,100226,53,6,92,3.3,0,8.2,Medium
TK-260890,2026-03-06 03:00:00,49,VIP,Technical,Chat,Daegu,222169,39,1,83,3.5,0,3.0,Low
TK-260891,2025-02-17 06:00:00,59,VIP,Payment,Chat,Seoul,200147,23,5,66,4.1,0,5.5,Medium
TK-260892,2025-05-30 15:00:00,68,Gold,Account,App,Daegu,121124,8,0,41,,4,3.7,High
TK-260893,2025-03-22 11:00:00,45,Gold,Delivery,App,Busan,153436,2,8,58,3.4,0,9.2,Medium
TK-260894,2025-05-04 17:00:00,69,Basic,Technical,App,Incheon,40199,50,6,86,4.1,1,3.7,Medium
TK-260895,2025-01-19 08:00:00,69,Basic,Payment,App,Incheon,32817,34,5,2,2.8,0,9.6,Medium
TK-260896,2025-09-16 09:00:00,41,Silver,Payment,Phone,Busan,88512,83,2,24,2.4,0,8.5,Low
TK-260897,2026-07-03 06:00:00,26,Silver,Technical,Email,Daegu,82932,77,3,57,4.6,0,6.6,Medium
TK-260898,2026-04-27 02:00:00,61,Gold,Delivery,Phone,Busan,142620,29,7,48,4.1,0,2.8,Medium
TK-260899,2025-11-08 17:00:00,20,Silver,Payment,Phone,Seoul,66237,53,4,39,5.0,0,4.1,Medium
TK-260900,2026-01-28 09:00:00,54,Basic,Delivery,Chat,Seoul,24579,44,5,9,2.1,0,0.8,Medium
TK-260901,2026-07-11 01:00:00,57,Basic,Cancellation,App,Seoul,61952,26,4,38,3.3,0,5.2,Low
TK-260902,2025-12-02 04:00:00,36,Silver,Technical,Phone,Busan,92629,52,0,101,2.4,0,10.8,Low
TK-260903,2025-03-02 17:00:00,27,Silver,Delivery,Chat,Seoul,69913,26,5,2,2.0,0,2.3,Medium
TK-260904,2025-03-09 23:00:00,68,Silver,Account,Chat,Seoul,59668,33,0,63,1.7,1,5.2,Medium
TK-260905,2025-04-19 14:00:00,25,Silver,Account,Email,Daegu,106097,48,3,34,3.3,1,2.3,Medium
TK-260906,2025-09-07 22:00:00,67,Gold,Cancellation,Email,Seoul,156033,73,5,93,2.6,0,13.4,Medium
TK-260907,2025-01-25 08:00:00,35,Silver,Technical,Phone,Seoul,99104,36,0,44,4.7,0,7.3,Medium
TK-260908,2025-05-27 01:00:00,56,Gold,Account,Chat,Incheon,109428,77,6,2,4.9,1,3.4,Medium
TK-260909,2025-08-18 17:00:00,38,Silver,Payment,Chat,Busan,106985,17,4,93,2.4,0,7.1,Medium
TK-260910,2026-02-14 14:00:00,19,Basic,Payment,Email,Seoul,70741,53,5,120,4.8,0,5.3,Low
TK-260911,2025-11-13 02:00:00,47,Silver,Payment,Chat,Daegu,70757,7,1,23,4.0,0,5.9,Low
TK-260912,2025-07-28 09:00:00,27,Silver,Technical,Email,Seoul,91536,96,6,29,3.6,3,7.5,High
TK-260913,2025-10-20 22:00:00,56,Basic,Technical,Phone,Busan,45573,58,3,52,3.2,0,10.2,Low
TK-260914,2025-05-05 20:00:00,38,VIP,Payment,Phone,Seoul,236032,12,0,51,2.9,1,5.9,Low
TK-260915,2026-05-08 10:00:00,71,Gold,Delivery,Chat,Seoul,146979,1,0,54,4.4,0,7.7,Medium
TK-260916,2025-09-19 21:00:00,36,Basic,Technical,Email,Incheon,56395,75,0,41,3.2,0,8.5,Low
TK-260917,2025-09-08 07:00:00,52,Gold,Technical,Phone,Busan,136934,66,0,90,3.8,3,4.1,High
TK-260918,2025-06-30 16:00:00,64,Basic,Account,Chat,Busan,64895,85,0,29,2.5,0,10.5,Medium
TK-260919,2026-05-08 08:00:00,66,Basic,Delivery,App,Seoul,28415,59,7,14,3.2,0,5.7,Low
TK-260920,2025-06-10 21:00:00,28,Silver,Cancellation,Phone,Incheon,75761,96,0,117,3.2,0,5.2,Medium
TK-260921,2026-02-10 08:00:00,54,Gold,Payment,App,Daejeon,134271,29,3,28,4.6,0,1.9,Medium
TK-260922,2025-10-11 08:00:00,29,Basic,Technical,Email,Daegu,43225,59,1,70,4.2,0,8.4,Medium
TK-260923,2026-06-28 18:00:00,74,Silver,Technical,Phone,Incheon,95784,67,9,98,4.2,0,4.5,Medium
TK-260924,2025-07-11 11:00:00,57,Basic,Delivery,Chat,Daejeon,66663,16,8,85,,0,4.7,Medium
TK-260925,2026-04-24 23:00:00,53,Basic,Technical,Email,Seoul,52520,50,4,54,3.9,0,3.5,Low
TK-260926,2026-01-30 11:00:00,37,Silver,Cancellation,Email,Seoul,90301,59,2,190,4.5,1,6.7,High
TK-260927,2025-01-06 06:00:00,44,Basic,Technical,Chat,Seoul,35285,92,0,33,2.1,0,2.0,Low
TK-260928,2026-05-22 21:00:00,21,Basic,Delivery,Email,Busan,30587,51,3,66,4.5,0,4.3,Low
TK-260929,2026-05-29 04:00:00,26,Silver,Technical,App,Busan,55324,46,7,57,4.2,1,8.0,Low
TK-260930,2026-06-11 21:00:00,68,Basic,Technical,Phone,Busan,66304,68,6,81,2.0,1,5.5,High
TK-260931,2025-12-23 13:00:00,54,Silver,Technical,Chat,Seoul,85570,32,2,66,,0,5.2,Medium
TK-260932,2026-05-20 21:00:00,21,Silver,Account,App,Daejeon,72447,3,3,39,2.5,0,9.7,Medium
TK-260933,2026-06-15 14:00:00,70,Silver,Technical,Phone,Seoul,81134,64,3,126,2.6,0,3.5,Medium
TK-260934,2025-07-22 19:00:00,50,Basic,Cancellation,,Daejeon,57913,78,5,69,3.9,3,10.3,Medium
TK-260935,2026-01-15 21:00:00,38,Silver,Payment,Chat,Incheon,57744,8,5,81,2.7,1,11.1,Medium
TK-260936,2025-05-14 06:00:00,24,Basic,Technical,Chat,Daejeon,65043,38,1,88,2.7,0,6.1,Medium
TK-260937,2025-09-18 01:00:00,53,Gold,Technical,Chat,Seoul,134387,82,0,88,3.7,0,6.1,Medium
TK-260938,2026-06-09 12:00:00,34,Silver,Account,Phone,Seoul,82532,25,5,68,3.6,1,7.3,Medium
TK-260939,2025-04-21 00:00:00,27,Gold,Technical,Chat,Seoul,136090,74,0,66,3.5,0,2.3,Low
TK-260940,2026-05-15 04:00:00,33,Gold,Account,App,Seoul,143336,86,0,24,3.9,0,7.6,Low
TK-260941,2025-02-04 20:00:00,50,Silver,Payment,,Daejeon,106623,96,4,47,2.1,0,4.3,Medium
TK-260942,2026-07-23 22:00:00,53,Gold,Cancellation,App,Busan,143283,15,7,104,3.3,3,5.5,Medium
TK-260943,2025-08-16 10:00:00,45,VIP,Payment,Email,Seoul,234860,70,0,2,4.5,0,2.3,Medium
TK-260944,2025-08-11 23:00:00,40,Gold,Payment,Email,Incheon,123614,93,4,30,3.9,0,6.0,Medium
TK-260945,2025-11-13 21:00:00,21,Basic,Payment,Phone,Busan,57767,52,9,47,4.8,0,3.7,Medium
TK-260946,2025-03-02 09:00:00,72,Basic,Payment,App,Incheon,26637,57,4,64,3.0,1,9.5,Medium
TK-260947,2025-12-27 10:00:00,75,VIP,Delivery,Chat,Seoul,244201,88,7,2,2.3,0,10.4,High
TK-260948,2025-11-21 12:00:00,58,Basic,Delivery,Phone,Busan,36421,2,0,30,3.2,0,4.3,Medium
TK-260949,2025-12-09 04:00:00,36,Gold,Payment,App,Seoul,146128,88,4,32,4.1,1,3.3,Low
TK-260950,2025-09-25 16:00:00,42,Gold,Cancellation,App,Seoul,153886,29,8,83,3.1,0,6.8,Low
TK-260951,2025-09-27 22:00:00,51,Gold,Cancellation,Chat,Incheon,129799,25,0,59,2.6,3,1.7,Low
TK-260952,2025-05-28 14:00:00,56,Basic,Technical,Email,Daegu,46535,94,4,91,3.7,2,8.4,Medium
TK-260953,2025-07-03 00:00:00,73,VIP,Cancellation,Phone,Seoul,243756,93,2,92,2.5,0,11.4,Low
TK-260954,2025-06-27 06:00:00,30,Silver,Account,Phone,Seoul,80746,31,6,33,2.2,1,2.1,Medium
TK-260955,2025-04-23 08:00:00,33,Basic,Technical,Chat,Incheon,23067,17,4,72,4.1,2,3.5,Low
TK-260956,2026-06-28 10:00:00,19,Basic,Payment,Chat,Busan,50474,66,5,97,3.9,1,5.6,Medium
TK-260957,2025-10-10 16:00:00,53,Basic,Technical,Phone,Incheon,62152,87,6,83,4.5,0,5.4,Medium
TK-260958,2026-05-26 00:00:00,42,Gold,Delivery,Chat,Seoul,159164,94,0,82,3.6,0,7.6,Medium
TK-260959,2025-03-04 06:00:00,74,Basic,Technical,Phone,Busan,69872,92,1,62,3.9,2,8.9,Low
TK-260960,2025-04-10 04:00:00,66,Silver,Technical,App,Busan,97867,14,0,103,3.4,0,5.2,Medium
TK-260961,2025-11-21 23:00:00,70,Gold,Technical,App,Busan,136371,34,0,64,3.2,1,11.3,High
TK-260962,2025-05-19 14:00:00,20,Basic,Payment,Phone,Busan,48748,15,2,54,2.3,1,5.1,Low
TK-260963,2026-04-03 23:00:00,67,Silver,Technical,Chat,Incheon,104857,51,0,80,3.6,0,3.0,Medium
TK-260964,2026-02-26 04:00:00,29,Silver,Delivery,Chat,Daejeon,99786,21,4,47,4.9,1,6.4,Medium
TK-260965,2026-02-10 09:00:00,74,Gold,Payment,Email,Busan,153840,14,0,66,4.1,2,1.8,Medium
TK-260966,2025-12-01 23:00:00,57,Basic,Cancellation,Chat,Seoul,51737,41,0,80,3.2,1,1.7,Medium
TK-260967,2025-06-02 20:00:00,65,Silver,Payment,Email,Daegu,87940,95,4,18,4.3,0,3.3,Medium
TK-260968,2025-01-04 22:00:00,47,Basic,Technical,Chat,Seoul,25823,59,5,108,4.1,1,2.2,Medium
TK-260969,2026-06-10 23:00:00,73,Basic,Technical,Chat,Seoul,52443,41,3,149,2.8,2,11.7,High
TK-260970,2026-06-15 16:00:00,44,Basic,Payment,Email,Busan,51758,32,2,80,2.8,3,14.8,Medium
TK-260971,2025-12-01 06:00:00,59,Silver,Technical,Chat,Busan,102173,60,3,66,3.1,1,5.3,Medium
TK-260972,2025-01-21 23:00:00,70,Basic,Payment,App,Seoul,61653,79,3,74,4.4,0,8.2,Low
TK-260973,2025-12-16 14:00:00,37,Gold,Technical,Chat,Daejeon,117600,6,4,76,3.9,0,4.8,Medium
TK-260974,2026-06-02 07:00:00,27,Basic,Delivery,Phone,Seoul,53721,15,0,72,2.8,1,5.0,Low
TK-260975,2025-09-06 04:00:00,46,Gold,Payment,Phone,Seoul,125617,61,0,77,3.5,0,6.0,Low
TK-260976,2025-04-12 10:00:00,43,Silver,Account,Phone,Incheon,54207,88,6,70,3.8,0,3.0,Low
TK-260977,2025-12-02 22:00:00,61,VIP,Cancellation,Phone,Seoul,229044,15,0,73,4.5,0,4.8,Medium
TK-260978,2026-01-22 11:00:00,61,Basic,Payment,Email,Seoul,71191,94,1,111,4.3,1,8.5,Low
TK-260979,2025-12-13 17:00:00,69,Basic,Technical,Phone,Daejeon,32511,88,0,82,3.1,0,3.6,Medium
TK-260980,2025-03-07 02:00:00,25,Gold,Payment,Chat,Seoul,131729,75,5,23,4.0,0,7.3,Low
TK-260981,2025-06-07 13:00:00,68,Silver,Technical,Chat,Busan,88974,72,1,125,3.1,0,20.0,Low
TK-260982,2026-02-18 05:00:00,30,Gold,Payment,Email,Incheon,121499,50,1,36,4.5,0,4.1,Low
TK-260983,2026-06-02 15:00:00,72,Basic,Payment,Chat,Seoul,24472,39,1,92,3.9,1,3.8,Medium
TK-260984,2026-04-26 08:00:00,57,Silver,Cancellation,Email,Seoul,64215,69,1,124,2.2,0,11.6,Low
TK-260985,2025-06-20 20:00:00,60,Silver,Payment,Phone,Seoul,103267,3,2,85,3.3,0,2.6,Low
TK-260986,2025-03-11 13:00:00,70,Gold,Cancellation,Email,Daegu,138437,59,0,89,4.9,0,3.4,Medium
TK-260987,2025-04-17 22:00:00,64,Silver,Payment,Chat,Busan,75633,94,5,36,2.9,0,11.0,Low
TK-260988,2026-01-06 03:00:00,45,Silver,Technical,Chat,Busan,96085,51,6,132,3.0,0,9.9,Medium
TK-260989,2025-03-12 19:00:00,58,Silver,Cancellation,Email,Daejeon,65127,14,2,125,2.9,2,2.9,High
TK-260990,2026-03-19 07:00:00,41,Gold,Technical,App,Busan,137918,71,3,64,2.7,0,8.9,Medium
TK-260991,2026-05-25 11:00:00,35,Basic,Payment,Chat,Seoul,57920,89,2,53,3.2,4,13.1,Medium
TK-260992,2026-06-07 11:00:00,60,Silver,Account,Email,Daegu,85057,36,6,62,3.4,1,17.2,Low
TK-260993,2025-04-21 20:00:00,52,Gold,Payment,Phone,Seoul,132934,30,1,42,2.8,0,3.5,Medium
TK-260994,2026-02-18 08:00:00,21,Silver,Technical,Phone,Incheon,71165,18,5,95,4.4,1,2.8,Medium
TK-260995,2025-06-06 12:00:00,66,Silver,Technical,Phone,Daegu,99331,19,2,138,2.8,0,6.7,Medium
TK-260996,2026-06-03 05:00:00,52,Silver,Technical,App,Incheon,79039,35,4,16,3.8,0,8.2,Low
TK-260997,2026-05-06 11:00:00,19,Silver,Cancellation,App,Seoul,61366,15,5,125,4.1,0,4.2,Low
TK-260998,2026-06-01 20:00:00,60,Basic,Account,Chat,Daegu,47163,75,7,46,4.7,0,9.2,Medium
TK-260999,2026-04-17 12:00:00,55,Gold,Technical,Chat,Daegu,108885,19,1,97,2.7,0,6.0,High
TK-261000,2025-05-02 21:00:00,71,Basic,Technical,App,Seoul,27230,33,5,83,3.9,0,5.4,Low
TK-261001,2026-01-19 09:00:00,65,Gold,Payment,Email,Busan,125520,64,3,19,3.6,0,2.9,Medium
TK-261002,2025-03-22 09:00:00,64,Silver,Cancellation,App,Seoul,98383,78,6,61,3.5,0,5.3,Low
TK-261003,2025-05-06 02:00:00,54,Silver,Payment,App,Seoul,104464,16,5,71,3.0,0,10.1,Medium
TK-261004,2026-06-12 00:00:00,34,Basic,Account,Phone,Daegu,52322,25,3,93,4.0,3,8.0,Medium
TK-261005,2025-03-23 01:00:00,52,Silver,Payment,Chat,Seoul,93311,66,6,54,4.1,0,6.8,Medium
TK-261006,2026-03-10 00:00:00,71,Basic,Account,Chat,Seoul,71230,86,0,75,3.8,0,6.1,Low
TK-261007,2025-11-19 08:00:00,75,Basic,Account,App,Incheon,59236,55,0,93,4.0,2,5.9,High
TK-261008,2025-09-08 06:00:00,76,Basic,Delivery,App,Daegu,39886,68,2,93,4.6,0,15.4,Low
TK-261009,2026-04-27 11:00:00,62,VIP,Account,Chat,Incheon,220751,49,5,70,3.3,0,6.8,Medium
TK-261010,2025-10-19 03:00:00,76,Silver,Account,Chat,Daejeon,63620,15,8,96,2.4,2,5.8,Low
TK-261011,2026-05-05 22:00:00,33,VIP,Account,Chat,Incheon,193694,9,2,69,3.3,0,7.4,Low
TK-261012,2025-09-05 23:00:00,34,Basic,Payment,Phone,Daegu,64611,16,3,62,4.0,0,6.7,Low
TK-261013,2025-11-20 00:00:00,31,Basic,Payment,App,Busan,27239,91,4,48,2.4,0,3.2,High
TK-261014,2025-06-06 02:00:00,22,Basic,Cancellation,App,Daegu,36305,1,7,25,4.4,3,6.8,Medium
TK-261015,2025-03-06 20:00:00,52,Gold,Technical,Chat,Seoul,128448,44,4,68,5.0,1,3.3,Medium
TK-261016,2025-02-06 19:00:00,29,Basic,Account,Phone,Busan,47290,3,0,86,4.1,0,3.8,Medium
TK-261017,2025-08-20 15:00:00,69,Basic,Technical,Chat,Seoul,29989,86,0,54,4.7,0,8.1,Medium
TK-261018,2026-04-06 10:00:00,52,Basic,Technical,App,Seoul,70253,69,6,120,2.9,1,6.7,Medium
TK-261019,2025-10-26 11:00:00,23,Silver,Delivery,Phone,Seoul,106065,9,2,2,4.7,1,4.0,Medium
TK-261020,2025-07-25 14:00:00,23,Silver,Cancellation,Email,Seoul,61316,64,2,87,3.9,0,14.0,Medium
TK-261021,2025-07-15 17:00:00,73,Basic,Technical,Chat,Seoul,61598,73,0,73,2.6,0,4.6,Low
TK-261022,2025-08-05 20:00:00,43,Basic,Account,Email,Daegu,31095,19,6,61,3.5,0,12.6,Medium
TK-261023,2025-01-18 00:00:00,55,Silver,Account,Phone,Seoul,84485,81,0,85,3.5,4,4.1,High
TK-261024,2025-05-20 19:00:00,55,Silver,Account,App,Incheon,62445,48,0,75,3.4,0,4.8,Medium
TK-261025,2025-08-31 05:00:00,65,Basic,Technical,Email,Daegu,44530,85,2,82,3.6,0,7.2,Medium
TK-261026,2025-02-05 21:00:00,68,Basic,Delivery,Email,Incheon,25440,20,1,24,4.0,1,6.2,Low
TK-261027,2025-07-30 12:00:00,26,Silver,Payment,Email,Busan,98285,54,0,56,2.8,0,3.9,Medium
TK-261028,2025-12-02 02:00:00,36,Silver,Delivery,Chat,Incheon,84613,77,1,27,4.4,0,1.3,Medium
TK-261029,2026-07-25 05:00:00,75,Gold,Delivery,Chat,Daegu,135389,41,2,84,3.9,0,2.9,Medium
TK-261030,2025-05-01 20:00:00,43,Silver,Payment,App,Busan,63699,46,1,20,4.0,0,9.9,Medium
TK-261031,2025-04-21 23:00:00,35,Gold,Payment,Phone,Daegu,127831,30,1,60,3.6,0,3.0,Medium
TK-261032,2025-05-18 01:00:00,66,Silver,Delivery,Chat,Daejeon,55391,43,2,84,3.5,0,9.8,Medium
TK-261033,2025-04-25 10:00:00,67,Silver,Technical,Chat,Busan,,94,3,88,3.0,1,6.4,Low
TK-261034,2025-12-21 03:00:00,26,Silver,Payment,Email,Daegu,75446,58,11,73,3.7,0,4.1,Medium
TK-261035,2025-10-21 03:00:00,44,Basic,Delivery,Chat,Incheon,25449,25,0,80,3.6,1,4.4,Medium
TK-261036,2026-02-04 06:00:00,69,Gold,Cancellation,Chat,Busan,141478,54,0,105,2.7,1,4.6,Medium
TK-261037,2025-03-18 11:00:00,71,Basic,Technical,Chat,Daegu,40471,96,0,91,3.6,0,12.8,Medium
TK-261038,2026-01-14 10:00:00,57,Gold,Technical,Chat,Daegu,109946,83,3,89,5.0,0,7.0,Medium
TK-261039,2025-12-09 16:00:00,24,Silver,Account,Email,Busan,80739,27,5,44,3.6,0,7.1,Medium
TK-261040,2025-11-28 05:00:00,26,Gold,Technical,Phone,Busan,,70,0,71,4.7,0,4.8,Medium
TK-261041,2025-10-25 16:00:00,40,Basic,Account,Email,Seoul,64945,65,8,67,4.0,0,4.4,Medium
TK-261042,2025-09-02 03:00:00,66,VIP,Account,Phone,Daegu,226902,6,1,108,5.0,2,5.2,Low
TK-261043,2026-04-18 11:00:00,52,Gold,Technical,Phone,Daejeon,128755,88,9,78,3.2,0,9.2,Medium
TK-261044,2025-01-12 09:00:00,54,Silver,Technical,Email,Incheon,67465,55,1,86,2.7,0,6.6,Medium
TK-261045,2025-01-27 19:00:00,32,Basic,Account,Chat,Seoul,22198,54,2,71,3.2,0,10.9,Medium
TK-261046,2026-05-26 04:00:00,47,Silver,Delivery,Email,Seoul,68859,66,0,68,3.7,0,2.4,Medium
TK-261047,2025-09-17 15:00:00,18,Basic,Cancellation,Email,Incheon,71851,1,5,111,3.6,1,10.6,Medium
TK-261048,2026-03-15 08:00:00,20,Gold,Delivery,Email,Incheon,137170,48,1,21,3.3,0,3.2,Low
TK-261049,2025-02-09 06:00:00,39,Basic,Cancellation,Email,Seoul,44984,7,3,106,3.9,0,9.0,Medium
TK-261050,2025-11-22 12:00:00,35,Silver,Technical,Chat,Busan,84196,29,8,86,2.9,0,5.4,Low
TK-261051,2025-07-14 08:00:00,65,Basic,Account,Phone,Seoul,46349,87,8,23,4.4,3,2.4,Medium
TK-261052,2025-05-17 03:00:00,58,Gold,Technical,App,Busan,136317,73,0,69,3.0,0,12.2,High
TK-261053,2025-08-20 04:00:00,32,Gold,Payment,Chat,Seoul,142539,11,1,57,4.7,0,13.7,Low
TK-261054,2025-06-01 07:00:00,51,Silver,Technical,Phone,Daejeon,83367,60,1,97,3.7,0,2.1,High
TK-261055,2026-06-18 07:00:00,72,VIP,Payment,Chat,Seoul,215091,54,0,51,4.7,1,10.4,Low
TK-261056,2025-03-20 21:00:00,46,Gold,Technical,App,Seoul,147407,62,4,148,3.3,0,6.1,Medium
TK-261057,2026-04-04 00:00:00,54,Basic,Payment,Phone,Daegu,20536,74,1,32,2.5,0,1.6,Low
TK-261058,2025-12-02 06:00:00,27,Silver,Payment,Email,Seoul,83156,77,6,54,3.2,2,9.0,High
TK-261059,2025-08-07 22:00:00,59,VIP,Payment,Phone,Daejeon,228507,39,0,81,3.0,0,3.7,Medium
TK-261060,2025-01-07 00:00:00,26,VIP,Technical,Chat,Daegu,240553,19,7,108,4.0,1,7.9,Medium
TK-261061,2025-03-06 19:00:00,52,Silver,Account,Chat,Seoul,98277,14,3,59,3.5,0,2.3,Low
TK-261062,2025-11-06 01:00:00,71,Silver,Delivery,Email,Incheon,58546,1,3,41,2.2,0,3.9,Medium
TK-261063,2026-01-04 23:00:00,39,Basic,Delivery,App,Busan,48537,93,0,8,3.5,0,2.4,Low
TK-261064,2025-10-26 19:00:00,27,Basic,Payment,Email,Daegu,50375,49,1,95,1.7,2,3.5,High
TK-261065,2026-02-19 22:00:00,35,Silver,Cancellation,App,Incheon,75223,74,6,37,1.4,0,6.1,High
TK-261066,2025-01-25 06:00:00,39,Basic,Account,Email,Busan,30773,80,4,920,3.6,0,3.0,Low
TK-261067,2025-07-07 07:00:00,40,Basic,Payment,Phone,Seoul,39265,20,7,34,2.9,2,6.9,Medium
TK-261068,2026-05-18 20:00:00,47,Silver,Technical,Phone,Seoul,86455,91,3,45,4.7,0,6.4,High
TK-261069,2025-09-29 08:00:00,65,Basic,Payment,Chat,Busan,72585,76,5,18,3.7,0,3.8,Medium
TK-261070,2025-01-12 05:00:00,54,Gold,Delivery,Chat,Busan,130313,41,3,7,3.4,1,4.3,Low
TK-261071,2025-07-12 00:00:00,35,Gold,Technical,App,Busan,149041,83,4,72,3.0,0,3.7,Low
TK-261072,2026-06-29 19:00:00,19,Gold,Payment,Email,Seoul,144433,13,1,34,4.0,0,8.3,Low
TK-261073,2025-08-08 14:00:00,22,Gold,Account,Phone,Busan,151822,50,0,44,2.0,0,6.8,Low
TK-261074,2025-11-14 05:00:00,63,Basic,Cancellation,Email,Seoul,36891,61,3,82,4.2,0,4.4,Medium
TK-261075,2025-09-18 15:00:00,55,Gold,Account,Chat,Incheon,109524,78,6,67,3.2,1,5.4,Medium
TK-261076,2025-09-25 10:00:00,19,Basic,Delivery,Chat,Busan,47266,50,0,70,3.4,0,15.6,Medium
TK-261077,2025-04-23 07:00:00,50,Basic,Payment,Email,Seoul,33599,26,1,61,3.5,0,6.7,Low
TK-261078,2025-04-18 06:00:00,59,Basic,Account,Email,Seoul,51959,53,4,44,4.9,0,3.0,Low
TK-261079,2025-02-24 19:00:00,73,Silver,Payment,Email,Daegu,70474,54,0,24,3.0,1,1.2,Low
TK-261080,2026-02-11 13:00:00,43,Silver,Cancellation,App,Seoul,84040,67,3,35,3.3,0,7.7,High
TK-261081,2025-06-05 20:00:00,24,Gold,Payment,Email,Incheon,136658,95,0,46,4.5,0,6.0,Low
TK-261082,2025-09-29 16:00:00,59,Gold,Delivery,Email,Seoul,158267,13,1,2,2.7,1,4.5,Medium
TK-261083,2025-04-20 01:00:00,59,Basic,Payment,App,Seoul,46545,48,7,50,3.1,0,7.2,Low
TK-261084,2026-05-08 03:00:00,27,Basic,Technical,Phone,Seoul,40046,55,5,89,3.4,0,7.9,Medium
TK-261085,2025-06-24 14:00:00,21,VIP,Delivery,Chat,Busan,241509,28,6,99,4.0,0,2.1,High
TK-261086,2025-10-30 06:00:00,68,Basic,Account,Chat,Seoul,67762,3,0,101,3.1,1,3.5,Medium
TK-261087,2025-02-18 06:00:00,34,VIP,Technical,Email,Incheon,211626,22,0,50,3.8,1,4.9,High
TK-261088,2025-11-29 12:00:00,48,Silver,Delivery,App,Busan,60020,66,3,6,4.4,2,3.3,Low
TK-261089,2025-07-13 20:00:00,70,Basic,Delivery,Chat,Busan,32078,95,0,51,2.5,1,3.5,Medium
TK-261090,2025-06-29 06:00:00,33,Basic,Payment,Email,Seoul,33416,46,1,44,2.9,0,5.3,Medium
TK-261091,2026-06-11 17:00:00,21,Silver,Technical,Chat,Seoul,73956,16,0,86,3.3,1,5.1,Medium
TK-261092,2026-05-11 05:00:00,34,Gold,Delivery,Email,Seoul,146599,38,6,57,3.6,0,9.0,Medium
TK-261093,2026-01-18 22:00:00,29,Basic,Delivery,Phone,Seoul,56295,31,3,66,2.6,0,7.6,Low
TK-261094,2025-09-07 09:00:00,46,Silver,Delivery,Email,Seoul,65356,79,4,3,3.8,0,5.5,Low
TK-261095,2025-12-31 12:00:00,58,Basic,Technical,App,Daegu,65633,29,4,80,3.8,0,9.2,Low
TK-261096,2025-04-02 10:00:00,37,Gold,Technical,Email,Daejeon,155489,29,1,90,4.6,0,4.9,High
TK-261097,2026-04-03 00:00:00,58,Silver,Technical,Chat,Busan,57799,92,2,117,4.6,1,19.9,Medium
TK-261098,2025-10-15 04:00:00,43,Basic,Delivery,Chat,Seoul,47261,3,5,67,2.1,0,12.5,Medium
TK-261099,2026-02-16 00:00:00,69,Basic,Payment,Phone,Seoul,23267,71,3,38,4.2,2,2.9,Medium
TK-261100,2026-02-06 14:00:00,36,VIP,Technical,App,Daegu,217673,63,2,87,3.4,0,8.0,High
TK-261101,2025-11-04 14:00:00,19,VIP,Technical,Email,Daegu,229123,83,1,116,5.0,0,3.6,Low
TK-261102,2026-01-26 15:00:00,37,Basic,Payment,Email,Daejeon,64718,25,5,83,3.4,1,4.2,High
TK-261103,2025-05-15 06:00:00,61,Basic,Technical,Phone,Busan,72154,40,4,113,5.0,0,5.2,Medium
TK-261104,2025-05-15 15:00:00,31,Silver,Account,Chat,Daegu,62751,2,6,88,4.2,0,5.6,Medium
TK-261105,2025-04-27 02:00:00,25,Basic,Payment,App,Busan,44751,46,8,12,3.2,0,0.9,Low
TK-261106,2026-06-02 08:00:00,39,VIP,Technical,Email,Busan,221582,91,6,47,5.0,3,4.7,Medium
TK-261107,2025-08-22 19:00:00,63,Gold,Payment,Email,Daegu,149815,18,0,42,2.3,3,16.3,Medium
TK-261108,2026-01-22 05:00:00,63,Silver,Technical,Chat,Seoul,74825,54,7,87,4.4,2,4.7,Medium
TK-261109,2026-03-18 21:00:00,34,Basic,Cancellation,Chat,Seoul,31322,4,1,90,3.4,1,3.8,High
TK-261110,2025-09-11 16:00:00,50,Silver,Account,Phone,Daegu,71182,82,4,52,4.0,0,12.3,Medium
TK-261111,2025-07-22 03:00:00,36,Basic,Technical,Email,Seoul,72592,73,4,58,3.4,0,10.4,Medium
TK-261112,2025-07-16 05:00:00,25,Basic,Cancellation,Chat,Busan,38853,94,12,139,2.5,0,10.0,Medium
TK-261113,2025-09-12 09:00:00,66,Gold,Technical,Phone,Seoul,142119,50,3,53,4.4,1,1.8,Medium
TK-261114,2025-08-01 00:00:00,38,VIP,Cancellation,Chat,Daejeon,201317,68,4,135,4.2,0,9.7,High
TK-261115,2026-03-21 01:00:00,50,VIP,Payment,Chat,Seoul,221378,84,1,77,2.3,1,5.9,Medium
TK-261116,2025-11-20 09:00:00,32,Gold,Technical,Chat,Seoul,149755,12,2,29,3.9,0,7.0,Medium
TK-261117,2026-06-05 15:00:00,63,Gold,Cancellation,Email,Seoul,123405,25,0,59,1.2,0,5.4,High
TK-261118,2025-08-15 00:00:00,36,Silver,Account,Chat,Seoul,101715,13,4,55,3.6,1,17.3,Medium
TK-261119,2026-03-09 16:00:00,50,Silver,Account,Chat,Busan,105819,45,0,25,2.9,0,5.8,Medium
TK-261120,2025-09-20 13:00:00,57,Basic,Account,Phone,Busan,46958,6,11,37,2.5,1,2.4,Medium
TK-261121,2025-05-30 12:00:00,54,Basic,Cancellation,Phone,Seoul,62942,50,1,81,3.3,2,5.5,High
TK-261122,2026-01-23 08:00:00,39,Silver,Payment,Chat,Daegu,62368,96,4,45,1.7,3,9.4,High
TK-261123,2026-04-17 21:00:00,40,Basic,Payment,Chat,Daegu,36217,10,5,72,2.6,0,2.3,Medium
TK-261124,2025-05-19 02:00:00,62,VIP,Technical,Chat,Daejeon,242876,14,2,106,4.8,0,3.5,High
TK-261125,2026-07-01 11:00:00,32,Basic,Payment,App,Daejeon,49635,32,2,87,4.4,2,3.5,Low
TK-261126,2025-03-17 15:00:00,18,Silver,Payment,Chat,Seoul,68270,24,13,46,3.1,1,2.5,Medium
TK-261127,2025-08-13 21:00:00,18,Basic,Account,Chat,Daegu,56857,18,8,29,4.2,1,4.1,High
TK-261128,2025-12-04 18:00:00,49,Basic,Delivery,,Busan,45436,32,8,22,4.2,0,16.8,Medium
TK-261129,2026-03-03 09:00:00,62,Basic,Cancellation,Phone,Daegu,24703,76,9,111,4.1,2,7.5,High
TK-261130,2025-05-08 11:00:00,56,Gold,Delivery,Phone,Incheon,111380,7,6,101,5.0,0,11.1,Medium
TK-261131,2025-06-24 22:00:00,70,Basic,Cancellation,Email,Busan,26277,84,3,30,2.8,0,2.0,Low
TK-261132,2026-04-21 22:00:00,68,Silver,Account,Chat,Seoul,104992,80,4,33,2.2,1,5.8,Medium
TK-261133,2025-10-30 05:00:00,20,Basic,Cancellation,Phone,Seoul,28531,45,5,69,2.8,0,2.2,Medium
TK-261134,2025-09-15 07:00:00,60,Silver,Cancellation,App,Seoul,69481,40,6,47,4.3,3,4.5,Medium
TK-261135,2025-06-25 07:00:00,44,Basic,Delivery,Chat,Busan,70495,27,4,45,3.1,0,5.9,Medium
TK-261136,2025-08-04 07:00:00,43,Basic,Delivery,Phone,Seoul,56010,17,4,46,2.8,0,1.9,Medium
TK-261137,2026-01-06 16:00:00,35,Silver,Payment,Phone,Busan,59197,65,5,112,4.6,0,3.7,Medium
TK-261138,2026-04-13 23:00:00,53,Basic,Technical,Phone,Seoul,34818,62,7,119,1.9,0,3.5,Medium
TK-261139,2025-02-17 10:00:00,23,Silver,Payment,Email,Seoul,97152,88,9,113,4.3,0,2.6,Medium
TK-261140,2026-06-17 20:00:00,22,Basic,Cancellation,Phone,Seoul,23431,48,1,91,5.0,3,12.6,High
TK-261141,2026-02-28 03:00:00,61,Basic,Technical,Phone,Incheon,24248,1,6,76,4.8,0,7.6,High
TK-261142,2025-03-17 18:00:00,60,Gold,Account,App,Incheon,121817,88,6,32,3.7,0,2.8,Medium
TK-261143,2025-09-20 19:00:00,23,Basic,Technical,Phone,Busan,20286,55,1,109,3.2,2,10.4,Medium
TK-261144,2025-08-06 14:00:00,21,Basic,Delivery,Phone,Seoul,50470,47,4,72,1.7,0,11.5,Low
TK-261145,2026-03-05 09:00:00,24,Gold,Technical,Email,Incheon,116334,6,2,161,3.7,0,8.8,Medium
TK-261146,2025-04-25 07:00:00,28,VIP,Technical,App,Incheon,193248,70,2,62,3.5,0,13.1,Low
TK-261147,2025-03-17 14:00:00,65,Silver,Account,Phone,Incheon,72808,94,3,25,3.5,2,9.3,Medium
TK-261148,2025-05-05 00:00:00,70,Silver,Cancellation,Chat,Busan,69999,55,0,101,3.0,2,5.3,Medium
TK-261149,2025-12-19 03:00:00,73,Basic,Technical,Chat,Seoul,20788,55,1,115,5.0,0,2.8,Medium
TK-261150,2025-07-08 00:00:00,47,Gold,Account,Phone,Daegu,111004,79,2,54,3.9,1,3.9,Low
TK-261151,2026-03-20 15:00:00,58,Silver,Payment,,Daejeon,90581,67,3,39,3.7,0,3.9,High
TK-261152,2025-05-19 15:00:00,70,Basic,Cancellation,Email,Busan,65948,52,5,104,4.8,0,7.3,Low
TK-261153,2025-04-15 07:00:00,47,Basic,Account,Phone,Daegu,56160,37,3,57,1.6,0,17.1,Medium
TK-261154,2026-02-23 08:00:00,34,Basic,Payment,App,Busan,59574,95,8,31,,1,4.2,Low
TK-261155,2026-04-06 14:00:00,36,Basic,Cancellation,App,Daejeon,49475,23,4,82,2.9,0,7.8,Low
TK-261156,2026-04-23 04:00:00,43,Basic,Payment,Phone,Incheon,41306,7,5,98,3.1,0,8.6,Medium
TK-261157,2025-05-14 08:00:00,34,Basic,Cancellation,App,Daegu,55866,54,5,95,2.9,0,5.7,Medium
TK-261158,2025-02-18 13:00:00,33,Silver,Technical,Chat,Incheon,57653,15,4,32,2.9,2,1.9,Low
TK-261159,2025-10-21 20:00:00,71,Silver,Delivery,Chat,Daejeon,92302,86,5,110,2.2,1,3.1,Medium
TK-261160,2025-03-21 19:00:00,72,VIP,Account,App,Busan,204979,13,0,12,3.1,0,6.6,Low
TK-261161,2026-07-03 19:00:00,50,Silver,Account,App,Daegu,66748,36,5,2,2.3,1,3.5,Low
TK-261162,2025-02-28 05:00:00,68,Basic,Payment,Email,Daegu,31799,27,4,40,2.9,0,3.1,Medium
TK-261163,2025-08-05 13:00:00,67,Gold,Cancellation,Phone,Seoul,138217,52,2,119,4.9,0,2.8,Medium
TK-261164,2026-06-02 17:00:00,64,Gold,Account,Phone,Busan,126949,11,2,58,3.6,0,3.3,Medium
TK-261165,2025-04-12 10:00:00,19,Basic,Payment,Email,Seoul,28813,26,3,73,2.7,4,5.0,Low
TK-261166,2025-03-17 10:00:00,28,Basic,Payment,App,Seoul,41608,10,2,55,2.1,0,1.8,Low
TK-261167,2026-02-05 23:00:00,31,Basic,Payment,Phone,Busan,38692,66,7,46,1.6,1,4.2,Medium
TK-261168,2026-04-08 01:00:00,34,VIP,Account,Chat,Seoul,220762,44,4,98,2.6,1,4.9,High
TK-261169,2026-02-20 01:00:00,46,Silver,Delivery,App,Seoul,99579,29,3,80,3.5,0,5.1,High
TK-261170,2025-03-08 22:00:00,39,Basic,Payment,Chat,Seoul,50431,25,6,41,2.3,0,4.0,Medium
TK-261171,2025-09-09 13:00:00,67,Silver,Delivery,Phone,Daegu,98315,30,4,43,,0,3.3,Medium
TK-261172,2025-12-27 23:00:00,24,Silver,Delivery,App,Daegu,75032,82,0,78,3.8,0,1.7,Medium
TK-261173,2025-07-28 22:00:00,54,VIP,Technical,App,Incheon,220769,96,3,134,2.8,0,4.0,Medium
TK-261174,2025-03-01 18:00:00,61,Silver,Payment,Email,Seoul,93583,92,0,51,4.5,3,8.2,Medium
TK-261175,2026-01-29 02:00:00,52,Basic,Payment,Phone,Daejeon,23062,17,3,55,3.7,0,3.0,Medium
TK-261176,2026-04-24 09:00:00,74,Basic,Technical,Email,Seoul,26926,54,3,75,3.8,0,1.9,Low
TK-261177,2025-04-28 12:00:00,19,Silver,Cancellation,App,Incheon,66088,16,5,90,4.2,0,10.0,Low
TK-261178,2025-08-26 12:00:00,37,Basic,Cancellation,Chat,Incheon,61796,5,3,21,5.0,0,5.2,Low
TK-261179,2025-09-24 14:00:00,38,Gold,Delivery,Chat,Seoul,154610,8,1,62,3.3,1,3.3,Medium
TK-261180,2026-02-16 17:00:00,50,Gold,Delivery,App,Daegu,112790,36,1,55,3.9,1,4.0,Medium
TK-261181,2025-08-14 23:00:00,20,Silver,Payment,Chat,Busan,84235,69,2,135,4.2,1,10.5,High
TK-261182,2025-04-01 10:00:00,44,Basic,Payment,Chat,Incheon,30789,38,8,81,4.0,0,3.9,Low
TK-261183,2025-04-14 17:00:00,35,VIP,Payment,Phone,Seoul,214252,51,3,79,5.0,0,4.6,Medium
TK-261184,2025-06-11 22:00:00,64,Silver,Delivery,Chat,Incheon,58307,54,4,3,3.6,0,8.0,High
TK-261185,2026-03-23 14:00:00,52,Basic,Payment,Email,Incheon,32193,4,7,5,3.7,0,10.3,Medium
TK-261186,2025-08-27 13:00:00,53,Silver,Technical,Email,Seoul,85001,96,1,149,3.1,1,7.2,Low
TK-261187,2025-09-09 04:00:00,29,Silver,Delivery,Chat,Seoul,68807,21,0,32,3.7,0,3.1,Low
TK-261188,2026-04-27 05:00:00,43,Basic,Account,Email,Incheon,,76,1,82,4.2,0,7.5,Medium
TK-261189,2025-04-03 17:00:00,32,Silver,Technical,App,Seoul,57915,28,0,65,3.0,1,2.2,Medium
TK-261190,2025-10-06 18:00:00,71,Silver,Account,Phone,Daegu,90455,37,4,2,5.0,0,2.8,Low
TK-261191,2025-01-18 01:00:00,47,Basic,Delivery,Phone,Daegu,51729,8,1,51,2.9,0,1.8,Low
TK-261192,2026-05-31 02:00:00,64,Silver,Technical,Email,Daejeon,62643,43,9,97,3.2,0,13.1,Low
TK-261193,2025-02-04 17:00:00,75,VIP,Account,Chat,Daejeon,193234,92,1,76,4.3,1,3.9,Low
TK-261194,2026-06-27 05:00:00,22,Silver,Technical,Email,Busan,73415,20,0,118,4.6,0,4.0,High
TK-261195,2025-02-15 07:00:00,43,VIP,Technical,Phone,Seoul,209157,70,6,89,5.0,0,8.3,Low
TK-261196,2025-07-22 15:00:00,53,Gold,Account,Phone,Busan,108502,40,7,45,1.5,1,2.0,Medium
TK-261197,2025-04-08 13:00:00,50,Silver,Technical,Phone,Seoul,94861,71,1,54,3.3,1,7.9,Low
TK-261198,2026-02-11 17:00:00,43,Silver,Account,Chat,Daejeon,86135,82,4,35,4.5,0,9.0,Medium
TK-261199,2026-03-01 04:00:00,31,VIP,Payment,App,Incheon,199729,48,2,13,5.0,0,14.6,Medium
TK-261200,2025-05-12 09:00:00,46,Basic,Cancellation,Email,Incheon,28880,93,0,71,3.2,1,2.6,Medium
TK-261201,2025-09-01 18:00:00,54,Silver,Payment,App,Seoul,62014,64,6,96,3.8,0,5.0,Medium
TK-261202,2025-12-09 01:00:00,56,Silver,Delivery,Phone,Busan,70901,7,0,100,1.0,1,4.8,High
TK-261203,2025-07-17 01:00:00,21,Basic,Payment,App,Busan,41535,48,0,79,3.7,1,3.6,Medium
TK-261204,2026-06-17 05:00:00,26,Basic,Payment,Chat,Incheon,35079,26,0,3,3.0,0,2.1,Low
TK-261205,2025-04-28 13:00:00,76,Silver,Account,Email,Daegu,92810,62,5,40,2.7,0,5.4,Medium
TK-261206,2026-04-23 23:00:00,33,Silver,Payment,Phone,Busan,67059,57,6,80,4.1,3,4.3,Medium
TK-261207,2025-06-08 05:00:00,19,Basic,Payment,Phone,Busan,25312,7,6,44,4.1,0,3.0,Medium
TK-261208,2026-02-04 20:00:00,65,Basic,Technical,Email,Seoul,54287,2,2,24,3.7,1,4.3,Medium
TK-261209,2026-03-25 08:00:00,46,Basic,Delivery,Chat,Seoul,20593,18,3,94,2.6,2,6.1,Medium
TK-261210,2025-10-30 07:00:00,41,VIP,Technical,Chat,Daegu,219558,27,1,27,5.0,0,2.0,Medium
TK-261211,2025-01-15 02:00:00,37,Silver,Delivery,Phone,Busan,71050,41,4,35,3.7,1,5.2,Medium
TK-261212,2025-08-22 19:00:00,36,Gold,Payment,Email,Seoul,125104,7,1,56,3.7,0,3.6,Low
TK-261213,2025-01-28 10:00:00,65,Gold,Delivery,Email,Daegu,144420,77,0,70,3.8,0,9.3,Low
TK-261214,2025-07-28 09:00:00,59,Gold,Account,Email,Daegu,130815,44,4,93,2.0,2,4.2,High
TK-261215,2025-09-09 13:00:00,46,VIP,Delivery,Phone,Busan,200235,24,5,89,3.0,0,5.1,Medium
TK-261216,2026-07-23 23:00:00,74,VIP,Account,Chat,Seoul,218043,42,5,60,3.7,1,2.6,High
TK-261217,2026-03-16 10:00:00,22,Silver,Account,Chat,Daegu,56535,38,2,62,3.3,0,1.6,Medium
TK-261218,2025-02-01 02:00:00,25,Basic,Payment,Phone,Seoul,66465,47,6,35,2.9,1,3.4,Low
TK-261219,2025-03-30 21:00:00,54,Basic,Technical,Phone,Busan,50146,8,3,56,2.5,0,3.1,Medium
TK-261220,2026-03-04 03:00:00,37,Silver,Delivery,Chat,Seoul,54869,1,4,44,3.9,1,11.5,Medium
TK-261221,2025-07-19 08:00:00,37,Silver,Technical,Email,Seoul,90249,34,3,67,2.7,0,11.3,Medium
TK-261222,2025-01-21 08:00:00,59,Basic,Payment,Phone,Seoul,56602,4,4,2,3.9,0,4.8,Medium
TK-261223,2026-05-25 15:00:00,46,VIP,Payment,Phone,Busan,210859,20,2,73,1.8,0,4.4,Low
TK-261224,2025-01-03 01:00:00,49,Gold,Account,Email,Seoul,128433,56,0,16,5.0,4,8.1,Low
TK-261225,2025-11-22 11:00:00,35,Basic,Delivery,Chat,Seoul,66689,35,4,54,4.0,0,2.0,Medium
TK-261226,2025-04-05 10:00:00,50,VIP,Account,Phone,Daejeon,207362,63,0,35,3.8,0,3.5,Low
TK-261227,2025-08-21 19:00:00,38,Gold,Cancellation,Phone,Seoul,127036,62,6,116,3.6,2,9.4,Low
TK-261228,2026-05-18 13:00:00,61,Basic,Cancellation,Email,Seoul,29903,2,9,83,2.6,1,6.0,Medium
TK-261229,2026-05-27 18:00:00,24,Gold,Account,Chat,Incheon,152592,57,8,30,3.7,0,2.1,Medium
TK-261230,2026-06-18 14:00:00,67,Silver,Technical,Phone,Seoul,102612,92,0,110,3.8,0,4.5,Low
TK-261231,2025-08-19 11:00:00,18,Gold,Cancellation,Chat,Busan,107307,86,0,134,3.5,0,11.4,Low
TK-261232,2025-09-08 15:00:00,46,Silver,Payment,Chat,Daegu,91935,23,7,35,3.4,0,4.2,Low
TK-261233,2026-04-17 05:00:00,65,Basic,Delivery,Email,Seoul,46500,15,3,39,4.5,0,6.5,Low
TK-261234,2025-09-06 07:00:00,43,Gold,Payment,Email,Busan,133644,95,4,30,3.5,2,1.2,Low
TK-261235,2025-06-30 20:00:00,76,Gold,Technical,Chat,Busan,137734,59,6,139,3.6,0,10.6,High
TK-261236,2025-08-24 02:00:00,27,Basic,Payment,Chat,Seoul,26593,44,2,72,3.0,1,5.4,Low
TK-261237,2025-02-25 03:00:00,43,Gold,Payment,Chat,Seoul,145642,7,0,8,3.4,2,13.0,Low
TK-261238,2025-11-23 06:00:00,45,VIP,Technical,Chat,Incheon,223189,38,2,77,2.7,0,7.1,High
TK-261239,2025-12-11 04:00:00,54,Gold,Payment,Chat,Incheon,119840,41,2,19,3.0,4,1.9,Medium
TK-261240,2025-02-23 21:00:00,41,VIP,Cancellation,Email,Daejeon,210727,91,1,111,3.3,0,7.8,Low
TK-261241,2025-07-21 05:00:00,26,Basic,Cancellation,Phone,Busan,72969,59,7,68,4.6,1,7.2,Medium
TK-261242,2025-04-09 07:00:00,37,Basic,Payment,Email,Busan,69753,51,1,47,3.4,0,7.0,Medium
TK-261243,2025-12-26 23:00:00,30,Silver,Payment,Phone,Daejeon,103445,20,7,72,3.5,0,5.2,High
TK-261244,2025-11-26 10:00:00,75,Silver,Cancellation,Phone,Daegu,68527,55,3,56,3.5,1,8.6,Medium
TK-261245,2025-06-10 13:00:00,53,Silver,Payment,Email,Seoul,93969,35,6,77,3.9,1,3.2,Medium
TK-261246,2025-03-30 07:00:00,76,Gold,Account,Email,Daejeon,109889,90,0,25,2.5,1,1.4,Low
TK-261247,2025-12-25 04:00:00,72,Basic,Payment,Chat,Incheon,70412,44,2,33,4.1,0,5.5,High
TK-261248,2025-08-15 11:00:00,72,Basic,Account,Phone,Seoul,51135,96,9,45,2.6,1,5.0,Medium
TK-261249,2025-07-06 21:00:00,35,Silver,Technical,Chat,Seoul,74036,30,4,93,3.9,0,16.7,Medium
TK-261250,2025-05-12 12:00:00,76,Silver,Account,Email,Daegu,57811,84,6,26,4.7,0,18.5,Medium
TK-261251,2025-11-18 05:00:00,22,Silver,Payment,Phone,Seoul,65894,2,4,68,2.5,2,4.6,Medium
TK-261252,2025-05-10 19:00:00,76,Gold,Account,Chat,Daegu,129402,35,0,10,3.4,0,7.8,Medium
TK-261253,2026-03-04 17:00:00,67,Silver,Account,App,Seoul,55184,61,2,103,3.2,0,15.4,Low
TK-261254,2025-05-12 16:00:00,27,Silver,Technical,Phone,Seoul,102826,64,4,59,4.0,1,11.1,Medium
TK-261255,2025-07-23 21:00:00,20,Basic,Technical,App,Incheon,57642,33,4,50,3.7,3,5.7,Medium
TK-261256,2025-04-20 01:00:00,58,Silver,Payment,Chat,Daegu,103481,52,4,78,2.8,3,6.1,Medium
TK-261257,2025-07-16 10:00:00,59,Silver,Account,Chat,Busan,59951,71,2,82,3.9,0,9.7,Low
TK-261258,2025-04-24 00:00:00,23,Silver,Account,Phone,Seoul,61823,8,5,99,3.5,2,8.6,High
TK-261259,2026-05-31 00:00:00,48,Gold,Account,Email,Seoul,115233,85,0,26,3.8,0,2.7,Low
TK-261260,2026-04-30 05:00:00,43,Gold,Technical,App,Daegu,108737,76,1,93,4.1,0,10.8,High
TK-261261,2025-11-29 17:00:00,28,Basic,Account,Chat,Seoul,50536,70,0,43,4.9,0,4.9,Medium
TK-261262,2025-12-03 05:00:00,36,Silver,Delivery,Email,Seoul,66011,40,3,6,4.5,1,4.5,Medium
TK-261263,2025-11-29 08:00:00,69,Silver,Delivery,Chat,Daegu,83387,19,7,93,3.9,1,6.5,Medium
TK-261264,2025-09-30 12:00:00,62,Basic,Payment,Chat,Busan,28749,89,0,61,2.2,0,3.1,Medium
TK-261265,2026-03-28 10:00:00,52,Silver,Delivery,Chat,Daejeon,96697,83,3,38,2.1,1,8.4,High
TK-261266,2026-06-04 12:00:00,43,Gold,Payment,Email,Seoul,108007,27,5,33,5.0,0,4.9,Medium
TK-261267,2025-12-09 03:00:00,27,Basic,Payment,App,Seoul,23194,45,2,57,3.4,0,3.3,Low
TK-261268,2026-05-10 14:00:00,52,Silver,Delivery,Chat,Busan,55944,51,6,110,3.0,0,10.5,Medium
TK-261269,2025-06-15 06:00:00,70,Gold,Cancellation,Chat,Incheon,134277,36,5,66,4.6,2,6.1,Low
TK-261270,2026-05-08 04:00:00,31,Basic,Cancellation,Email,Busan,47732,43,4,118,3.8,0,7.2,Medium
TK-261271,2025-09-01 04:00:00,37,Gold,Delivery,Email,Daegu,148010,84,4,33,3.7,1,5.0,Medium
TK-261272,2025-09-19 05:00:00,73,Basic,Account,Phone,Incheon,55301,93,5,73,3.8,0,7.1,Low
TK-261273,2025-02-11 18:00:00,36,Gold,Delivery,Phone,Seoul,134101,38,0,55,2.8,0,13.3,Low
TK-261274,2025-11-15 21:00:00,53,Basic,Payment,Phone,Daejeon,67811,17,4,33,2.2,0,4.3,Medium
TK-261275,2026-05-31 17:00:00,28,Basic,Cancellation,Email,Seoul,34476,74,5,95,4.3,3,11.8,Medium
TK-261276,2025-10-31 04:00:00,39,Basic,Cancellation,Email,Daegu,27158,48,3,104,2.9,2,5.1,High
TK-261277,2026-03-15 18:00:00,62,Basic,Account,Chat,Daegu,26972,53,4,48,1.4,0,5.6,Medium
TK-261278,2025-02-05 14:00:00,36,Gold,Technical,Phone,Daegu,108589,59,2,61,3.7,0,4.7,Medium
TK-261279,2025-10-20 21:00:00,24,Basic,Cancellation,,Seoul,46496,3,0,128,3.6,0,7.2,Low
TK-261280,2025-12-15 14:00:00,30,Gold,Account,App,Seoul,152172,39,7,55,3.9,0,6.2,Medium
TK-261281,2025-06-25 14:00:00,42,Basic,Delivery,Chat,Daegu,23906,93,4,105,3.2,2,7.7,Medium
TK-261282,2025-03-23 18:00:00,61,Basic,Delivery,Chat,Seoul,29914,81,6,84,3.7,3,4.0,Medium
TK-261283,2025-01-17 22:00:00,73,Basic,Account,Chat,Busan,63319,4,2,66,3.6,0,2.3,Low
TK-261284,2025-08-17 08:00:00,20,Basic,Technical,Email,Busan,32151,68,1,55,4.5,2,4.1,Medium
TK-261285,2025-02-07 06:00:00,52,Silver,Delivery,Chat,Busan,84500,27,1,68,2.4,0,5.0,Medium
TK-261286,2026-05-14 07:00:00,60,Gold,Delivery,Email,Daejeon,148011,8,6,85,3.8,1,8.5,Medium
TK-261287,2026-04-12 08:00:00,20,VIP,Account,Chat,Daejeon,198131,91,4,77,3.6,2,6.6,High
TK-261288,2026-04-08 18:00:00,41,Silver,Cancellation,Chat,Incheon,79911,59,3,49,3.2,0,7.4,Medium
TK-261289,2025-09-07 16:00:00,63,Silver,Cancellation,App,Seoul,67898,37,0,120,4.0,1,8.2,Low
TK-261290,2025-06-11 12:00:00,55,Basic,Account,Email,Seoul,64073,47,1,80,2.6,0,4.3,Medium
TK-261291,2026-07-23 23:00:00,48,VIP,Payment,Email,Seoul,224885,24,1,51,2.0,2,4.1,Medium
TK-261292,2025-02-17 02:00:00,34,Gold,Cancellation,App,Seoul,107843,27,1,90,2.7,0,4.0,Low
TK-261293,2026-06-29 13:00:00,54,Silver,Payment,Email,Seoul,,3,1,11,2.5,0,2.2,Medium
TK-261294,2025-04-16 13:00:00,29,Gold,Payment,Chat,Daegu,111364,8,2,36,3.9,0,2.9,Medium
TK-261295,2025-12-31 04:00:00,47,VIP,Account,Email,Busan,193551,16,1,96,4.2,0,4.9,Low
TK-261296,2026-04-19 13:00:00,71,Basic,Cancellation,Chat,Busan,23084,86,4,149,4.3,1,13.5,Medium
TK-261297,2025-02-16 19:00:00,48,Basic,Delivery,Phone,Daejeon,25151,55,5,32,3.3,0,8.2,Medium
TK-261298,2026-01-03 10:00:00,73,Silver,Cancellation,Chat,Daejeon,76142,89,3,118,2.9,1,5.4,Medium
TK-261299,2025-10-19 21:00:00,18,Silver,Delivery,Email,Seoul,104368,81,4,115,5.0,1,2.8,Medium
TK-261300,2025-06-04 07:00:00,52,Gold,Technical,Chat,Busan,154671,68,1,47,3.8,0,5.0,Medium
TK-261301,2025-10-24 06:00:00,58,Basic,Account,Email,Busan,57010,67,5,53,3.3,0,2.2,Medium
TK-261302,2025-08-15 11:00:00,52,Basic,Account,Email,Busan,38924,37,7,36,2.2,0,13.4,High
TK-261303,2025-08-28 21:00:00,36,Basic,Account,App,Busan,23109,39,4,2,2.7,0,4.5,Medium
TK-261304,2026-07-10 07:00:00,26,Basic,Cancellation,Phone,Incheon,31386,31,6,66,3.9,0,10.6,Medium
TK-261305,2026-01-02 01:00:00,27,Basic,Delivery,Chat,Daegu,58839,31,0,54,4.7,0,1.9,Low
TK-261306,2026-07-09 22:00:00,57,Basic,Delivery,Email,Incheon,47652,6,4,101,5.0,0,4.6,Medium
TK-261307,2025-06-25 15:00:00,63,Basic,Delivery,Chat,Seoul,22952,63,2,92,4.4,2,5.9,Low
TK-261308,2025-12-27 05:00:00,21,Silver,Technical,Chat,Seoul,72440,43,0,60,3.1,2,5.4,Medium
TK-261309,2025-03-23 00:00:00,42,Basic,Account,Phone,Daegu,65944,82,3,81,4.2,0,8.6,Medium
TK-261310,2025-08-14 02:00:00,25,Basic,Technical,Phone,Seoul,22735,72,5,114,5.0,2,9.4,Low
TK-261311,2025-10-21 15:00:00,37,Basic,Account,Phone,Seoul,26481,3,0,70,2.6,0,7.8,Low
TK-261312,2026-02-04 15:00:00,59,Silver,Cancellation,Phone,Incheon,104031,56,4,92,4.3,1,4.3,Medium
TK-261313,2026-01-12 02:00:00,23,Silver,Cancellation,App,Seoul,77125,9,1,60,4.2,0,4.8,Low
TK-261314,2025-07-29 07:00:00,46,Gold,Technical,Chat,Daejeon,159770,17,3,104,5.0,3,3.9,Low
TK-261315,2026-02-25 14:00:00,31,Silver,Technical,Phone,Daejeon,97462,92,5,134,2.8,1,4.8,Medium
TK-261316,2026-04-27 15:00:00,61,Silver,Technical,Phone,Seoul,76356,64,9,67,2.5,0,5.5,Medium
TK-261317,2026-03-28 22:00:00,51,VIP,Account,App,Busan,237326,3,4,28,3.8,0,4.8,Medium
TK-261318,2025-02-05 08:00:00,21,Gold,Cancellation,Chat,Busan,114110,41,4,62,4.5,0,2.3,Low
TK-261319,2025-02-08 13:00:00,46,Basic,Technical,App,Seoul,69764,64,4,50,2.8,0,4.1,Low
TK-261320,2025-04-01 02:00:00,66,Basic,Payment,Chat,Seoul,20146,61,4,69,5.0,0,4.2,Medium
TK-261321,2025-04-09 18:00:00,53,Silver,Payment,Phone,Busan,62499,20,2,44,3.9,0,6.4,Medium
TK-261322,2025-12-04 11:00:00,72,Gold,Payment,Email,Seoul,128758,2,4,2,3.5,1,3.3,Medium
TK-261323,2026-03-25 16:00:00,68,Basic,Cancellation,Chat,Seoul,33348,2,2,56,4.7,2,2.1,High
TK-261324,2025-12-21 13:00:00,54,Gold,Technical,Phone,Incheon,116700,53,0,130,4.2,0,4.9,Low
TK-261325,2025-07-19 16:00:00,49,VIP,Delivery,Chat,Busan,237147,48,8,66,4.4,1,7.2,Low
TK-261326,2026-07-19 10:00:00,33,VIP,Account,Phone,Daegu,210500,76,7,35,4.0,1,4.6,High
TK-261327,2025-07-15 19:00:00,60,Basic,Delivery,Email,Seoul,49923,22,6,102,4.9,0,9.5,Medium
TK-261328,2026-01-15 18:00:00,20,Silver,Delivery,Phone,Incheon,92597,59,4,99,4.2,4,2.4,High
TK-261329,2025-02-28 07:00:00,37,Silver,Payment,Phone,Busan,84013,56,7,16,4.5,0,4.3,Medium
TK-261330,2025-10-14 17:00:00,47,Silver,Technical,Chat,Daejeon,105038,86,0,70,2.9,1,7.3,High
TK-261331,2026-03-16 18:00:00,63,Gold,Technical,App,Daejeon,119733,49,5,66,4.3,1,9.4,Low
TK-261332,2025-06-21 03:00:00,53,Basic,Technical,Phone,Busan,47892,48,1,112,5.0,1,5.5,Medium
TK-261333,2025-07-27 20:00:00,39,Gold,Account,App,Incheon,131484,38,6,97,4.4,1,3.8,Medium
TK-261334,2025-05-06 20:00:00,40,VIP,Delivery,App,Busan,233103,22,3,21,3.0,0,2.0,Low
TK-261335,2025-05-17 11:00:00,36,Silver,Account,Chat,Incheon,68087,69,6,33,3.8,0,9.7,Medium
TK-261336,2025-04-01 04:00:00,63,VIP,Account,Chat,Seoul,207578,36,1,74,3.2,0,5.0,Medium
TK-261337,2026-07-16 23:00:00,31,Basic,Account,Chat,Incheon,56286,27,1,50,2.7,0,9.3,Medium
TK-261338,2025-10-14 07:00:00,24,Silver,Technical,Phone,Seoul,87257,65,4,97,3.7,0,5.2,Low
TK-261339,2025-09-14 20:00:00,70,Basic,Delivery,Phone,Seoul,56833,86,5,62,2.2,1,3.3,Medium
TK-261340,2025-07-07 20:00:00,41,Basic,Delivery,Email,Seoul,35541,27,0,42,4.0,0,5.2,Low
TK-261341,2025-05-08 04:00:00,43,Silver,Cancellation,Chat,Incheon,59833,85,4,111,3.1,0,5.4,High
TK-261342,2025-10-31 20:00:00,30,Basic,Payment,Phone,Incheon,46832,10,0,48,2.8,1,3.9,Low
TK-261343,2025-10-10 11:00:00,19,Basic,Account,App,Busan,53345,44,7,69,4.6,0,9.0,Medium
TK-261344,2025-02-25 11:00:00,48,Gold,Technical,Phone,Incheon,125193,38,1,104,2.4,1,7.0,Low
TK-261345,2025-02-18 01:00:00,38,Basic,Account,,Seoul,55714,89,2,810,3.4,3,4.6,Medium
TK-261346,2026-05-12 20:00:00,63,Gold,Technical,Phone,Daejeon,123828,53,0,41,3.0,0,4.0,Medium
TK-261347,2025-07-30 01:00:00,19,Basic,Cancellation,Chat,Incheon,31235,52,5,79,4.2,3,3.9,Medium
TK-261348,2025-09-09 13:00:00,26,Gold,Cancellation,Chat,Incheon,142479,9,5,61,4.3,0,2.8,Low
TK-261349,2025-07-15 06:00:00,47,Gold,Technical,Phone,Incheon,148805,16,12,97,2.9,1,7.3,Medium
TK-261350,2025-02-07 11:00:00,25,Gold,Technical,Phone,Seoul,120584,43,9,161,4.9,0,6.1,Low
TK-261351,2025-06-30 15:00:00,74,Basic,Cancellation,App,Seoul,24863,96,6,84,3.8,0,1.7,Medium
TK-261352,2026-05-21 16:00:00,74,Silver,Delivery,Chat,Seoul,84867,50,2,2,3.1,0,11.0,Medium
TK-261353,2025-12-15 16:00:00,27,Basic,Payment,Chat,Daegu,59178,42,1,68,2.5,0,4.6,Low
TK-261354,2025-05-20 10:00:00,74,Silver,Account,Email,Daegu,61884,58,5,77,5.0,3,4.4,Medium
TK-261355,2026-04-12 18:00:00,37,VIP,Technical,Chat,Daejeon,207699,63,3,66,3.5,0,12.1,Medium
TK-261356,2025-11-30 20:00:00,25,Gold,Technical,Chat,Incheon,114604,45,0,25,2.8,0,2.9,Low
TK-261357,2025-03-24 23:00:00,69,Gold,Account,Chat,Daegu,117243,91,0,24,2.0,0,0.8,Medium
TK-261358,2025-10-21 04:00:00,75,VIP,Delivery,Phone,Busan,236183,73,2,109,3.2,0,4.1,Medium
TK-261359,2026-05-16 17:00:00,76,Basic,Delivery,Chat,Seoul,53650,50,4,85,3.1,0,5.5,Medium
TK-261360,2026-04-02 20:00:00,25,Silver,Technical,Email,Seoul,94232,22,4,120,3.2,0,4.1,Medium
TK-261361,2026-03-08 13:00:00,45,Silver,Technical,Chat,Seoul,91189,19,0,122,2.2,0,4.6,High
TK-261362,2025-03-04 08:00:00,32,Silver,Technical,Phone,Seoul,62273,50,5,80,4.5,1,8.5,Low
TK-261363,2025-06-30 05:00:00,51,Basic,Account,Phone,Busan,30842,59,0,63,3.1,0,2.3,High
TK-261364,2026-07-17 11:00:00,75,Silver,Cancellation,Phone,Incheon,87203,76,3,86,2.5,0,4.1,Medium
TK-261365,2026-04-22 01:00:00,49,Basic,Delivery,Email,Incheon,24968,39,0,75,4.0,0,2.9,Medium
TK-261366,2026-01-06 14:00:00,60,Gold,Payment,Chat,Seoul,153056,68,2,35,2.9,0,3.8,Low
TK-261367,2026-01-28 14:00:00,34,Gold,Account,Phone,Daejeon,128009,90,3,56,4.1,0,6.7,Low
TK-261368,2025-11-08 07:00:00,70,Basic,Delivery,Chat,Daejeon,,95,0,54,2.6,0,3.5,Low
TK-261369,2026-02-06 06:00:00,19,Gold,Delivery,Phone,Daegu,127810,93,4,69,3.5,0,5.0,Medium
TK-261370,2025-01-01 19:00:00,67,Silver,Technical,Email,Busan,98967,28,2,131,4.1,2,7.3,High
TK-261371,2025-10-27 07:00:00,18,Basic,Technical,Email,Seoul,41322,33,3,67,3.2,1,23.1,Medium
TK-261372,2025-09-09 09:00:00,60,Gold,Payment,Chat,Seoul,115050,96,6,61,3.8,0,2.1,Medium
TK-261373,2026-01-01 02:00:00,55,Gold,Cancellation,Phone,Seoul,134788,90,5,80,3.9,1,4.4,Medium
TK-261374,2025-10-03 17:00:00,56,Gold,Account,Chat,Daegu,149830,55,0,36,3.4,0,5.8,Medium
TK-261375,2025-04-30 08:00:00,27,Silver,Payment,Email,Seoul,90958,67,3,53,4.5,0,4.2,Medium
TK-261376,2026-02-16 23:00:00,73,Silver,Account,Phone,Daejeon,69087,76,4,75,3.0,0,8.3,Medium
TK-261377,2025-09-28 10:00:00,55,VIP,Cancellation,Chat,Incheon,196406,16,5,20,4.1,0,2.0,High
TK-261378,2026-05-15 21:00:00,47,Basic,Technical,Email,Daegu,64083,42,2,30,2.9,0,2.4,Low
TK-261379,2025-03-12 13:00:00,34,Silver,Delivery,Phone,Incheon,69860,33,1,30,4.9,0,1.4,Low
TK-261380,2025-02-19 15:00:00,64,Basic,Cancellation,Phone,Daejeon,41868,33,3,116,4.1,0,10.6,Medium
TK-261381,2025-06-18 21:00:00,74,Gold,Delivery,Chat,Seoul,125157,68,7,61,4.5,0,2.1,Low
TK-261382,2026-02-15 19:00:00,31,Basic,Account,Email,Daegu,28467,90,0,69,3.4,0,9.9,Medium
TK-261383,2026-06-24 17:00:00,27,Basic,Delivery,Phone,Seoul,35542,22,4,47,4.4,0,6.1,Medium
TK-261384,2025-12-13 17:00:00,19,Basic,Technical,Chat,Daejeon,35019,35,3,24,2.7,0,9.5,Low
TK-261385,2025-04-01 06:00:00,27,Basic,Technical,Email,Seoul,54443,59,7,57,2.5,0,5.3,Medium
TK-261386,2025-02-03 16:00:00,66,Basic,Delivery,App,Incheon,48904,92,3,79,4.3,0,6.3,Medium
TK-261387,2025-04-23 13:00:00,55,Basic,Payment,Chat,Seoul,70474,49,6,29,1.6,0,2.8,Low
TK-261388,2025-01-24 13:00:00,22,Basic,Technical,Phone,Seoul,63155,63,1,75,3.3,2,3.1,Medium
TK-261389,2026-05-04 05:00:00,69,Basic,Account,Phone,Seoul,65214,60,0,86,4.8,2,3.7,Low
TK-261390,2025-03-03 20:00:00,59,Basic,Account,Chat,Daegu,36105,80,8,2,4.6,0,1.8,Medium
TK-261391,2026-05-31 17:00:00,67,Silver,Cancellation,Chat,Daejeon,57798,11,0,40,4.4,0,7.7,Medium
TK-261392,2025-03-06 23:00:00,23,Gold,Delivery,Phone,Busan,133095,22,5,24,3.1,2,5.1,Medium
TK-261393,2026-02-03 20:00:00,64,Silver,Payment,Chat,Seoul,64921,85,3,75,3.2,0,4.2,Medium
TK-261394,2025-05-31 16:00:00,49,Gold,Delivery,Email,Daejeon,122874,8,6,58,2.7,2,10.2,Medium
TK-261395,2026-04-06 03:00:00,55,Silver,Delivery,Email,Daegu,98156,11,4,69,3.4,1,5.0,Low
TK-261396,2025-08-09 23:00:00,63,Gold,Cancellation,Phone,Daegu,153349,31,2,26,2.1,1,4.9,Medium
TK-261397,2026-03-17 06:00:00,63,Basic,Technical,Chat,Busan,33763,70,6,68,4.2,1,6.3,Medium
TK-261398,2025-05-10 15:00:00,50,Basic,Cancellation,Email,Incheon,52498,48,6,93,2.4,1,8.0,Low
TK-261399,2025-03-03 19:00:00,41,Gold,Delivery,Chat,Incheon,159408,63,0,90,4.2,0,2.0,Low
TK-261400,2026-01-20 09:00:00,38,Silver,Technical,Email,Daegu,102704,91,1,85,3.8,1,5.5,Low
TK-261401,2025-01-07 17:00:00,38,VIP,Cancellation,App,Seoul,240133,52,4,34,1.9,0,4.6,High
TK-261402,2025-02-09 20:00:00,73,Gold,Technical,Chat,Incheon,150667,76,9,26,3.1,0,2.5,Medium
TK-261403,2026-01-11 20:00:00,76,Gold,Cancellation,Email,Seoul,111013,59,5,94,2.7,0,9.0,Medium
TK-261404,2026-04-05 01:00:00,46,Gold,Delivery,Chat,Busan,116744,40,8,36,4.3,0,4.9,Medium
TK-261405,2025-07-31 00:00:00,68,Basic,Cancellation,Chat,Incheon,34382,44,4,39,4.1,0,5.5,Medium
TK-261406,2025-04-16 07:00:00,55,VIP,Cancellation,Chat,Seoul,240996,60,5,101,4.1,0,5.3,High
TK-261407,2025-07-09 10:00:00,42,Silver,Payment,Phone,Busan,86187,62,5,60,3.3,0,2.0,Medium
TK-261408,2025-04-26 04:00:00,73,Gold,Delivery,Email,Busan,156081,25,7,44,3.4,0,8.3,Medium
TK-261409,2025-05-21 03:00:00,50,Basic,Technical,Phone,Seoul,64947,55,2,101,4.1,0,6.2,Low
TK-261410,2026-06-01 11:00:00,55,Basic,Technical,Phone,Incheon,55811,80,1,126,2.7,0,7.2,Medium
TK-261411,2026-03-03 17:00:00,27,Basic,Delivery,App,Busan,20368,27,3,22,4.8,1,1.7,Medium
TK-261412,2026-07-17 07:00:00,45,Basic,Cancellation,Chat,Busan,31122,9,6,62,3.2,2,4.5,High
TK-261413,2026-05-23 19:00:00,37,Gold,Delivery,Chat,Seoul,150775,84,4,57,3.6,0,5.1,Medium
TK-261414,2026-03-19 07:00:00,39,Silver,Delivery,Chat,Seoul,91428,59,6,53,1.9,0,4.1,Medium
TK-261415,2025-12-28 14:00:00,31,Basic,Delivery,Phone,Incheon,34027,32,5,34,3.4,0,9.0,Medium
TK-261416,2025-01-03 15:00:00,46,Basic,Payment,Phone,Seoul,,33,3,38,2.8,1,1.3,High
TK-261417,2025-08-30 15:00:00,65,Silver,Payment,Chat,Seoul,91944,59,0,64,3.6,0,2.9,Medium
TK-261418,2025-03-21 14:00:00,55,Basic,Payment,Phone,Busan,28281,19,5,43,3.8,0,6.3,Medium
TK-261419,2025-01-19 10:00:00,38,Basic,Delivery,Email,Busan,55501,55,5,15,4.2,1,8.4,Medium
TK-261420,2025-11-19 21:00:00,29,Silver,Technical,Phone,Incheon,85310,84,1,68,3.4,1,3.5,Low
TK-261421,2025-08-04 03:00:00,70,Gold,Technical,Phone,Busan,156050,65,4,91,3.2,2,1.9,High
TK-261422,2026-01-15 06:00:00,51,Silver,Payment,Chat,Incheon,55648,11,6,4,2.3,1,6.8,Medium
TK-261423,2025-05-23 01:00:00,49,Basic,Technical,Email,Daejeon,37312,62,0,68,4.1,0,4.1,Medium
TK-261424,2025-12-30 04:00:00,57,Basic,Payment,Phone,Seoul,71638,3,4,53,4.2,0,8.5,Medium
TK-261425,2025-03-20 01:00:00,33,Basic,Cancellation,Chat,Seoul,62489,33,2,21,3.9,3,3.1,Medium
TK-261426,2026-04-17 23:00:00,48,Basic,Delivery,App,Busan,58125,54,0,47,4.2,0,2.0,Medium
TK-261427,2025-05-04 13:00:00,30,Silver,Payment,App,Busan,84713,94,5,52,3.5,0,3.6,Medium
TK-261428,2026-01-28 11:00:00,40,Basic,Technical,App,Seoul,64337,95,1,88,2.6,1,6.1,Low
TK-261429,2025-02-15 19:00:00,26,Gold,Technical,Email,Busan,154268,52,0,104,2.0,0,4.9,Medium
TK-261430,2026-02-02 17:00:00,44,VIP,Delivery,Chat,Seoul,226060,48,0,38,3.6,0,8.4,Medium
TK-261431,2026-05-10 01:00:00,36,Basic,Technical,Chat,Busan,27364,44,0,69,4.5,2,16.2,High
TK-261432,2026-01-13 00:00:00,22,Basic,Account,App,Seoul,47227,93,0,66,3.9,0,5.6,Low
TK-261433,2026-01-03 11:00:00,71,Silver,Delivery,Email,Busan,89707,3,7,37,2.5,0,5.8,High
TK-261434,2025-01-08 19:00:00,67,Gold,Account,Chat,Daegu,126608,74,0,43,3.1,0,5.1,High
TK-261435,2025-12-10 19:00:00,65,Silver,Payment,App,Busan,65499,35,0,85,,0,16.2,High
TK-261436,2026-05-22 22:00:00,69,Gold,Technical,Email,Daegu,115063,72,7,71,4.1,1,7.3,Medium
TK-261437,2025-08-25 12:00:00,42,Gold,Payment,Email,Busan,138786,26,4,38,4.5,0,4.7,Low
TK-261438,2025-05-12 08:00:00,52,Gold,Payment,Chat,Busan,136159,5,0,43,4.9,4,13.5,Medium
TK-261439,2025-08-18 10:00:00,42,Silver,Technical,Phone,Seoul,97474,68,8,54,3.8,3,8.2,High
TK-261440,2025-02-09 16:00:00,47,Basic,Cancellation,Phone,Seoul,28434,64,1,68,4.6,0,8.9,Medium
TK-261441,2025-04-18 22:00:00,72,Silver,Delivery,Chat,Seoul,105573,68,7,51,2.6,2,1.9,Low
TK-261442,2026-03-04 17:00:00,42,Silver,Account,Phone,Busan,105538,46,5,35,4.4,1,3.3,Medium
TK-261443,2025-06-01 03:00:00,66,Silver,Payment,Chat,Seoul,57946,10,3,53,4.9,1,2.0,Medium
TK-261444,2025-04-06 17:00:00,34,Gold,Payment,Chat,Seoul,131958,7,11,60,3.1,1,7.8,Low
TK-261445,2026-01-06 11:00:00,25,VIP,Account,Phone,Daegu,210974,40,0,9,2.3,0,0.9,Medium
TK-261446,2026-05-30 07:00:00,26,Basic,Cancellation,Chat,Incheon,68655,49,5,61,3.2,1,6.6,Medium
TK-261447,2025-04-19 07:00:00,74,Basic,Delivery,Phone,Daegu,71443,71,8,20,4.1,0,1.9,High
TK-261448,2025-12-16 02:00:00,67,VIP,Technical,Phone,Incheon,225668,72,4,130,4.1,1,12.1,Medium
TK-261449,2026-04-08 19:00:00,57,Basic,Technical,Phone,Busan,62775,14,4,87,3.9,0,7.7,Medium
TK-261450,2025-03-06 15:00:00,58,Silver,Delivery,Chat,Seoul,102511,49,2,88,4.1,0,5.3,Low
TK-261451,2025-08-23 15:00:00,20,Basic,Cancellation,Email,Busan,40996,47,2,52,4.0,1,6.1,High
TK-261452,2025-08-14 05:00:00,50,Basic,Technical,Chat,Daegu,58373,14,3,82,4.1,0,14.1,Medium
TK-261453,2025-07-15 21:00:00,41,Basic,Payment,Email,Seoul,63722,8,8,115,4.0,1,10.1,Medium
TK-261454,2025-08-21 22:00:00,54,Gold,Delivery,Email,Busan,138795,82,0,43,3.7,1,6.9,Medium
TK-261455,2026-05-04 16:00:00,52,Silver,Account,Chat,Busan,82027,69,0,56,5.0,0,2.8,Medium
TK-261456,2025-05-28 02:00:00,58,Basic,Delivery,Phone,Busan,30909,20,6,82,4.1,0,2.4,Medium
TK-261457,2025-12-17 22:00:00,65,Silver,Technical,Phone,Daegu,97179,8,0,117,4.6,1,8.8,Medium
TK-261458,2025-11-21 02:00:00,39,Basic,Payment,Email,Daegu,68031,31,5,39,3.5,1,9.4,Medium
TK-261459,2025-04-22 15:00:00,36,Basic,Cancellation,Email,Seoul,21638,67,1,144,2.7,3,3.9,High
TK-261460,2025-03-24 12:00:00,53,Gold,Payment,Chat,Busan,120593,30,2,65,3.7,0,9.6,Low
TK-261461,2025-01-22 20:00:00,62,VIP,Delivery,Phone,Seoul,201231,23,0,69,3.9,2,5.1,Low
TK-261462,2026-03-22 20:00:00,61,Silver,Payment,Chat,Daejeon,103262,70,2,17,3.2,0,2.1,Medium
TK-261463,2025-11-19 20:00:00,66,Gold,Cancellation,App,Busan,146752,21,5,75,2.8,0,4.1,High
TK-261464,2025-02-01 19:00:00,18,Basic,Technical,Email,Busan,24185,43,0,132,3.6,0,4.0,Medium
TK-261465,2025-06-16 05:00:00,60,Gold,Cancellation,Chat,Incheon,142104,15,6,54,2.7,2,3.1,Medium
TK-261466,2026-02-13 03:00:00,68,Silver,Technical,Phone,Busan,94598,86,6,59,4.0,0,6.2,Medium
TK-261467,2026-02-05 01:00:00,25,Silver,Cancellation,App,Incheon,66650,95,0,97,3.5,0,9.7,Low
TK-261468,2025-10-26 04:00:00,21,VIP,Delivery,Phone,Seoul,215931,78,6,18,3.1,0,5.5,Medium
TK-261469,2025-01-07 20:00:00,44,Gold,Technical,Chat,Daegu,119393,26,8,96,3.3,0,2.5,Medium
TK-261470,2025-07-25 17:00:00,47,Basic,Cancellation,Email,Incheon,41203,27,3,88,4.3,2,2.8,Medium
TK-261471,2025-02-24 05:00:00,28,Silver,Delivery,Chat,Seoul,85417,16,8,2,3.6,0,4.0,Medium
TK-261472,2025-05-04 20:00:00,41,Gold,Delivery,Email,Seoul,120484,67,3,70,4.2,1,4.0,Medium
TK-261473,2025-05-27 15:00:00,67,Basic,Payment,Phone,Daegu,55750,60,4,25,3.4,1,0.8,Medium
TK-261474,2025-08-10 03:00:00,33,Gold,Account,Phone,Seoul,135864,40,1,76,3.8,0,11.3,Medium
TK-261475,2025-04-06 16:00:00,33,Silver,Cancellation,Email,Seoul,61378,36,6,79,2.8,0,10.1,Medium
TK-261476,2025-12-20 11:00:00,18,Basic,Payment,Email,Incheon,47160,57,3,119,3.3,0,7.4,Low
TK-261477,2025-12-12 13:00:00,48,Silver,Technical,Chat,Seoul,72504,38,8,55,3.5,2,3.5,High
TK-261478,2025-02-09 17:00:00,39,Silver,Payment,,Daegu,102212,77,3,76,3.0,0,5.8,Low
TK-261479,2026-05-01 13:00:00,48,Basic,Delivery,Email,Seoul,,44,3,48,2.3,0,3.1,Low
TK-261480,2026-03-26 04:00:00,76,Gold,Delivery,Email,Incheon,140450,40,3,76,2.9,0,5.2,Medium
TK-261481,2025-11-17 01:00:00,55,Basic,Technical,Chat,Busan,45041,23,1,118,3.1,0,7.4,Low
TK-261482,2026-07-01 08:00:00,52,Silver,Payment,Phone,Incheon,89505,79,3,27,2.4,2,4.0,Medium
TK-261483,2026-02-11 12:00:00,26,Silver,Payment,Phone,Daegu,79727,2,6,51,4.0,1,2.4,Medium
TK-261484,2026-01-06 21:00:00,33,Basic,Account,Chat,Seoul,57867,91,1,49,2.7,2,7.3,Low
TK-261485,2025-11-01 19:00:00,52,Gold,Technical,Email,Incheon,122665,76,3,33,3.7,0,5.4,Medium
TK-261486,2026-02-26 02:00:00,38,VIP,Technical,Chat,Seoul,217710,96,0,131,4.1,0,3.7,Medium
TK-261487,2026-04-16 16:00:00,24,Silver,Payment,App,Daejeon,103066,67,3,70,3.2,1,2.9,Medium
TK-261488,2025-01-11 22:00:00,41,Silver,Delivery,App,Incheon,95127,62,9,29,3.1,0,3.5,Medium
TK-261489,2025-07-25 09:00:00,41,Gold,Account,Chat,Busan,156421,30,5,61,3.8,2,4.3,Medium
TK-261490,2026-03-04 14:00:00,42,Silver,Technical,Email,Daegu,62761,68,2,94,3.7,1,18.3,High
TK-261491,2026-05-19 09:00:00,60,Basic,Delivery,Phone,Seoul,32734,78,0,47,3.9,0,4.9,Low
TK-261492,2025-05-14 06:00:00,32,VIP,Payment,Chat,Daejeon,193466,84,4,31,4.3,1,6.4,Low
TK-261493,2026-01-10 08:00:00,19,Gold,Payment,Email,Busan,152145,25,1,50,1.8,1,8.7,Low
TK-261494,2025-02-17 10:00:00,26,Basic,Technical,Chat,Seoul,27208,37,3,75,3.6,0,4.1,Medium
TK-261495,2025-02-27 13:00:00,41,Gold,Delivery,Phone,Daejeon,121146,19,6,126,2.6,1,4.8,Medium
TK-261496,2026-06-24 17:00:00,51,Silver,Technical,App,Seoul,79933,17,8,61,4.1,2,4.0,High
TK-261497,2025-11-23 20:00:00,44,Silver,Cancellation,Chat,Incheon,62603,15,6,48,4.3,4,7.6,Medium
TK-261498,2026-01-25 13:00:00,37,Basic,Account,Email,Busan,65393,68,2,34,3.7,0,8.2,Low
TK-261499,2025-11-24 18:00:00,75,Silver,Payment,Phone,Daegu,80497,11,3,2,3.1,1,2.6,Low
